sym,verdict,reason,signals,last_candle,base,drop_peak_%,pos_in_base_%,from_low_%,name
227950.KQ,✅✅ PRIME,베이스 후반부 + 캔들신호 1종,위꼬리양봉,-,베이스(완만),87.0,16.0,49.0,엔투텍
092300.KQ,✅✅ PRIME,베이스 후반부 + 캔들신호 2종,"양봉스프링, 위꼬리양봉",위꼬리양봉,베이스(완만),65.0,30.0,49.0,현우산업
014280.KS,✅✅ PRIME,베이스 후반부 + 캔들신호 2종,"위꼬리양봉, 작은몸통양꼬리양봉",-,베이스(완만),59.0,21.0,31.0,금강공업
053700.KQ,✅✅ PRIME,베이스 후반부 + 캔들신호 1종,위꼬리양봉,위꼬리양봉,베이스(완만),54.0,16.0,30.0,삼보모터스
104480.KQ,✅✅ PRIME,베이스 후반부 + 캔들신호 2종,"작은몸통양꼬리양봉, 위꼬리양봉",위꼬리양봉,베이스(완만),77.0,34.0,49.0,티케이케미칼
263020.KQ,✅✅ PRIME,베이스 후반부 + 캔들신호 1종,작은몸통양꼬리양봉,작은몸통양꼬리양봉,베이스(완만),57.0,27.0,22.0,디케이앤디
010690.KS,✅✅ PRIME,베이스 후반부 + 캔들신호 1종,양봉스프링,도지,베이스(완만),60.0,28.0,47.0,화신
015890.KS,✅✅ PRIME,베이스 후반부 + 캔들신호 1종,양봉스프링,양봉스프링,베이스근접,58.0,27.0,13.0,태경산업
012210.KQ,✅✅ PRIME,베이스 후반부 + 캔들신호 3종,"양봉스프링, 작은몸통양꼬리양봉, 위꼬리양봉",-,베이스(완만),62.0,38.0,0.0,삼미금속
001230.KS,✅✅ PRIME,베이스 후반부 + 캔들신호 2종,"작은몸통양꼬리양봉, 위꼬리양봉",위꼬리양봉,베이스(완만),58.0,43.0,39.0,동국홀딩스
011230.KS,✅✅ PRIME,베이스 후반부 + 캔들신호 1종,작은몸통양꼬리양봉,-,베이스(완만),77.0,22.0,48.0,삼화전자
299660.KQ,✅✅ PRIME,베이스 후반부 + 캔들신호 2종,"작은몸통양꼬리양봉, 위꼬리양봉",-,베이스(완만),98.0,13.0,0.0,셀리드
092190.KQ,✅✅ PRIME,베이스 후반부 + 캔들신호 1종,양봉스프링,-,베이스(완만),62.0,38.0,0.0,서울바이오시스
037270.KS,✅✅ PRIME,베이스 후반부 + 캔들신호 1종,작은몸통양꼬리양봉,작은몸통양꼬리양봉,베이스(완만),70.0,12.0,48.0,YG PLUS
024060.KQ,✅✅ PRIME,베이스 후반부 + 캔들신호 2종,"작은몸통양꼬리양봉, 상승다람쥐",-,베이스(완만),70.0,7.0,20.0,흥구석유
347700.KQ,✅✅ PRIME,베이스 후반부 + 캔들신호 1종,작은몸통양꼬리양봉,작은몸통양꼬리양봉,베이스(완만),54.0,46.0,0.0,스피어
005860.KQ,✅✅ PRIME,베이스 후반부 + 캔들신호 2종,"양봉스프링, 작은몸통양꼬리양봉",-,베이스(완만),85.0,13.0,23.0,한일사료
071280.KQ,✅✅ PRIME,베이스 후반부 + 캔들신호 3종,"작은몸통양꼬리양봉, 상승다람쥐, 상승펀치",-,베이스(완만),68.0,11.0,37.0,로체시스템즈
328130.KQ,✅✅ PRIME,베이스 후반부 + 캔들신호 2종,"양봉스프링, 작은몸통양꼬리양봉",작은몸통양꼬리양봉,베이스(완만),83.0,7.0,26.0,루닛
007610.KS,✅✅ PRIME,베이스 후반부 + 캔들신호 1종,작은몸통양꼬리양봉,-,베이스(완만),73.0,27.0,0.0,선도전기
039860.KQ,✅✅ PRIME,베이스 후반부 + 캔들신호 1종,작은몸통양꼬리양봉,작은몸통양꼬리양봉,베이스(완만),61.0,18.0,40.0,나노엔텍
000680.KS,✅✅ PRIME,베이스 후반부 + 캔들신호 1종,작은몸통양꼬리양봉,-,베이스(완만),67.0,20.0,24.0,LS네트웍스
281740.KQ,✅✅ PRIME,베이스 후반부 + 캔들신호 2종,"양봉스프링, 작은몸통양꼬리양봉",작은몸통양꼬리양봉,베이스(완만),60.0,22.0,46.0,레이크머티리얼즈
013310.KQ,✅✅ PRIME,베이스 후반부 + 캔들신호 1종,위꼬리양봉,위꼬리양봉,베이스(완만),64.0,21.0,27.0,아진산업
035720.KS,✅✅ PRIME,베이스 후반부 + 캔들신호 1종,작은몸통양꼬리양봉,도지,베이스(완만),75.0,20.0,24.0,카카오
005010.KS,✅✅ PRIME,베이스 후반부 + 캔들신호 2종,"양봉스프링, 위꼬리양봉",-,베이스(완만),51.0,22.0,30.0,휴스틸
030530.KQ,✅✅ PRIME,베이스 후반부 + 캔들신호 1종,작은몸통양꼬리양봉,작은몸통양꼬리양봉,베이스(완만),58.0,42.0,0.0,원익홀딩스
082270.KQ,✅✅ PRIME,베이스 후반부 + 캔들신호 1종,작은몸통양꼬리양봉,-,베이스(완만),84.0,4.0,31.0,젬백스
100220.KS,✅✅ PRIME,베이스 후반부 + 캔들신호 1종,작은몸통양꼬리양봉,-,베이스(완만),56.0,31.0,32.0,비상교육
225570.KQ,✅✅ PRIME,베이스 후반부 + 캔들신호 2종,"양봉스프링, 작은몸통양꼬리양봉",-,베이스(완만),70.0,10.0,21.0,넥슨게임즈
263750.KQ,✅✅ PRIME,베이스 후반부 + 캔들신호 1종,작은몸통양꼬리양봉,-,베이스(완만),78.0,9.0,17.0,펄어비스
128660.KQ,✅✅ PRIME,베이스 후반부 + 캔들신호 1종,작은몸통양꼬리양봉,-,베이스근접,62.0,32.0,22.0,피제이메탈
352820.KS,✅✅ PRIME,베이스 후반부 + 캔들신호 1종,위꼬리양봉,위꼬리양봉,베이스(완만),57.0,9.0,14.0,하이브
192650.KS,✅✅ PRIME,베이스 후반부 + 캔들신호 1종,작은몸통양꼬리양봉,도지,베이스(완만),64.0,27.0,46.0,드림텍
348370.KQ,✅✅ PRIME,베이스 후반부 + 캔들신호 2종,"양봉스프링, 위꼬리양봉",위꼬리양봉,베이스(완만),94.0,11.0,0.0,엔켐
092220.KS,✅✅ PRIME,베이스 후반부 + 캔들신호 1종,양봉스프링,-,베이스(완만),86.0,7.0,28.0,KEC
045390.KQ,✅✅ PRIME,베이스 후반부 + 캔들신호 1종,작은몸통양꼬리양봉,작은몸통양꼬리양봉,베이스(완만),65.0,14.0,28.0,대아티아이
002140.KS,✅✅ PRIME,베이스 후반부 + 캔들신호 1종,작은몸통양꼬리양봉,작은몸통양꼬리양봉,베이스(완만),82.0,24.0,31.0,고려산업
218150.KQ,✅✅ PRIME,베이스 후반부 + 캔들신호 2종,"양봉스프링, 작은몸통양꼬리양봉",-,베이스(완만),84.0,12.0,34.0,미래생명자원
012030.KS,✅✅ PRIME,베이스 후반부 + 캔들신호 1종,작은몸통양꼬리양봉,도지,베이스(완만),52.0,29.0,37.0,DB
256840.KQ,✅✅ PRIME,베이스 후반부 + 캔들신호 1종,작은몸통양꼬리양봉,도지,베이스(완만),96.0,13.0,31.0,한국비엔씨
199820.KQ,✅✅ PRIME,베이스 후반부 + 캔들신호 2종,"양봉스프링, 작은몸통양꼬리양봉",-,베이스(완만),64.0,15.0,48.0,제일일렉트릭
016380.KS,✅✅ PRIME,베이스 후반부 + 캔들신호 1종,작은몸통양꼬리양봉,-,베이스근접,78.0,28.0,18.0,KG스틸
085660.KQ,✅✅ PRIME,베이스 후반부 + 캔들신호 1종,작은몸통양꼬리양봉,작은몸통양꼬리양봉,베이스(완만),62.0,12.0,25.0,차바이오텍
377300.KS,✅✅ PRIME,베이스 후반부 + 캔들신호 1종,위꼬리양봉,-,베이스(완만),82.0,40.0,0.0,카카오페이
025320.KQ,✅✅ PRIME,베이스 후반부 + 캔들신호 1종,위꼬리양봉,-,베이스(완만),66.0,28.0,49.0,시노펙스
136480.KQ,✅✅ PRIME,베이스 후반부 + 캔들신호 1종,작은몸통양꼬리양봉,-,베이스근접,57.0,12.0,6.0,하림
250060.KQ,✅✅ PRIME,베이스 후반부 + 캔들신호 1종,작은몸통양꼬리양봉,도지,베이스(완만),68.0,13.0,45.0,모비스
041190.KQ,✅✅ PRIME,베이스 후반부 + 캔들신호 2종,"작은몸통양꼬리양봉, 상승다람쥐",-,베이스(완만),63.0,13.0,32.0,우리기술투자
035890.KQ,✅✅ PRIME,베이스 후반부 + 캔들신호 1종,위꼬리양봉,위꼬리양봉,베이스(완만),53.0,10.0,12.0,서희건설
094480.KQ,✅✅ PRIME,베이스 후반부 + 캔들신호 1종,양봉스프링,-,베이스(완만),74.0,10.0,30.0,갤럭시아머니트리
323410.KS,✅✅ PRIME,베이스 후반부 + 캔들신호 2종,"작은몸통양꼬리양봉, 위꼬리양봉",위꼬리양봉,베이스(완만),76.0,16.0,16.0,카카오뱅크
026940.KS,✅✅ PRIME,베이스 후반부 + 캔들신호 1종,위꼬리양봉,-,베이스(완만),70.0,17.0,29.0,부국철강
090710.KQ,✅✅ PRIME,베이스 후반부 + 캔들신호 1종,작은몸통양꼬리양봉,-,베이스(완만),72.0,28.0,0.0,휴림로봇
006660.KS,✅✅ PRIME,베이스 후반부 + 캔들신호 1종,위꼬리양봉,-,베이스(완만),60.0,27.0,43.0,삼성공조
102940.KQ,✅✅ PRIME,베이스 후반부 + 캔들신호 2종,"위꼬리양봉, 작은몸통양꼬리양봉",-,베이스(완만),75.0,9.0,40.0,코오롱생명과학
290660.KQ,✅✅ PRIME,베이스 후반부 + 캔들신호 2종,"양봉스프링, 작은몸통양꼬리양봉",-,베이스(완만),78.0,22.0,48.0,다이나믹솔루션
158430.KQ,✅✅ PRIME,베이스 후반부 + 캔들신호 1종,작은몸통양꼬리양봉,-,베이스(완만),66.0,14.0,46.0,아톤
078150.KQ,✅✅ PRIME,베이스 후반부 + 캔들신호 2종,"양봉스프링, 작은몸통양꼬리양봉",도지,베이스(완만),65.0,13.0,39.0,HB테크놀러지
001250.KS,✅✅ PRIME,베이스 후반부 + 캔들신호 1종,작은몸통양꼬리양봉,작은몸통양꼬리양봉,베이스(완만),51.0,16.0,26.0,GS글로벌
025980.KQ,✅✅ PRIME,베이스 후반부 + 캔들신호 1종,작은몸통양꼬리양봉,작은몸통양꼬리양봉,베이스(완만),73.0,9.0,25.0,아난티
079650.KQ,✅✅ PRIME,베이스 후반부 + 캔들신호 1종,양봉스프링,-,베이스(완만),52.0,48.0,0.0,서산
012860.KQ,✅✅ PRIME,베이스 후반부 + 캔들신호 2종,"양봉스프링, 작은몸통양꼬리양봉",도지,베이스(완만),64.0,36.0,0.0,모베이스전자
018470.KS,✅✅ PRIME,베이스 후반부 + 캔들신호 1종,작은몸통양꼬리양봉,작은몸통양꼬리양봉,베이스(완만),75.0,14.0,23.0,조일알미늄
130660.KS,✅✅ PRIME,베이스 후반부 + 캔들신호 1종,작은몸통양꼬리양봉,-,베이스(완만),57.0,17.0,37.0,한전산업
192410.KQ,✅✅ PRIME,베이스 후반부 + 캔들신호 1종,위꼬리양봉,-,베이스(완만),92.0,46.0,0.0,오늘이엔엠
020710.KQ,✅✅ PRIME,베이스 후반부 + 캔들신호 1종,작은몸통양꼬리양봉,작은몸통양꼬리양봉,베이스(완만),68.0,34.0,0.0,시공테크
215100.KQ,✅✅ PRIME,베이스 후반부 + 캔들신호 1종,작은몸통양꼬리양봉,-,베이스(완만),71.0,11.0,43.0,로보로보
406820.KQ,✅✅ PRIME,베이스 후반부 + 캔들신호 1종,위꼬리양봉,-,베이스(완만),88.0,8.0,38.0,뷰티스킨
099430.KQ,✅✅ PRIME,베이스 후반부 + 캔들신호 1종,작은몸통양꼬리양봉,작은몸통양꼬리양봉,베이스(완만),66.0,11.0,19.0,바이오플러스
008770.KS,✅✅ PRIME,베이스 후반부 + 캔들신호 1종,작은몸통양꼬리양봉,-,베이스(완만),52.0,28.0,26.0,호텔신라
000080.KS,✅✅ PRIME,베이스 후반부 + 캔들신호 1종,양봉스프링,양봉스프링,베이스근접,59.0,24.0,15.0,하이트진로
015750.KQ,✅✅ PRIME,베이스 후반부 + 캔들신호 2종,"양봉스프링, 위꼬리양봉",-,베이스(완만),62.0,23.0,38.0,성우하이텍
046970.KQ,✅✅ PRIME,베이스 후반부 + 캔들신호 1종,작은몸통양꼬리양봉,-,베이스(완만),70.0,30.0,0.0,우리로
033320.KQ,✅✅ PRIME,베이스 후반부 + 캔들신호 2종,"작은몸통양꼬리양봉, 꼬리군",-,베이스(완만),60.0,14.0,30.0,제이씨현시스템
100090.KS,✅✅ PRIME,베이스 후반부 + 캔들신호 1종,작은몸통양꼬리양봉,도지,베이스(완만),55.0,17.0,31.0,SK오션플랜트
067170.KQ,✅✅ PRIME,베이스 후반부 + 캔들신호 2종,"위꼬리양봉, 작은몸통양꼬리양봉",도지,베이스(완만),81.0,18.0,38.0,오텍
361610.KS,✅✅ PRIME,베이스 후반부 + 캔들신호 1종,작은몸통양꼬리양봉,-,베이스(완만),93.0,14.0,31.0,SK아이이테크놀로지
018880.KS,✅✅ PRIME,베이스 후반부 + 캔들신호 1종,작은몸통양꼬리양봉,작은몸통양꼬리양봉,베이스(완만),75.0,34.0,40.0,한온시스템
065170.KQ,✅✅ PRIME,베이스 후반부 + 캔들신호 1종,작은몸통양꼬리양봉,-,베이스(완만),72.0,28.0,0.0,비엘팜텍
322310.KQ,✅✅ PRIME,베이스 후반부 + 캔들신호 1종,상승다람쥐,-,베이스(완만),69.0,12.0,46.0,오로스테크놀로지
095500.KQ,✅✅ PRIME,베이스 후반부 + 캔들신호 2종,"양봉스프링, 작은몸통양꼬리양봉",작은몸통양꼬리양봉,베이스(완만),80.0,26.0,44.0,미래나노텍
009290.KS,✅✅ PRIME,베이스 후반부 + 캔들신호 1종,작은몸통양꼬리양봉,작은몸통양꼬리양봉,베이스(완만),51.0,17.0,26.0,광동제약
365550.KS,✅✅ PRIME,베이스 후반부 + 캔들신호 1종,양봉스프링,양봉스프링,베이스근접,55.0,7.0,5.0,ESR켄달스퀘어리츠
065450.KQ,✅✅ PRIME,베이스 후반부 + 캔들신호 1종,양봉스프링,-,베이스(완만),63.0,12.0,21.0,빅텍
099410.KQ,✅✅ PRIME,베이스 후반부 + 캔들신호 2종,"작은몸통양꼬리양봉, 상승다람쥐",-,베이스(완만),53.0,22.0,47.0,동방선기
372910.KS,✅✅ PRIME,베이스 후반부 + 캔들신호 1종,작은몸통양꼬리양봉,-,베이스(완만),89.0,12.0,24.0,한컴라이프케어
138360.KQ,✅✅ PRIME,베이스 후반부 + 캔들신호 1종,작은몸통양꼬리양봉,-,베이스(완만),57.0,43.0,0.0,앤로보틱스
024840.KQ,✅✅ PRIME,베이스 후반부 + 캔들신호 1종,위꼬리양봉,-,베이스(완만),51.0,49.0,0.0,KBI메탈
017900.KS,✅✅ PRIME,베이스 후반부 + 캔들신호 2종,"위꼬리양봉, 작은몸통양꼬리양봉",-,베이스(완만),62.0,38.0,0.0,광전자
079160.KS,✅✅ PRIME,베이스 후반부 + 캔들신호 1종,위꼬리양봉,-,베이스(완만),77.0,39.0,31.0,CJ CGV
351320.KQ,✅✅ PRIME,베이스 후반부 + 캔들신호 3종,"양봉스프링, 작은몸통양꼬리양봉, 상승다람쥐",작은몸통양꼬리양봉,베이스(완만),85.0,16.0,49.0,넥사다이내믹스
118990.KQ,✅✅ PRIME,베이스 후반부 + 캔들신호 1종,양봉스프링,-,베이스(완만),78.0,18.0,35.0,모트렉스
023410.KQ,✅ PASS,캔들신호 1종 (위치=비전형),작은몸통양꼬리양봉,작은몸통양꼬리양봉,비전형,36.0,24.0,18.0,유진기업
476830.KQ,✅ PASS,캔들신호 2종 (베이스 판정불가),"작은몸통양꼬리양봉, 상승펀치",도지,데이터부족,,,,알지노믹스
0017J0.KQ,✅ PASS,캔들신호 2종 (베이스 판정불가),"양봉스프링, 작은몸통양꼬리양봉",-,데이터부족,,,,세미티에스
295310.KQ,✅ PASS,캔들신호 1종 (베이스 판정불가),작은몸통양꼬리양봉,작은몸통양꼬리양봉,데이터부족,,,,에이치브이엠
450080.KS,✅ PASS,캔들신호 3종 (베이스 판정불가),"양봉스프링, 작은몸통양꼬리양봉, 상승펀치",작은몸통양꼬리양봉,데이터부족,,,,에코프로머티
010960.KS,✅ PASS,캔들신호 2종 (위치=비전형),"작은몸통양꼬리양봉, 위꼬리양봉",-,비전형,47.0,21.0,21.0,삼호개발
279570.KS,✅ PASS,캔들신호 2종 (베이스 판정불가),"작은몸통양꼬리양봉, 위꼬리양봉",-,데이터부족,,,,케이뱅크
381620.KQ,✅ PASS,캔들신호 1종 (베이스 판정불가),작은몸통양꼬리양봉,-,데이터부족,,,,제닉스로보틱스
395400.KS,✅ PASS,캔들신호 1종 (위치=하락중),양봉스프링,-,하락중,18.0,54.0,36.0,SK리츠
376900.KQ,✅ PASS,캔들신호 1종 (베이스 판정불가),양봉스프링,-,데이터부족,,,,로킷헬스케어
030200.KS,✅ PASS,캔들신호 2종 (위치=비전형),"위꼬리양봉, 꼬리군",위꼬리양봉,비전형,23.0,49.0,41.0,KT
059210.KQ,✅ PASS,캔들신호 1종 (위치=비전형),양봉스프링,-,비전형,36.0,30.0,32.0,메타바이오메드
020120.KS,✅ PASS,캔들신호 2종 (위치=비전형),"작은몸통양꼬리양봉, 양봉스프링",양봉스프링,비전형,82.0,58.0,39.0,키다리스튜디오
387690.KQ,✅ PASS,캔들신호 1종 (베이스 판정불가),작은몸통양꼬리양봉,-,데이터부족,,,,레메디
014530.KS,✅ PASS,캔들신호 1종 (위치=비전형),위꼬리양봉,위꼬리양봉,비전형,50.0,9.0,11.0,극동유화
460940.KQ,✅ PASS,캔들신호 2종 (베이스 판정불가),"위꼬리양봉, 작은몸통양꼬리양봉",작은몸통양꼬리양봉,데이터부족,,,,피앤에스로보틱스
0156T0.KQ,✅ PASS,캔들신호 1종 (베이스 판정불가),위꼬리양봉,-,데이터부족,,,,에이치엘지노믹스
452280.KQ,✅ PASS,캔들신호 1종 (베이스 판정불가),양봉스프링,-,데이터부족,,,,한선엔지니어링
240550.KQ,✅ PASS,캔들신호 2종 (베이스 판정불가),"위꼬리양봉, 작은몸통양꼬리양봉",도지,데이터부족,,,,동방메디컬
294870.KS,✅ PASS,캔들신호 2종 (위치=비전형),"위꼬리양봉, 작은몸통양꼬리양봉",작은몸통양꼬리양봉,비전형,28.0,51.0,39.0,IPARK현대산업개발
456010.KQ,✅ PASS,캔들신호 2종 (베이스 판정불가),"양봉스프링, 작은몸통양꼬리양봉",-,데이터부족,,,,아이씨티케이
465770.KS,✅ PASS,캔들신호 1종 (베이스 판정불가),작은몸통양꼬리양봉,작은몸통양꼬리양봉,데이터부족,,,,STX그린로지스
090430.KS,✅ PASS,캔들신호 1종 (위치=비전형),작은몸통양꼬리양봉,-,비전형,41.0,56.0,44.0,아모레퍼시픽
475430.KQ,✅ PASS,캔들신호 1종 (베이스 판정불가),작은몸통양꼬리양봉,도지,데이터부족,,,,키스트론
199550.KQ,✅ PASS,캔들신호 1종 (베이스 판정불가),위꼬리양봉,-,데이터부족,,,,레이저옵텍
466100.KQ,✅ PASS,캔들신호 1종 (베이스 판정불가),작은몸통양꼬리양봉,-,데이터부족,,,,클로봇
469610.KQ,✅ PASS,캔들신호 1종 (베이스 판정불가),위꼬리양봉,-,데이터부족,,,,이노테크
013570.KS,✅ PASS,캔들신호 1종 (위치=비전형),위꼬리양봉,-,비전형,65.0,51.0,35.0,디와이
459550.KQ,✅ PASS,캔들신호 1종 (베이스 판정불가),양봉스프링,양봉스프링,데이터부족,,,,알트
014950.KQ,✅ PASS,캔들신호 2종 (베이스 판정불가),"위꼬리양봉, 작은몸통양꼬리양봉",-,데이터부족,,,,삼익제약
0015N0.KQ,✅ PASS,캔들신호 1종 (베이스 판정불가),작은몸통양꼬리양봉,-,데이터부족,,,,아로마티카
125490.KQ,✅ PASS,캔들신호 1종 (베이스 판정불가),작은몸통양꼬리양봉,-,데이터부족,,,,한라캐스트
463020.KQ,✅ PASS,캔들신호 1종 (베이스 판정불가),작은몸통양꼬리양봉,음봉스프링,데이터부족,,,,뉴엔AI
126730.KQ,✅ PASS,캔들신호 1종 (베이스 판정불가),양봉스프링,-,데이터부족,,,,코칩
457370.KQ,✅ PASS,캔들신호 1종 (베이스 판정불가),위꼬리양봉,-,데이터부족,,,,한켐
015230.KS,✅ PASS,캔들신호 1종 (위치=비전형),위꼬리양봉,위꼬리양봉,비전형,37.0,57.0,38.0,대창단조
064400.KS,✅ PASS,캔들신호 1종 (베이스 판정불가),상승다람쥐,도지,데이터부족,,,,LG씨엔에스
489790.KS,✅ PASS,캔들신호 1종 (베이스 판정불가),작은몸통양꼬리양봉,-,데이터부족,,,,한화비전
456160.KQ,✅ PASS,캔들신호 1종 (베이스 판정불가),작은몸통양꼬리양봉,도지,데이터부족,,,,지투지바이오
088980.KS,✅ PASS,캔들신호 1종 (위치=비전형),작은몸통양꼬리양봉,작은몸통양꼬리양봉,비전형,32.0,6.0,2.0,맥쿼리인프라
462350.KQ,✅ PASS,캔들신호 1종 (베이스 판정불가),작은몸통양꼬리양봉,작은몸통양꼬리양봉,데이터부족,,,,이노스페이스
007070.KS,✅ PASS,캔들신호 1종 (위치=상승이탈),작은몸통양꼬리양봉,-,상승이탈,8.0,92.0,0.0,GS리테일
000100.KS,✅ PASS,캔들신호 1종 (위치=비전형),작은몸통양꼬리양봉,작은몸통양꼬리양봉,비전형,50.0,18.0,29.0,유한양행
319400.KQ,✅ PASS,캔들신호 1종 (위치=비전형),위꼬리양봉,위꼬리양봉,비전형,44.0,56.0,0.0,현대무벡스
445090.KQ,✅ PASS,캔들신호 1종 (베이스 판정불가),양봉스프링,-,데이터부족,,,,에이직랜드
347850.KQ,✅ PASS,캔들신호 2종 (베이스 판정불가),"양봉스프링, 작은몸통양꼬리양봉",-,데이터부족,,,,디앤디파마텍
217590.KS,✅ PASS,캔들신호 2종 (베이스 판정불가),"위꼬리양봉, 작은몸통양꼬리양봉",-,데이터부족,,,,티엠씨
475580.KQ,✅ PASS,캔들신호 1종 (베이스 판정불가),작은몸통양꼬리양봉,-,데이터부족,,,,에이럭스
454910.KS,✅ PASS,캔들신호 1종 (베이스 판정불가),작은몸통양꼬리양봉,작은몸통양꼬리양봉,데이터부족,,,,두산로보틱스
460930.KQ,✅ PASS,캔들신호 2종 (베이스 판정불가),"양봉스프링, 작은몸통양꼬리양봉",-,데이터부족,,,,현대힘스
160190.KQ,✅ PASS,캔들신호 2종 (베이스 판정불가),"양봉스프링, 위꼬리양봉",-,데이터부족,,,,하이젠알앤엠
125020.KQ,✅ PASS,캔들신호 3종 (베이스 판정불가),"양봉스프링, 작은몸통양꼬리양봉, 위꼬리양봉",도지,데이터부족,,,,티씨머티리얼즈
484810.KQ,✅ PASS,캔들신호 1종 (베이스 판정불가),작은몸통양꼬리양봉,작은몸통양꼬리양봉,데이터부족,,,,티엑스알로보틱스
490470.KQ,✅ PASS,캔들신호 1종 (베이스 판정불가),작은몸통양꼬리양봉,-,데이터부족,,,,세미파이브
209640.KQ,✅ PASS,캔들신호 1종 (베이스 판정불가),작은몸통양꼬리양봉,-,데이터부족,,,,와이제이링크
153890.KQ,✅ PASS,캔들신호 1종 (베이스 판정불가),위꼬리양봉,-,데이터부족,,,,져스텍
475150.KS,✅ PASS,캔들신호 2종 (베이스 판정불가),"위꼬리양봉, 상승펀치",-,데이터부족,,,,SK이터닉스
199430.KQ,✅ PASS,캔들신호 1종 (베이스 판정불가),양봉스프링,-,데이터부족,,,,케이엔알시스템
446540.KQ,✅ PASS,캔들신호 2종 (베이스 판정불가),"양봉스프링, 위꼬리양봉",-,데이터부족,,,,메가터치
001680.KS,✅ PASS,캔들신호 1종 (위치=비전형),양봉스프링,양봉스프링,비전형,41.0,24.0,16.0,대상
459510.KQ,✅ PASS,캔들신호 2종 (베이스 판정불가),"작은몸통양꼬리양봉, 위꼬리양봉",위꼬리양봉,데이터부족,,,,나우로보틱스
004990.KS,✅ PASS,캔들신호 1종 (위치=비전형),양봉스프링,양봉스프링,비전형,42.0,23.0,23.0,롯데지주
002990.KS,✅ PASS,캔들신호 1종 (위치=비전형),양봉스프링,-,비전형,31.0,69.0,0.0,금호건설
003490.KS,✅ PASS,캔들신호 1종 (위치=비전형),위꼬리양봉,위꼬리양봉,비전형,25.0,56.0,32.0,대한항공
489460.KQ,✅ PASS,캔들신호 1종 (베이스 판정불가),작은몸통양꼬리양봉,-,데이터부족,,,,바이오비쥬
451760.KQ,✅ PASS,캔들신호 1종 (베이스 판정불가),작은몸통양꼬리양봉,-,데이터부족,,,,컨텍
029780.KS,✅ PASS,캔들신호 2종 (위치=비전형),"작은몸통양꼬리양봉, 양봉스프링",양봉스프링,비전형,30.0,34.0,27.0,삼성카드
094970.KQ,⚠ CHECK,최근 상승캔들 없음,-,-,베이스(완만),61.0,31.0,41.0,제이엠티
007340.KS,⚠ CHECK,최근 상승캔들 없음,-,-,상승이탈,4.0,96.0,0.0,DN오토모티브
083420.KS,⚠ CHECK,최근 상승캔들 없음,-,도지,베이스(완만),66.0,11.0,17.0,그린케미칼
069540.KQ,⚠ CHECK,최근 상승캔들 없음,-,도지,베이스(완만),68.0,36.0,0.0,빛과전자
101530.KS,⚠ CHECK,최근 상승캔들 없음,-,-,비전형,43.0,16.0,11.0,해태제과식품
000430.KS,⚠ CHECK,최근 상승캔들 없음,-,-,베이스(완만),51.0,31.0,30.0,대원강업
000890.KS,⚠ CHECK,최근 상승캔들 없음,-,도지,베이스(완만),74.0,8.0,21.0,보해양조
187790.KQ,⚠ CHECK,최근 상승캔들 없음,-,-,베이스(완만),57.0,43.0,0.0,나노
004060.KS,⚠ CHECK,최근 상승캔들 없음,-,-,베이스(완만),75.0,5.0,15.0,SG세계물산
468530.KQ,⚠ CHECK,최근 상승캔들 없음,-,-,데이터부족,,,,프로티나
021050.KS,⚠ CHECK,최근 상승캔들 없음,-,-,베이스(완만),65.0,20.0,25.0,서원
448900.KQ,⚠ CHECK,최근 상승캔들 없음,-,-,데이터부족,,,,한국피아이엠
012610.KS,⚠ CHECK,최근 상승캔들 없음,-,-,베이스(완만),56.0,22.0,34.0,경인양행
476060.KQ,⚠ CHECK,최근 상승캔들 없음,-,-,데이터부족,,,,온코닉테라퓨틱스
005360.KS,⚠ CHECK,최근 상승캔들 없음,-,-,베이스(완만),71.0,38.0,0.0,모나미
228670.KQ,⚠ CHECK,최근 상승캔들 없음,-,-,베이스(완만),87.0,21.0,46.0,레이
109070.KS,⚠ CHECK,최근 상승캔들 없음,-,-,비전형,40.0,60.0,0.0,주성코퍼레이션
020000.KS,⚠ CHECK,최근 상승캔들 없음,-,-,베이스(완만),64.0,18.0,20.0,한섬
002820.KS,⚠ CHECK,최근 상승캔들 없음,-,-,베이스(완만),78.0,40.0,0.0,SUN&L
381970.KS,⚠ CHECK,최근 상승캔들 없음,-,-,베이스(완만),82.0,9.0,14.0,케이카
439260.KS,⚠ CHECK,최근 상승캔들 없음,-,-,데이터부족,,,,대한조선
100250.KS,⚠ CHECK,최근 상승캔들 없음,-,-,비전형,27.0,58.0,16.0,진양홀딩스
162300.KQ,⚠ CHECK,최근 상승캔들 없음,-,음봉스프링,베이스(완만),83.0,22.0,32.0,신스틸
477850.KQ,⚠ CHECK,최근 상승캔들 없음,-,-,데이터부족,,,,마키나락스
025820.KS,⚠ CHECK,최근 상승캔들 없음,-,-,비전형,46.0,32.0,38.0,이구산업
041020.KQ,⚠ CHECK,최근 상승캔들 없음,-,도지,베이스(완만),71.0,14.0,32.0,폴라리스오피스
417200.KQ,⚠ CHECK,최근 상승캔들 없음,-,-,데이터부족,,,,LS머트리얼즈
0039P0.KQ,⚠ CHECK,최근 상승캔들 없음,-,음봉스프링,데이터부족,,,,매드업
003280.KS,⚠ CHECK,최근 상승캔들 없음,-,-,베이스(완만),77.0,9.0,21.0,흥아해운
358570.KQ,⚠ CHECK,최근 상승캔들 없음,-,-,베이스(완만),65.0,14.0,41.0,지아이이노베이션
033230.KQ,⚠ CHECK,최근 상승캔들 없음,-,-,베이스(완만),82.0,12.0,32.0,인성정보
006200.KS,⚠ CHECK,최근 상승캔들 없음,-,도지,베이스(완만),86.0,34.0,0.0,한국전자홀딩스
440110.KQ,⚠ CHECK,최근 상승캔들 없음,-,도지,비전형,49.0,51.0,0.0,파두
101400.KQ,⚠ CHECK,최근 상승캔들 없음,-,-,베이스(완만),80.0,20.0,49.0,엔시트론
123330.KQ,⚠ CHECK,최근 상승캔들 없음,-,-,비전형,38.0,62.0,0.0,제닉
255220.KQ,⚠ CHECK,최근 상승캔들 없음,-,-,베이스(완만),64.0,12.0,30.0,SG
003000.KS,⚠ CHECK,최근 상승캔들 없음,-,-,베이스(완만),79.0,18.0,38.0,부광약품
051980.KQ,⚠ CHECK,최근 상승캔들 없음,-,도지,베이스(완만),93.0,2.0,31.0,중앙첨단소재
002700.KS,⚠ CHECK,최근 상승캔들 없음,-,-,베이스근접,59.0,3.0,2.0,신일전자
034230.KS,⚠ CHECK,최근 상승캔들 없음,-,-,베이스(완만),59.0,6.0,10.0,파라다이스
112040.KQ,⚠ CHECK,최근 상승캔들 없음,-,-,베이스(완만),93.0,13.0,37.0,위메이드
037440.KQ,⚠ CHECK,최근 상승캔들 없음,-,도지,베이스(완만),72.0,25.0,36.0,희림
056090.KQ,⚠ CHECK,최근 상승캔들 없음,-,-,베이스(완만),92.0,10.0,34.0,시지메드텍
215600.KQ,⚠ CHECK,최근 상승캔들 없음,-,-,베이스(완만),86.0,11.0,22.0,신라젠
003620.KS,⚠ CHECK,최근 상승캔들 없음,-,-,베이스(완만),84.0,44.0,0.0,KG모빌리티
482630.KQ,⚠ CHECK,최근 상승캔들 없음,-,-,데이터부족,,,,삼양엔씨켐
012800.KS,⚠ CHECK,최근 상승캔들 없음,-,도지,베이스(완만),55.0,23.0,28.0,대창
032580.KQ,⚠ CHECK,최근 상승캔들 없음,-,음봉스프링,베이스(완만),59.0,41.0,0.0,피델릭스
018290.KQ,⚠ CHECK,최근 상승캔들 없음,-,-,베이스(완만),71.0,8.0,26.0,브이티
011200.KS,⚠ CHECK,최근 상승캔들 없음,-,-,비전형,52.0,53.0,36.0,HMM
035250.KS,⚠ CHECK,최근 상승캔들 없음,-,-,베이스근접,51.0,10.0,5.0,강원랜드
261780.KQ,⚠ CHECK,최근 상승캔들 없음,-,-,베이스(완만),84.0,11.0,29.0,아리바이오랩
090850.KQ,⚠ CHECK,최근 상승캔들 없음,-,-,베이스근접,59.0,19.0,10.0,현대이지웰
340570.KQ,⚠ CHECK,최근 상승캔들 없음,-,도지,비전형,25.0,50.0,50.0,티앤엘
226400.KQ,⚠ CHECK,최근 상승캔들 없음,-,-,비전형,46.0,21.0,29.0,오스테오닉
458870.KQ,⚠ CHECK,최근 상승캔들 없음,-,-,데이터부족,,,,씨어스
008350.KS,⚠ CHECK,최근 상승캔들 없음,-,-,베이스(완만),79.0,6.0,17.0,남선알미늄
094820.KQ,⚠ CHECK,최근 상승캔들 없음,-,-,비전형,58.0,52.0,0.0,일진파워
437730.KQ,⚠ CHECK,최근 상승캔들 없음,-,-,데이터부족,,,,삼현
226340.KQ,⚠ CHECK,최근 상승캔들 없음,-,-,비전형,64.0,76.0,0.0,본느
044340.KQ,⚠ CHECK,최근 상승캔들 없음,-,-,베이스(완만),80.0,19.0,36.0,위닉스
201490.KQ,⚠ CHECK,최근 상승캔들 없음,-,도지,베이스(완만),75.0,28.0,0.0,미투온
082800.KQ,⚠ CHECK,최근 상승캔들 없음,-,-,베이스(완만),77.0,9.0,45.0,비보존 제약
484590.KQ,⚠ CHECK,최근 상승캔들 없음,-,-,데이터부족,,,,삼양컴텍
047050.KS,⚠ CHECK,최근 상승캔들 없음,-,-,비전형,45.0,30.0,43.0,포스코인터내셔널
457600.KQ,⚠ CHECK,최근 상승캔들 없음,-,-,데이터부족,,,,벡트
003680.KS,⚠ CHECK,최근 상승캔들 없음,-,-,베이스(완만),66.0,34.0,0.0,한성기업
009410.KS,⚠ CHECK,최근 상승캔들 없음,-,-,베이스(완만),94.0,27.0,0.0,태영건설
000020.KS,⚠ CHECK,최근 상승캔들 없음,-,-,베이스(완만),75.0,21.0,19.0,동화약품
377190.KS,⚠ CHECK,최근 상승캔들 없음,-,-,베이스근접,60.0,15.0,14.0,디앤디플랫폼리츠
062040.KS,⚠ CHECK,최근 상승캔들 없음,-,-,데이터부족,,,,산일전기
030000.KS,⚠ CHECK,최근 상승캔들 없음,-,-,비전형,29.0,34.0,13.0,제일기획
089470.KS,⚠ CHECK,최근 상승캔들 없음,-,-,비전형,39.0,25.0,26.0,HDC현대EP
000400.KS,⚠ CHECK,최근 상승캔들 없음,-,-,베이스(완만),50.0,31.0,36.0,롯데손해보험
034220.KS,⚠ CHECK,최근 상승캔들 없음,-,-,베이스(완만),57.0,29.0,44.0,LG디스플레이
439960.KQ,⚠ CHECK,최근 상승캔들 없음,-,도지,데이터부족,,,,코스모로보틱스
022100.KS,⚠ CHECK,최근 상승캔들 없음,-,-,베이스(완만),73.0,18.0,32.0,포스코DX
138040.KS,⚠ CHECK,최근 상승캔들 없음,-,도지,비전형,22.0,48.0,35.0,메리츠금융지주
037070.KQ,⚠ CHECK,최근 상승캔들 없음,-,도지,베이스(완만),73.0,20.0,28.0,파세코
336570.KQ,⚠ CHECK,최근 상승캔들 없음,-,-,베이스(완만),65.0,15.0,38.0,원텍
123890.KS,⚠ CHECK,최근 상승캔들 없음,-,-,비전형,49.0,26.0,18.0,한국자산신탁
0004V0.KQ,⚠ CHECK,최근 상승캔들 없음,-,-,데이터부족,,,,엔비알모션
285130.KS,⚠ CHECK,최근 상승캔들 없음,-,-,베이스(완만),78.0,34.0,49.0,SK케미칼
001420.KS,⚠ CHECK,최근 상승캔들 없음,-,-,베이스(완만),69.0,44.0,0.0,태원물산
487580.KQ,⚠ CHECK,최근 상승캔들 없음,-,-,데이터부족,,,,폴레드
010780.KS,⚠ CHECK,최근 상승캔들 없음,-,-,베이스(완만),72.0,49.0,0.0,아이에스동서
388790.KQ,⚠ CHECK,최근 상승캔들 없음,-,-,베이스(완만),55.0,45.0,0.0,라이콤
013360.KS,⚠ CHECK,최근 상승캔들 없음,-,-,베이스(완만),81.0,10.0,39.0,일성건설
123040.KQ,⚠ CHECK,최근 상승캔들 없음,-,도지,베이스(완만),76.0,20.0,39.0,엠에스오토텍
005880.KS,⚠ CHECK,최근 상승캔들 없음,-,-,비전형,40.0,33.0,49.0,대한해운
365660.KQ,⚠ CHECK,최근 상승캔들 없음,-,도지,데이터부족,,,,레몬헬스케어
198440.KQ,⚠ CHECK,최근 상승캔들 없음,-,-,베이스(완만),77.0,17.0,39.0,강동씨앤엘
475040.KQ,⚠ CHECK,최근 상승캔들 없음,-,-,데이터부족,,,,스트라드비젼
304100.KQ,⛔ EXCLUDE,과상승(저점대비 +72%),-,-,과상승,71.0,15.0,72.0,솔트룩스
067290.KQ,⛔ EXCLUDE,과상승(저점대비 +81%),-,-,과상승,59.0,41.0,81.0,JW신약
148780.KQ,⛔ EXCLUDE,과상승(저점대비 +124%),-,-,과상승,78.0,16.0,124.0,비큐AI
001290.KS,⛔ EXCLUDE,과상승(저점대비 +158%),-,-,과상승,43.0,45.0,158.0,상상인증권
053260.KQ,⛔ EXCLUDE,과상승(저점대비 +53%),-,도지,과상승,59.0,45.0,53.0,금강철강
010170.KQ,⛔ EXCLUDE,과상승(저점대비 +3259%),"양봉스프링, 작은몸통양꼬리양봉",도지,과상승,58.0,42.0,3259.0,대한광통신
009830.KS,⛔ EXCLUDE,과상승(저점대비 +153%),작은몸통양꼬리양봉,-,과상승,46.0,51.0,153.0,한화솔루션
005440.KS,⛔ EXCLUDE,과상승(저점대비 +177%),상승펀치,-,과상승,40.0,49.0,177.0,현대지에프홀딩스
058730.KS,⛔ EXCLUDE,과상승(저점대비 +62%),위꼬리양봉,-,과상승,57.0,40.0,62.0,다스코
255440.KQ,⛔ EXCLUDE,과상승(저점대비 +91%),-,도지,과상승,61.0,34.0,91.0,야스
049080.KQ,⛔ EXCLUDE,과상승(저점대비 +142%),-,-,과상승,72.0,18.0,142.0,기가레인
011330.KS,⛔ EXCLUDE,과상승(저점대비 +59%),작은몸통양꼬리양봉,도지,과상승,87.0,11.0,59.0,유니켐
004310.KS,⛔ EXCLUDE,과상승(저점대비 +111%),작은몸통양꼬리양봉,-,과상승,60.0,26.0,111.0,현대약품
108860.KQ,⛔ EXCLUDE,과상승(저점대비 +62%),작은몸통양꼬리양봉,-,과상승,73.0,33.0,62.0,셀바스AI
006340.KS,⛔ EXCLUDE,과상승(저점대비 +567%),양봉스프링,-,과상승,28.0,69.0,567.0,대원전선
032640.KS,⛔ EXCLUDE,과상승(저점대비 +56%),-,-,과상승,20.0,59.0,56.0,LG유플러스
389260.KQ,⛔ EXCLUDE,과상승(저점대비 +50%),작은몸통양꼬리양봉,-,과상승,61.0,19.0,50.0,대명에너지
115450.KQ,⛔ EXCLUDE,과상승(저점대비 +80%),"작은몸통양꼬리양봉, 상승다람쥐",작은몸통양꼬리양봉,과상승,85.0,9.0,80.0,HLB테라퓨틱스
189330.KQ,⛔ EXCLUDE,과상승(저점대비 +423%),-,-,과상승,72.0,98.0,423.0,씨이랩
072950.KQ,⛔ EXCLUDE,과상승(저점대비 +219%),위꼬리양봉,-,과상승,61.0,30.0,219.0,빛샘전자
023790.KQ,⛔ EXCLUDE,과상승(저점대비 +56%),-,-,과상승,88.0,7.0,56.0,동일스틸럭스
002680.KQ,⛔ EXCLUDE,과상승(저점대비 +77%),양봉스프링,-,과상승,90.0,31.0,77.0,한탑
277880.KQ,⛔ EXCLUDE,과상승(저점대비 +55%),작은몸통양꼬리양봉,-,과상승,80.0,24.0,55.0,티에스아이
027360.KQ,⛔ EXCLUDE,과상승(저점대비 +118%),양봉스프링,-,과상승,79.0,12.0,118.0,아주IB투자
080580.KQ,⛔ EXCLUDE,과상승(저점대비 +352%),-,-,과상승,44.0,54.0,352.0,오킨스전자
036010.KQ,⛔ EXCLUDE,과상승(저점대비 +102%),"양봉스프링, 위꼬리양봉, 꼬리군",위꼬리양봉,과상승,61.0,37.0,102.0,아비코전자
097800.KQ,⛔ EXCLUDE,과상승(저점대비 +71%),"작은몸통양꼬리양봉, 양봉스프링",-,과상승,81.0,12.0,71.0,윈팩
001210.KS,⛔ EXCLUDE,과상승(저점대비 +179%),양봉스프링,음봉스프링,과상승,69.0,71.0,179.0,금호전기
009900.KS,⛔ EXCLUDE,과상승(저점대비 +51%),-,-,과상승,79.0,29.0,51.0,명신산업
007120.KS,⛔ EXCLUDE,과상승(저점대비 +64%),-,-,과상승,62.0,22.0,64.0,미래아이앤지
134580.KQ,⛔ EXCLUDE,과상승(저점대비 +134%),-,-,과상승,86.0,49.0,134.0,탑코미디어
092200.KS,⛔ EXCLUDE,과상승(저점대비 +108%),"양봉스프링, 작은몸통양꼬리양봉",-,과상승,57.0,28.0,108.0,디아이씨
066430.KQ,⛔ EXCLUDE,과상승(저점대비 +474%),-,-,과상승,51.0,44.0,474.0,아이로보틱스
396300.KQ,⛔ EXCLUDE,과상승(저점대비 +149%),작은몸통양꼬리양봉,-,과상승,58.0,53.0,149.0,세아메카닉스
049630.KQ,⛔ EXCLUDE,과상승(저점대비 +205%),양봉스프링,도지,과상승,78.0,16.0,205.0,재영솔루텍
174900.KQ,⛔ EXCLUDE,과상승(저점대비 +375%),작은몸통양꼬리양봉,작은몸통양꼬리양봉,과상승,66.0,29.0,375.0,앱클론
033640.KQ,⛔ EXCLUDE,과상승(저점대비 +206%),양봉스프링,-,과상승,56.0,35.0,206.0,네패스
008490.KS,⛔ EXCLUDE,과상승(저점대비 +108%),양봉스프링,-,과상승,55.0,63.0,108.0,서흥
091440.KQ,⛔ EXCLUDE,과상승(저점대비 +93%),-,-,과상승,79.0,29.0,93.0,한울소재과학
095340.KQ,⛔ EXCLUDE,과상승(저점대비 +277%),"작은몸통양꼬리양봉, 상승펀치",작은몸통양꼬리양봉,과상승,45.0,47.0,277.0,ISC
031330.KQ,⛔ EXCLUDE,과상승(저점대비 +296%),작은몸통양꼬리양봉,도지,과상승,50.0,42.0,296.0,에스에이엠티
002900.KS,⛔ EXCLUDE,과상승(저점대비 +154%),위꼬리양봉,-,과상승,43.0,64.0,154.0,TYM
067310.KQ,⛔ EXCLUDE,과상승(저점대비 +340%),-,-,과상승,37.0,56.0,340.0,하나마이크론
033780.KS,⛔ EXCLUDE,과상승(저점대비 +86%),-,-,과상승,9.0,83.0,86.0,KT&G
058430.KS,⛔ EXCLUDE,과상승(저점대비 +85%),위꼬리양봉,-,과상승,55.0,27.0,85.0,포스코스틸리온
129920.KQ,⛔ EXCLUDE,과상승(저점대비 +154%),-,-,과상승,57.0,35.0,154.0,대성하이텍
009190.KS,⛔ EXCLUDE,과상승(저점대비 +60%),-,음봉스프링,과상승,72.0,45.0,60.0,대양금속
004020.KS,⛔ EXCLUDE,과상승(저점대비 +50%),-,-,과상승,45.0,33.0,50.0,현대제철
204270.KQ,⛔ EXCLUDE,과상승(저점대비 +67%),"작은몸통양꼬리양봉, 양봉스프링",-,과상승,44.0,40.0,67.0,제이앤티씨
067630.KQ,⛔ EXCLUDE,과상승(저점대비 +97%),양봉스프링,-,과상승,87.0,14.0,97.0,HLB생명과학
036620.KQ,⛔ EXCLUDE,과상승(저점대비 +74%),위꼬리양봉,-,과상승,44.0,36.0,74.0,감성코퍼레이션
013990.KQ,⛔ EXCLUDE,과상승(저점대비 +60%),"양봉스프링, 작은몸통양꼬리양봉",작은몸통양꼬리양봉,과상승,47.0,30.0,60.0,아가방컴퍼니
019010.KQ,⛔ EXCLUDE,과상승(저점대비 +115%),"작은몸통양꼬리양봉, 위꼬리양봉, 양봉스프링",양봉스프링,과상승,41.0,43.0,115.0,베뉴지
119830.KQ,⛔ EXCLUDE,과상승(저점대비 +58%),양봉스프링,도지,과상승,50.0,46.0,58.0,아이텍
059120.KQ,⛔ EXCLUDE,과상승(저점대비 +191%),-,도지,과상승,48.0,42.0,191.0,아진엑스텍
013700.KS,⛔ EXCLUDE,과상승(저점대비 +76%),작은몸통양꼬리양봉,-,과상승,65.0,84.0,76.0,까뮤이앤씨
078930.KS,⛔ EXCLUDE,과상승(저점대비 +237%),위꼬리양봉,-,과상승,1.0,98.0,237.0,GS
204320.KS,⛔ EXCLUDE,과상승(저점대비 +85%),"양봉스프링, 작은몸통양꼬리양봉",작은몸통양꼬리양봉,과상승,28.0,54.0,85.0,HL만도
014910.KS,⛔ EXCLUDE,과상승(저점대비 +110%),"양봉스프링, 작은몸통양꼬리양봉",-,과상승,51.0,33.0,110.0,성문전자
007980.KS,⛔ EXCLUDE,과상승(저점대비 +53%),"위꼬리양봉, 작은몸통양꼬리양봉",작은몸통양꼬리양봉,과상승,46.0,62.0,53.0,TP
144960.KQ,⛔ EXCLUDE,과상승(저점대비 +180%),양봉스프링,-,과상승,16.0,77.0,180.0,뉴파워프라즈마
091590.KQ,⛔ EXCLUDE,과상승(저점대비 +99%),양봉스프링,-,과상승,52.0,35.0,99.0,남화토건
090360.KQ,⛔ EXCLUDE,과상승(저점대비 +380%),-,-,과상승,50.0,44.0,380.0,로보스타
147830.KQ,⛔ EXCLUDE,과상승(저점대비 +60%),-,-,과상승,53.0,25.0,60.0,제룡산업
001040.KS,⛔ EXCLUDE,과상승(저점대비 +54%),-,도지,과상승,41.0,33.0,54.0,CJ
242040.KQ,⛔ EXCLUDE,과상승(저점대비 +216%),-,-,과상승,65.0,27.0,216.0,나무에이엑스
234340.KQ,⛔ EXCLUDE,과상승(저점대비 +164%),작은몸통양꼬리양봉,작은몸통양꼬리양봉,과상승,53.0,35.0,164.0,헥토파이낸셜
007660.KS,⛔ EXCLUDE,과상승(저점대비 +368%),작은몸통양꼬리양봉,-,과상승,42.0,52.0,368.0,이수페타시스
003720.KS,⛔ EXCLUDE,과상승(저점대비 +137%),위꼬리양봉,-,과상승,48.0,38.0,137.0,삼영
077970.KS,⛔ EXCLUDE,과상승(저점대비 +87%),-,-,과상승,58.0,25.0,87.0,STX엔진
340810.KQ,⛔ EXCLUDE,과상승(저점대비 +81%),-,-,과상승,79.0,35.0,81.0,시선AI
100790.KQ,⛔ EXCLUDE,과상승(저점대비 +320%),"작은몸통양꼬리양봉, 상승펀치",도지,과상승,75.0,20.0,320.0,미래에셋벤처투자
076610.KQ,⛔ EXCLUDE,과상승(저점대비 +174%),양봉스프링,-,과상승,78.0,34.0,174.0,해성옵틱스
094170.KQ,⛔ EXCLUDE,과상승(저점대비 +124%),작은몸통양꼬리양봉,-,과상승,41.0,44.0,124.0,동운아나텍
001510.KS,⛔ EXCLUDE,과상승(저점대비 +185%),"작은몸통양꼬리양봉, 상승다람쥐",작은몸통양꼬리양봉,과상승,61.0,29.0,185.0,SK증권
187660.KQ,⛔ EXCLUDE,과상승(저점대비 +299%),위꼬리양봉,음봉스프링,과상승,79.0,16.0,299.0,페니트리움바이오
062970.KQ,⛔ EXCLUDE,과상승(저점대비 +63%),-,-,과상승,80.0,9.0,63.0,한국첨단소재
117730.KQ,⛔ EXCLUDE,과상승(저점대비 +139%),작은몸통양꼬리양봉,작은몸통양꼬리양봉,과상승,62.0,35.0,139.0,티로보틱스
445680.KQ,⛔ EXCLUDE,과상승(저점대비 +283%),양봉스프링,양봉스프링,과상승,66.0,28.0,283.0,큐리옥스바이오시스템즈
178320.KQ,⛔ EXCLUDE,과상승(저점대비 +124%),작은몸통양꼬리양봉,-,과상승,56.0,31.0,124.0,서진시스템
179900.KQ,⛔ EXCLUDE,과상승(저점대비 +65%),"작은몸통양꼬리양봉, 양봉스프링",양봉스프링,과상승,93.0,4.0,65.0,유티아이
353200.KS,⛔ EXCLUDE,과상승(저점대비 +825%),"작은몸통양꼬리양봉, 상승펀치",작은몸통양꼬리양봉,과상승,40.0,57.0,825.0,대덕전자
114190.KQ,⛔ EXCLUDE,과상승(저점대비 +71%),-,-,과상승,78.0,28.0,71.0,강원에너지
189860.KQ,⛔ EXCLUDE,과상승(저점대비 +67%),"작은몸통양꼬리양봉, 위꼬리양봉",-,과상승,73.0,22.0,67.0,서전기전
064260.KQ,⛔ EXCLUDE,과상승(저점대비 +109%),작은몸통양꼬리양봉,도지,과상승,73.0,29.0,109.0,다날
012200.KS,⛔ EXCLUDE,과상승(저점대비 +253%),작은몸통양꼬리양봉,작은몸통양꼬리양봉,과상승,68.0,25.0,253.0,계양전기
232140.KQ,⛔ EXCLUDE,과상승(저점대비 +63%),"양봉스프링, 작은몸통양꼬리양봉, 상승다람쥐",작은몸통양꼬리양봉,과상승,54.0,25.0,63.0,와이씨
059090.KQ,⛔ EXCLUDE,과상승(저점대비 +177%),-,-,과상승,34.0,56.0,177.0,미코
412350.KQ,⛔ EXCLUDE,과상승(저점대비 +192%),-,-,과상승,78.0,23.0,192.0,레이저쎌
015760.KS,⛔ EXCLUDE,과상승(저점대비 +73%),작은몸통양꼬리양봉,작은몸통양꼬리양봉,과상승,52.0,28.0,73.0,한국전력
001450.KS,⛔ EXCLUDE,과상승(저점대비 +129%),위꼬리양봉,-,과상승,1.0,98.0,129.0,현대해상
075580.KS,⛔ EXCLUDE,과상승(저점대비 +87%),작은몸통양꼬리양봉,작은몸통양꼬리양봉,과상승,56.0,27.0,87.0,세진중공업
102120.KQ,⛔ EXCLUDE,과상승(저점대비 +53%),"양봉스프링, 위꼬리양봉",도지,과상승,68.0,25.0,53.0,어보브반도체
042520.KQ,⛔ EXCLUDE,과상승(저점대비 +241%),작은몸통양꼬리양봉,-,과상승,64.0,29.0,241.0,한스바이오메드
003610.KS,⛔ EXCLUDE,과상승(저점대비 +107%),작은몸통양꼬리양봉,-,과상승,35.0,80.0,107.0,방림
085620.KS,⛔ EXCLUDE,과상승(저점대비 +391%),-,-,과상승,44.0,50.0,391.0,미래에셋생명
091580.KQ,⛔ EXCLUDE,과상승(저점대비 +181%),작은몸통양꼬리양봉,-,과상승,42.0,47.0,181.0,상신이디피
034020.KS,⛔ EXCLUDE,과상승(저점대비 +413%),작은몸통양꼬리양봉,-,과상승,41.0,54.0,413.0,두산에너빌리티
014940.KQ,⛔ EXCLUDE,과상승(저점대비 +58%),"양봉스프링, 작은몸통양꼬리양봉",도지,과상승,61.0,19.0,58.0,오리엔탈정공
001200.KS,⛔ EXCLUDE,과상승(저점대비 +116%),"양봉스프링, 작은몸통양꼬리양봉",-,과상승,35.0,50.0,116.0,유진투자증권
010140.KS,⛔ EXCLUDE,과상승(저점대비 +139%),작은몸통양꼬리양봉,도지,과상승,37.0,50.0,139.0,삼성중공업
000720.KS,⛔ EXCLUDE,과상승(저점대비 +380%),-,-,과상승,42.0,53.0,380.0,현대건설
005690.KS,⛔ EXCLUDE,과상승(저점대비 +169%),-,도지,과상승,44.0,45.0,169.0,파미셀
124500.KQ,⛔ EXCLUDE,과상승(저점대비 +522%),작은몸통양꼬리양봉,-,과상승,64.0,32.0,522.0,아이티센글로벌
005290.KQ,⛔ EXCLUDE,과상승(저점대비 +115%),위꼬리양봉,-,과상승,40.0,45.0,115.0,동진쎄미켐
001430.KS,⛔ EXCLUDE,과상승(저점대비 +205%),-,-,과상승,51.0,39.0,205.0,세아베스틸지주
093370.KS,⛔ EXCLUDE,과상승(저점대비 +226%),"작은몸통양꼬리양봉, 위꼬리양봉",위꼬리양봉,과상승,54.0,44.0,226.0,후성
073240.KS,⛔ EXCLUDE,과상승(저점대비 +100%),작은몸통양꼬리양봉,도지,과상승,8.0,85.0,100.0,금호타이어
230240.KQ,⛔ EXCLUDE,과상승(저점대비 +115%),-,-,과상승,61.0,26.0,115.0,에치에프알
112610.KS,⛔ EXCLUDE,과상승(저점대비 +56%),-,도지,과상승,48.0,34.0,56.0,씨에스윈드
175330.KS,⛔ EXCLUDE,과상승(저점대비 +99%),-,-,과상승,27.0,57.0,99.0,JB금융지주
000250.KQ,⛔ EXCLUDE,과상승(저점대비 +114%),작은몸통양꼬리양봉,-,과상승,85.0,9.0,114.0,삼천당제약
417500.KQ,⛔ EXCLUDE,과상승(저점대비 +57%),양봉스프링,-,과상승,57.0,39.0,57.0,제이아이테크
090460.KS,⛔ EXCLUDE,과상승(저점대비 +67%),-,-,과상승,58.0,23.0,67.0,비에이치
089030.KQ,⛔ EXCLUDE,과상승(저점대비 +89%),작은몸통양꼬리양봉,-,과상승,33.0,48.0,89.0,테크윙
274090.KQ,⛔ EXCLUDE,과상승(저점대비 +63%),-,-,과상승,70.0,14.0,63.0,켄코아에어로스페이스
077360.KQ,⛔ EXCLUDE,과상승(저점대비 +214%),작은몸통양꼬리양봉,-,과상승,53.0,38.0,214.0,덕산하이메탈
092790.KS,⛔ EXCLUDE,과상승(저점대비 +80%),작은몸통양꼬리양봉,-,과상승,44.0,36.0,80.0,넥스틸
036170.KQ,⛔ EXCLUDE,과상승(저점대비 +272%),작은몸통양꼬리양봉,-,과상승,73.0,22.0,272.0,에이치엠넥스
217730.KQ,⛔ EXCLUDE,과상승(저점대비 +168%),-,-,과상승,38.0,50.0,168.0,강스템바이오텍
368770.KQ,⛔ EXCLUDE,과상승(저점대비 +296%),"양봉스프링, 작은몸통양꼬리양봉",-,과상승,55.0,38.0,296.0,파이버프로
100590.KQ,⛔ EXCLUDE,과상승(저점대비 +67%),상승펀치,도지,과상승,68.0,16.0,67.0,머큐리
024110.KS,⛔ EXCLUDE,과상승(저점대비 +53%),-,-,과상승,31.0,44.0,53.0,기업은행
086790.KS,⛔ EXCLUDE,과상승(저점대비 +158%),작은몸통양꼬리양봉,작은몸통양꼬리양봉,과상승,7.0,90.0,158.0,하나금융지주
452260.KS,⛔ EXCLUDE,과상승(저점대비 +113%),"양봉스프링, 작은몸통양꼬리양봉",작은몸통양꼬리양봉,과상승,48.0,36.0,113.0,한화갤러리아
105560.KS,⛔ EXCLUDE,과상승(저점대비 +143%),작은몸통양꼬리양봉,-,과상승,13.0,79.0,143.0,KB금융
066970.KS,⛔ EXCLUDE,과상승(저점대비 +133%),-,-,과상승,69.0,35.0,133.0,엘앤에프
052020.KQ,⛔ EXCLUDE,과상승(저점대비 +135%),-,-,과상승,65.0,29.0,135.0,에스티큐브
001540.KQ,⛔ EXCLUDE,과상승(저점대비 +90%),작은몸통양꼬리양봉,-,과상승,13.0,75.0,90.0,안국약품
389500.KQ,⛔ EXCLUDE,과상승(저점대비 +223%),상승다람쥐,도지,과상승,64.0,28.0,223.0,에스비비테크
005830.KS,⛔ EXCLUDE,과상승(저점대비 +128%),위꼬리양봉,-,과상승,17.0,73.0,128.0,DB손해보험
103590.KS,⛔ EXCLUDE,과상승(저점대비 +348%),작은몸통양꼬리양봉,-,과상승,50.0,44.0,348.0,일진전기
228340.KQ,⛔ EXCLUDE,과상승(저점대비 +100%),"작은몸통양꼬리양봉, 양봉스프링, 위꼬리양봉",-,과상승,58.0,27.0,100.0,동양파일
419050.KQ,⛔ EXCLUDE,과상승(저점대비 +109%),-,-,과상승,76.0,51.0,109.0,삼기에너지솔루션즈
046120.KQ,⛔ EXCLUDE,과상승(저점대비 +180%),작은몸통양꼬리양봉,-,과상승,69.0,22.0,180.0,오르비텍
254490.KQ,⛔ EXCLUDE,과상승(저점대비 +87%),-,-,과상승,64.0,21.0,87.0,미래반도체
003010.KS,⛔ EXCLUDE,과상승(저점대비 +147%),"위꼬리양봉, 양봉스프링",양봉스프링,과상승,22.0,100.0,147.0,혜인
002220.KS,⛔ EXCLUDE,과상승(저점대비 +106%),-,-,과상승,51.0,35.0,106.0,한일철강
048770.KQ,⛔ EXCLUDE,과상승(저점대비 +106%),"양봉스프링, 작은몸통양꼬리양봉, 상승다람쥐",도지,과상승,69.0,19.0,106.0,TPC로보틱스
085910.KQ,⛔ EXCLUDE,과상승(저점대비 +538%),-,-,과상승,49.0,47.0,538.0,네오티스
042660.KS,⛔ EXCLUDE,과상승(저점대비 +267%),"양봉스프링, 작은몸통양꼬리양봉",작은몸통양꼬리양봉,과상승,38.0,54.0,267.0,한화오션
900340.KQ,⛔ EXCLUDE,과상승(저점대비 +84%),-,도지,과상승,89.0,6.0,84.0,윙입푸드
074600.KQ,⛔ EXCLUDE,과상승(저점대비 +91%),위꼬리양봉,-,과상승,36.0,46.0,91.0,원익QnC
003690.KS,⛔ EXCLUDE,과상승(저점대비 +121%),작은몸통양꼬리양봉,-,과상승,1.0,99.0,121.0,코리안리
044490.KQ,⛔ EXCLUDE,과상승(저점대비 +283%),작은몸통양꼬리양봉,-,과상승,43.0,50.0,283.0,태웅
068790.KQ,⛔ EXCLUDE,과상승(저점대비 +72%),작은몸통양꼬리양봉,-,과상승,43.0,54.0,72.0,DMS
011300.KS,⛔ EXCLUDE,과상승(저점대비 +88%),작은몸통양꼬리양봉,도지,과상승,86.0,23.0,88.0,우성머티리얼스
077500.KS,⛔ EXCLUDE,과상승(저점대비 +70%),"양봉스프링, 작은몸통양꼬리양봉",작은몸통양꼬리양봉,과상승,40.0,51.0,70.0,유니퀘스트
010820.KS,⛔ EXCLUDE,과상승(저점대비 +158%),작은몸통양꼬리양봉,-,과상승,65.0,25.0,158.0,퍼스텍
036200.KQ,⛔ EXCLUDE,과상승(저점대비 +68%),양봉스프링,-,과상승,45.0,39.0,68.0,유니셈
071970.KS,⛔ EXCLUDE,과상승(저점대비 +272%),작은몸통양꼬리양봉,-,과상승,51.0,41.0,272.0,HD현대마린엔진
317400.KS,⛔ EXCLUDE,과상승(저점대비 +236%),-,-,과상승,6.0,95.0,236.0,자이에스앤디
007810.KS,⛔ EXCLUDE,과상승(저점대비 +715%),작은몸통양꼬리양봉,-,과상승,57.0,39.0,715.0,코리아써키트
005090.KS,⛔ EXCLUDE,과상승(저점대비 +217%),"위꼬리양봉, 상승펀치",-,과상승,10.0,87.0,217.0,SGC에너지
356860.KQ,⛔ EXCLUDE,과상승(저점대비 +518%),작은몸통양꼬리양봉,-,과상승,54.0,42.0,518.0,티엘비
047040.KS,⛔ EXCLUDE,과상승(저점대비 +513%),-,-,과상승,55.0,40.0,513.0,대우건설
028050.KS,⛔ EXCLUDE,과상승(저점대비 +206%),"작은몸통양꼬리양봉, 상승다람쥐",작은몸통양꼬리양봉,과상승,26.0,66.0,206.0,삼성E&A
089860.KS,⛔ EXCLUDE,과상승(저점대비 +73%),-,-,과상승,26.0,92.0,73.0,롯데렌탈
082740.KS,⛔ EXCLUDE,과상승(저점대비 +326%),상승펀치,도지,과상승,48.0,45.0,326.0,한화엔진
290690.KQ,⛔ EXCLUDE,과상승(저점대비 +77%),작은몸통양꼬리양봉,작은몸통양꼬리양봉,과상승,90.0,20.0,77.0,아리바이오홀딩스
900290.KQ,⛔ EXCLUDE,과상승(저점대비 +83%),위꼬리양봉,도지,과상승,48.0,33.0,83.0,GRT
097230.KS,⛔ EXCLUDE,과상승(저점대비 +721%),-,-,과상승,48.0,49.0,721.0,HJ중공업
060250.KQ,⛔ EXCLUDE,과상승(저점대비 +128%),"양봉스프링, 작은몸통양꼬리양봉",-,과상승,63.0,45.0,128.0,NHN KCP
010950.KS,⛔ EXCLUDE,과상승(저점대비 +195%),작은몸통양꼬리양봉,-,과상승,17.0,77.0,195.0,S-Oil
003530.KS,⛔ EXCLUDE,과상승(저점대비 +64%),작은몸통양꼬리양봉,-,과상승,54.0,25.0,64.0,한화투자증권
119850.KQ,⛔ EXCLUDE,과상승(저점대비 +1033%),작은몸통양꼬리양봉,-,과상승,5.0,94.0,1033.0,지엔씨에너지
098460.KQ,⛔ EXCLUDE,과상승(저점대비 +325%),양봉스프링,도지,과상승,28.0,66.0,325.0,고영
307180.KQ,⛔ EXCLUDE,과상승(저점대비 +112%),"작은몸통양꼬리양봉, 상승다람쥐, 상승펀치",작은몸통양꼬리양봉,과상승,51.0,34.0,112.0,아이엘
138930.KS,⛔ EXCLUDE,과상승(저점대비 +70%),양봉스프링,양봉스프링,과상승,34.0,44.0,70.0,BNK금융지주
073010.KQ,⛔ EXCLUDE,과상승(저점대비 +54%),"양봉스프링, 작은몸통양꼬리양봉, 상승다람쥐",-,과상승,62.0,18.0,54.0,케이에스피
031980.KQ,⛔ EXCLUDE,과상승(저점대비 +301%),작은몸통양꼬리양봉,작은몸통양꼬리양봉,과상승,36.0,57.0,301.0,피에스케이홀딩스
187870.KQ,⛔ EXCLUDE,과상승(저점대비 +160%),-,도지,과상승,57.0,32.0,160.0,디바이스
200470.KQ,⛔ EXCLUDE,과상승(저점대비 +255%),작은몸통양꼬리양봉,-,과상승,54.0,38.0,255.0,에이팩트
950160.KQ,⛔ EXCLUDE,과상승(저점대비 +149%),"위꼬리양봉, 작은몸통양꼬리양봉",작은몸통양꼬리양봉,과상승,81.0,12.0,149.0,코오롱티슈진
011090.KS,⛔ EXCLUDE,과상승(저점대비 +67%),-,-,과상승,91.0,13.0,67.0,에넥스
265740.KQ,⛔ EXCLUDE,과상승(저점대비 +186%),작은몸통양꼬리양봉,-,과상승,37.0,52.0,186.0,엔에프씨
080220.KQ,⛔ EXCLUDE,과상승(저점대비 +957%),위꼬리양봉,-,과상승,41.0,57.0,957.0,제주반도체
003550.KS,⛔ EXCLUDE,과상승(저점대비 +106%),"작은몸통양꼬리양봉, 양봉스프링",-,과상승,35.0,48.0,106.0,LG
017670.KS,⛔ EXCLUDE,과상승(저점대비 +99%),양봉스프링,양봉스프링,과상승,28.0,56.0,99.0,SK텔레콤
298830.KQ,⛔ EXCLUDE,과상승(저점대비 +50%),"양봉스프링, 위꼬리양봉, 작은몸통양꼬리양봉",작은몸통양꼬리양봉,과상승,70.0,19.0,50.0,슈어소프트테크
170920.KQ,⛔ EXCLUDE,과상승(저점대비 +395%),양봉스프링,-,과상승,37.0,58.0,395.0,엘티씨
160980.KQ,⛔ EXCLUDE,과상승(저점대비 +353%),-,-,과상승,30.0,65.0,353.0,싸이맥스
306620.KQ,⛔ EXCLUDE,과상승(저점대비 +51%),위꼬리양봉,-,과상승,71.0,22.0,51.0,지아이에스
136490.KS,⛔ EXCLUDE,과상승(저점대비 +105%),작은몸통양꼬리양봉,-,과상승,37.0,53.0,105.0,선진
001820.KS,⛔ EXCLUDE,과상승(저점대비 +379%),작은몸통양꼬리양봉,-,과상승,48.0,46.0,379.0,삼화콘덴서
078350.KQ,⛔ EXCLUDE,과상승(저점대비 +218%),양봉스프링,-,과상승,47.0,44.0,218.0,한양디지텍
005950.KS,⛔ EXCLUDE,과상승(저점대비 +216%),작은몸통양꼬리양봉,작은몸통양꼬리양봉,과상승,60.0,82.0,216.0,이수화학
017960.KS,⛔ EXCLUDE,과상승(저점대비 +168%),-,-,과상승,54.0,35.0,168.0,한국카본
000270.KS,⛔ EXCLUDE,과상승(저점대비 +74%),-,-,과상승,33.0,46.0,74.0,기아
089230.KQ,⛔ EXCLUDE,과상승(저점대비 +184%),작은몸통양꼬리양봉,-,과상승,81.0,34.0,184.0,THE E&M
357880.KQ,⛔ EXCLUDE,과상승(저점대비 +56%),-,-,과상승,86.0,15.0,56.0,SKAI
096770.KS,⛔ EXCLUDE,과상승(저점대비 +59%),-,-,과상승,53.0,64.0,59.0,SK이노베이션
272210.KS,⛔ EXCLUDE,과상승(저점대비 +386%),양봉스프링,-,과상승,56.0,38.0,386.0,한화시스템
115180.KQ,⛔ EXCLUDE,과상승(저점대비 +559%),작은몸통양꼬리양봉,-,과상승,59.0,37.0,559.0,큐리언트
033790.KQ,⛔ EXCLUDE,과상승(저점대비 +87%),작은몸통양꼬리양봉,작은몸통양꼬리양봉,과상승,66.0,19.0,87.0,피노
425040.KQ,⛔ EXCLUDE,과상승(저점대비 +69%),작은몸통양꼬리양봉,-,과상승,81.0,17.0,69.0,티이엠씨
139130.KS,⛔ EXCLUDE,과상승(저점대비 +119%),"위꼬리양봉, 양봉스프링",양봉스프링,과상승,21.0,68.0,119.0,iM금융지주
122640.KQ,⛔ EXCLUDE,과상승(저점대비 +272%),-,-,과상승,35.0,58.0,272.0,예스티
016360.KS,⛔ EXCLUDE,과상승(저점대비 +124%),작은몸통양꼬리양봉,작은몸통양꼬리양봉,과상승,43.0,42.0,124.0,삼성증권
441270.KQ,⛔ EXCLUDE,과상승(저점대비 +130%),위꼬리양봉,-,과상승,38.0,48.0,130.0,파인엠텍
225190.KQ,⛔ EXCLUDE,과상승(저점대비 +136%),양봉스프링,-,과상승,66.0,23.0,136.0,LK삼양
204610.KQ,⛔ EXCLUDE,과상승(저점대비 +205%),-,-,과상승,12.0,83.0,205.0,티쓰리
323280.KQ,⛔ EXCLUDE,과상승(저점대비 +274%),"작은몸통양꼬리양봉, 상승펀치",-,과상승,43.0,50.0,274.0,태성
008830.KQ,⛔ EXCLUDE,과상승(저점대비 +55%),"작은몸통양꼬리양봉, 꼬리군",-,과상승,64.0,17.0,55.0,대동기어
327260.KQ,⛔ EXCLUDE,과상승(저점대비 +1531%),위꼬리양봉,음봉스프링,과상승,47.0,52.0,1531.0,RF머트리얼즈
267320.KQ,⛔ EXCLUDE,과상승(저점대비 +76%),"작은몸통양꼬리양봉, 위꼬리양봉, 상승펀치",작은몸통양꼬리양봉,과상승,66.0,24.0,76.0,나인테크
232680.KQ,⛔ EXCLUDE,과상승(저점대비 +84%),-,도지,과상승,57.0,26.0,84.0,라온로보틱스
028300.KQ,⛔ EXCLUDE,과상승(저점대비 +79%),작은몸통양꼬리양봉,작은몸통양꼬리양봉,과상승,67.0,26.0,79.0,HLB
043260.KQ,⛔ EXCLUDE,과상승(저점대비 +2179%),작은몸통양꼬리양봉,-,과상승,66.0,33.0,2179.0,성호전자
089970.KQ,⛔ EXCLUDE,과상승(저점대비 +1140%),-,-,과상승,44.0,54.0,1140.0,브이엠
267270.KS,⛔ EXCLUDE,과상승(저점대비 +203%),-,-,과상승,36.0,54.0,203.0,HD건설기계
007390.KQ,⛔ EXCLUDE,과상승(저점대비 +158%),위꼬리양봉,도지,과상승,41.0,47.0,158.0,네이처셀
003470.KS,⛔ EXCLUDE,과상승(저점대비 +93%),-,-,과상승,43.0,39.0,93.0,유안타증권
000990.KS,⛔ EXCLUDE,과상승(저점대비 +253%),작은몸통양꼬리양봉,-,과상승,55.0,37.0,253.0,DB하이텍
037030.KQ,⛔ EXCLUDE,과상승(저점대비 +103%),작은몸통양꼬리양봉,-,과상승,62.0,24.0,103.0,파워넷
079370.KQ,⛔ EXCLUDE,과상승(저점대비 +55%),-,-,과상승,57.0,25.0,55.0,제우스
020150.KS,⛔ EXCLUDE,과상승(저점대비 +77%),작은몸통양꼬리양봉,-,과상승,77.0,24.0,77.0,롯데에너지머티리얼즈
003160.KS,⛔ EXCLUDE,과상승(저점대비 +162%),"양봉스프링, 위꼬리양봉, 작은몸통양꼬리양봉",-,과상승,38.0,50.0,162.0,디아이
417840.KQ,⛔ EXCLUDE,과상승(저점대비 +714%),양봉스프링,도지,과상승,39.0,58.0,714.0,저스템
319660.KQ,⛔ EXCLUDE,과상승(저점대비 +762%),-,-,과상승,39.0,58.0,762.0,피에스케이
003670.KS,⛔ EXCLUDE,과상승(저점대비 +79%),상승펀치,-,과상승,75.0,37.0,79.0,포스코퓨처엠
263800.KQ,⛔ EXCLUDE,과상승(저점대비 +51%),-,-,과상승,45.0,40.0,51.0,데이타솔루션
011930.KS,⛔ EXCLUDE,과상승(저점대비 +64%),-,도지,과상승,66.0,17.0,64.0,신성이엔지
032350.KS,⛔ EXCLUDE,과상승(저점대비 +95%),작은몸통양꼬리양봉,-,과상승,50.0,32.0,95.0,롯데관광개발
092870.KQ,⛔ EXCLUDE,과상승(저점대비 +152%),작은몸통양꼬리양봉,작은몸통양꼬리양봉,과상승,49.0,38.0,152.0,엑시콘
166090.KQ,⛔ EXCLUDE,과상승(저점대비 +167%),-,-,과상승,34.0,55.0,167.0,하나머티리얼즈
272110.KQ,⛔ EXCLUDE,과상승(저점대비 +128%),"위꼬리양봉, 작은몸통양꼬리양봉",-,과상승,41.0,45.0,128.0,케이엔제이
025560.KS,⛔ EXCLUDE,과상승(저점대비 +414%),"양봉스프링, 작은몸통양꼬리양봉",-,과상승,63.0,72.0,414.0,미래산업
052900.KQ,⛔ EXCLUDE,과상승(저점대비 +57%),위꼬리양봉,도지,과상승,52.0,27.0,57.0,KX하이텍
060280.KQ,⛔ EXCLUDE,과상승(저점대비 +66%),-,-,과상승,62.0,23.0,66.0,큐렉소
047770.KQ,⛔ EXCLUDE,과상승(저점대비 +119%),작은몸통양꼬리양봉,작은몸통양꼬리양봉,과상승,55.0,31.0,119.0,코데즈컴바인
099440.KQ,⛔ EXCLUDE,과상승(저점대비 +116%),작은몸통양꼬리양봉,-,과상승,48.0,36.0,116.0,스맥
900300.KQ,⛔ EXCLUDE,과상승(저점대비 +85%),"위꼬리양봉, 양봉스프링",-,과상승,99.0,2.0,85.0,오가닉티코스메틱
041920.KQ,⛔ EXCLUDE,과상승(저점대비 +164%),-,도지,과상승,66.0,24.0,164.0,메디아나
058610.KQ,⛔ EXCLUDE,과상승(저점대비 +559%),"작은몸통양꼬리양봉, 위꼬리양봉",위꼬리양봉,과상승,28.0,68.0,559.0,에스피지
181710.KS,⛔ EXCLUDE,과상승(저점대비 +382%),-,-,과상승,2.0,98.0,382.0,NHN
161890.KS,⛔ EXCLUDE,과상승(저점대비 +176%),"작은몸통양꼬리양봉, 상승다람쥐",작은몸통양꼬리양봉,과상승,5.0,92.0,176.0,한국콜마
086390.KQ,⛔ EXCLUDE,과상승(저점대비 +76%),-,-,과상승,68.0,26.0,76.0,유니테스트
362320.KQ,⛔ EXCLUDE,과상승(저점대비 +58%),위꼬리양봉,도지,과상승,69.0,24.0,58.0,청담글로벌
159010.KQ,⛔ EXCLUDE,과상승(저점대비 +582%),상승펀치,도지,과상승,3.0,97.0,582.0,아스플로
101170.KQ,⛔ EXCLUDE,과상승(저점대비 +120%),"양봉스프링, 위꼬리양봉",위꼬리양봉,과상승,64.0,24.0,120.0,우림피티에스
289080.KQ,⛔ EXCLUDE,과상승(저점대비 +89%),위꼬리양봉,-,과상승,56.0,27.0,89.0,SV인베스트먼트
033240.KS,⛔ EXCLUDE,과상승(저점대비 +210%),-,-,과상승,49.0,42.0,210.0,자화전자
001740.KS,⛔ EXCLUDE,과상승(저점대비 +99%),작은몸통양꼬리양봉,-,과상승,53.0,30.0,99.0,SK네트웍스
009730.KQ,⛔ EXCLUDE,과상승(저점대비 +136%),-,도지,과상승,95.0,7.0,136.0,이렘
138080.KQ,⛔ EXCLUDE,과상승(저점대비 +203%),-,-,과상승,59.0,32.0,203.0,오이솔루션
052710.KQ,⛔ EXCLUDE,과상승(저점대비 +430%),양봉스프링,-,과상승,59.0,37.0,430.0,아모텍
314130.KQ,⛔ EXCLUDE,과상승(저점대비 +113%),"작은몸통양꼬리양봉, 상승다람쥐",작은몸통양꼬리양봉,과상승,84.0,31.0,113.0,지놈앤컴퍼니
047810.KS,⛔ EXCLUDE,과상승(저점대비 +198%),-,-,과상승,32.0,58.0,198.0,한국항공우주
006800.KS,⛔ EXCLUDE,과상승(저점대비 +377%),작은몸통양꼬리양봉,-,과상승,57.0,37.0,377.0,미래에셋증권
078600.KQ,⛔ EXCLUDE,과상승(저점대비 +62%),-,도지,과상승,48.0,30.0,62.0,대주전자재료
023530.KS,⛔ EXCLUDE,과상승(저점대비 +99%),양봉스프링,양봉스프링,과상승,51.0,32.0,99.0,롯데쇼핑
032820.KQ,⛔ EXCLUDE,과상승(저점대비 +722%),-,-,과상승,60.0,37.0,722.0,우리기술
051160.KQ,⛔ EXCLUDE,과상승(저점대비 +66%),작은몸통양꼬리양봉,-,과상승,64.0,65.0,66.0,지어소프트
035810.KQ,⛔ EXCLUDE,과상승(저점대비 +83%),양봉스프링,양봉스프링,과상승,51.0,30.0,83.0,이지홀딩스
120110.KS,⛔ EXCLUDE,과상승(저점대비 +115%),-,-,과상승,52.0,37.0,115.0,코오롱인더
418420.KQ,⛔ EXCLUDE,과상승(저점대비 +89%),양봉스프링,-,과상승,72.0,20.0,89.0,라온텍
006110.KS,⛔ EXCLUDE,과상승(저점대비 +201%),작은몸통양꼬리양봉,-,과상승,67.0,41.0,201.0,삼아알미늄
032500.KQ,⛔ EXCLUDE,과상승(저점대비 +161%),-,도지,과상승,68.0,32.0,161.0,케이엠더블유
397030.KQ,⛔ EXCLUDE,과상승(저점대비 +136%),작은몸통양꼬리양봉,-,과상승,63.0,25.0,136.0,에이프릴바이오
048410.KQ,⛔ EXCLUDE,과상승(저점대비 +75%),"양봉스프링, 작은몸통양꼬리양봉",-,과상승,65.0,19.0,75.0,현대바이오
203650.KQ,⛔ EXCLUDE,과상승(저점대비 +62%),작은몸통양꼬리양봉,-,과상승,55.0,24.0,62.0,드림시큐리티
064350.KS,⛔ EXCLUDE,과상승(저점대비 +237%),작은몸통양꼬리양봉,도지,과상승,48.0,43.0,237.0,현대로템
321370.KQ,⛔ EXCLUDE,과상승(저점대비 +59%),"위꼬리양봉, 작은몸통양꼬리양봉",음봉스프링,과상승,88.0,12.0,59.0,센서뷰
028670.KS,⛔ EXCLUDE,과상승(저점대비 +93%),양봉스프링,양봉스프링,과상승,31.0,77.0,93.0,팬오션
066980.KQ,⛔ EXCLUDE,과상승(저점대비 +59%),위꼬리양봉,-,과상승,72.0,38.0,59.0,한성크린텍
078020.KQ,⛔ EXCLUDE,과상승(저점대비 +105%),위꼬리양봉,위꼬리양봉,과상승,25.0,61.0,105.0,LS증권
083650.KQ,⛔ EXCLUDE,과상승(저점대비 +776%),작은몸통양꼬리양봉,-,과상승,46.0,51.0,776.0,비에이치아이
036810.KQ,⛔ EXCLUDE,과상승(저점대비 +97%),"양봉스프링, 위꼬리양봉",도지,과상승,46.0,36.0,97.0,에프에스티
098120.KQ,⛔ EXCLUDE,과상승(저점대비 +586%),"양봉스프링, 작은몸통양꼬리양봉",작은몸통양꼬리양봉,과상승,28.0,68.0,586.0,마이크로컨텍솔
035460.KQ,⛔ EXCLUDE,과상승(저점대비 +60%),위꼬리양봉,-,과상승,67.0,17.0,60.0,기산텔레콤
019210.KQ,⛔ EXCLUDE,과상승(저점대비 +278%),-,-,과상승,36.0,57.0,278.0,와이지-원
000370.KS,⛔ EXCLUDE,과상승(저점대비 +92%),양봉스프링,양봉스프링,과상승,35.0,47.0,92.0,한화손해보험
033160.KQ,⛔ EXCLUDE,과상승(저점대비 +196%),작은몸통양꼬리양봉,-,과상승,57.0,33.0,196.0,엠케이전자
061970.KQ,⛔ EXCLUDE,과상승(저점대비 +72%),-,-,과상승,67.0,47.0,72.0,LB세미콘
035610.KQ,⛔ EXCLUDE,과상승(저점대비 +60%),-,-,과상승,31.0,95.0,60.0,솔본
006910.KQ,⛔ EXCLUDE,과상승(저점대비 +277%),"작은몸통양꼬리양봉, 위꼬리양봉",-,과상승,57.0,36.0,277.0,보성파워텍
064820.KQ,⛔ EXCLUDE,과상승(저점대비 +96%),양봉스프링,-,과상승,51.0,32.0,96.0,케이프
257720.KQ,⛔ EXCLUDE,과상승(저점대비 +84%),-,-,과상승,32.0,49.0,84.0,실리콘투
078590.KQ,⛔ EXCLUDE,과상승(저점대비 +82%),꼬리군,도지,과상승,89.0,12.0,82.0,휴림에이텍
003350.KS,⛔ EXCLUDE,과상승(저점대비 +71%),상승다람쥐,도지,과상승,36.0,43.0,71.0,한국화장품제조
348340.KQ,⛔ EXCLUDE,과상승(저점대비 +106%),작은몸통양꼬리양봉,-,과상승,73.0,16.0,106.0,뉴로메카
382800.KQ,⛔ EXCLUDE,과상승(저점대비 +161%),작은몸통양꼬리양봉,작은몸통양꼬리양봉,과상승,38.0,50.0,161.0,지앤비에스 에코
105840.KS,⛔ EXCLUDE,과상승(저점대비 +156%),-,음봉스프링,과상승,54.0,34.0,156.0,우진
056080.KQ,⛔ EXCLUDE,과상승(저점대비 +178%),-,-,과상승,72.0,20.0,178.0,유진로봇
000490.KS,⛔ EXCLUDE,과상승(저점대비 +52%),위꼬리양봉,-,과상승,60.0,27.0,52.0,대동
217190.KQ,⛔ EXCLUDE,과상승(저점대비 +52%),"양봉스프링, 상승펀치",도지,과상승,50.0,36.0,52.0,제너셈
218410.KQ,⛔ EXCLUDE,과상승(저점대비 +400%),-,-,과상승,58.0,37.0,400.0,RFHIC
052460.KQ,⛔ EXCLUDE,과상승(저점대비 +308%),상승펀치,-,과상승,4.0,95.0,308.0,아이크래프트
356680.KQ,⛔ EXCLUDE,과상승(저점대비 +265%),"위꼬리양봉, 작은몸통양꼬리양봉",도지,과상승,58.0,35.0,265.0,엑스게이트
270520.KQ,⛔ EXCLUDE,과상승(저점대비 +455%),-,-,과상승,94.0,17.0,455.0,앱튼
316140.KS,⛔ EXCLUDE,과상승(저점대비 +128%),"작은몸통양꼬리양봉, 상승펀치",-,과상승,19.0,71.0,128.0,우리금융지주
393890.KQ,⛔ EXCLUDE,과상승(저점대비 +69%),"위꼬리양봉, 작은몸통양꼬리양봉",-,과상승,89.0,23.0,69.0,더블유씨피
050890.KQ,⛔ EXCLUDE,과상승(저점대비 +157%),작은몸통양꼬리양봉,-,과상승,50.0,38.0,157.0,쏠리드
004710.KS,⛔ EXCLUDE,과상승(저점대비 +136%),작은몸통양꼬리양봉,-,과상승,52.0,35.0,136.0,한솔테크닉스
439090.KQ,⛔ EXCLUDE,과상승(저점대비 +64%),-,도지,과상승,66.0,51.0,64.0,마녀공장
036540.KQ,⛔ EXCLUDE,과상승(저점대비 +137%),-,-,과상승,48.0,38.0,137.0,SFA반도체
001440.KS,⛔ EXCLUDE,과상승(저점대비 +200%),작은몸통양꼬리양봉,-,과상승,61.0,30.0,200.0,대한전선
290550.KQ,⛔ EXCLUDE,과상승(저점대비 +234%),양봉스프링,-,과상승,43.0,48.0,234.0,디케이티
204620.KQ,⛔ EXCLUDE,과상승(저점대비 +93%),-,-,과상승,33.0,50.0,93.0,글로벌텍스프리
375500.KS,⛔ EXCLUDE,과상승(저점대비 +155%),작은몸통양꼬리양봉,-,과상승,31.0,58.0,155.0,DL이앤씨
009420.KS,⛔ EXCLUDE,과상승(저점대비 +149%),위꼬리양봉,-,과상승,18.0,73.0,149.0,한올바이오파마
161390.KS,⛔ EXCLUDE,과상승(저점대비 +108%),"위꼬리양봉, 작은몸통양꼬리양봉",작은몸통양꼬리양봉,과상승,9.0,85.0,108.0,한국타이어앤테크놀로지
041960.KQ,⛔ EXCLUDE,과상승(저점대비 +146%),위꼬리양봉,위꼬리양봉,과상승,16.0,77.0,146.0,코미팜
036710.KQ,⛔ EXCLUDE,과상승(저점대비 +371%),작은몸통양꼬리양봉,-,과상승,36.0,59.0,371.0,심텍홀딩스
005940.KS,⛔ EXCLUDE,과상승(저점대비 +137%),작은몸통양꼬리양봉,-,과상승,33.0,55.0,137.0,NH투자증권
413630.KQ,⛔ EXCLUDE,과상승(저점대비 +212%),"위꼬리양봉, 작은몸통양꼬리양봉",-,과상승,39.0,51.0,212.0,씨피시스템
006360.KS,⛔ EXCLUDE,과상승(저점대비 +133%),"양봉스프링, 작은몸통양꼬리양봉",-,과상승,29.0,68.0,133.0,GS건설
048550.KQ,⛔ EXCLUDE,과상승(저점대비 +75%),작은몸통양꼬리양봉,작은몸통양꼬리양봉,과상승,79.0,48.0,75.0,SM C&C
264850.KQ,⛔ EXCLUDE,과상승(저점대비 +92%),작은몸통양꼬리양봉,작은몸통양꼬리양봉,과상승,29.0,54.0,92.0,이랜시스
336260.KS,⛔ EXCLUDE,과상승(저점대비 +203%),"위꼬리양봉, 작은몸통양꼬리양봉",-,과상승,65.0,26.0,203.0,두산퓨얼셀
025900.KQ,⛔ EXCLUDE,과상승(저점대비 +70%),-,-,과상승,84.0,30.0,70.0,동화기업
114810.KQ,⛔ EXCLUDE,과상승(저점대비 +120%),-,-,과상승,41.0,44.0,120.0,한솔아이원스
008930.KS,⛔ EXCLUDE,과상승(저점대비 +83%),상승펀치,-,과상승,43.0,64.0,83.0,한미사이언스
017510.KQ,⛔ EXCLUDE,과상승(저점대비 +105%),-,-,과상승,57.0,28.0,105.0,세명전기
194700.KQ,⛔ EXCLUDE,과상승(저점대비 +119%),-,음봉스프링,과상승,44.0,51.0,119.0,노바렉스
222040.KQ,⛔ EXCLUDE,과상승(저점대비 +233%),-,-,과상승,15.0,80.0,233.0,코스맥스엔비티
064290.KQ,⛔ EXCLUDE,과상승(저점대비 +287%),작은몸통양꼬리양봉,-,과상승,43.0,50.0,287.0,인텍플러스
252990.KQ,⛔ EXCLUDE,과상승(저점대비 +355%),"양봉스프링, 위꼬리양봉",-,과상승,6.0,92.0,355.0,샘씨엔에스
348080.KQ,⛔ EXCLUDE,과상승(저점대비 +73%),작은몸통양꼬리양봉,-,과상승,95.0,8.0,73.0,큐라티스
322000.KS,⛔ EXCLUDE,과상승(저점대비 +563%),작은몸통양꼬리양봉,-,과상승,52.0,44.0,563.0,HD현대에너지솔루션
055550.KS,⛔ EXCLUDE,과상승(저점대비 +153%),상승펀치,-,과상승,5.0,92.0,153.0,신한지주
281820.KS,⛔ EXCLUDE,과상승(저점대비 +217%),양봉스프링,-,과상승,42.0,48.0,217.0,케이씨텍
101730.KQ,⛔ EXCLUDE,과상승(저점대비 +72%),-,-,과상승,93.0,17.0,72.0,위메이드맥스
419080.KQ,⛔ EXCLUDE,과상승(저점대비 +113%),상승펀치,-,과상승,78.0,35.0,113.0,엔젯
333430.KQ,⛔ EXCLUDE,과상승(저점대비 +54%),-,-,과상승,60.0,19.0,54.0,일승
332570.KQ,⛔ EXCLUDE,과상승(저점대비 +424%),양봉스프링,-,과상승,30.0,66.0,424.0,PS일렉트로닉스
005960.KS,⛔ EXCLUDE,과상승(저점대비 +145%),양봉스프링,양봉스프링,과상승,48.0,68.0,145.0,동부건설
018000.KQ,⛔ EXCLUDE,과상승(저점대비 +95%),양봉스프링,-,과상승,69.0,34.0,95.0,유니슨
122350.KQ,⛔ EXCLUDE,과상승(저점대비 +99%),"작은몸통양꼬리양봉, 꼬리군",-,과상승,76.0,55.0,99.0,삼기
253590.KQ,⛔ EXCLUDE,과상승(저점대비 +71%),양봉스프링,-,과상승,46.0,32.0,71.0,네오셈
086820.KQ,⛔ EXCLUDE,과상승(저점대비 +60%),위꼬리양봉,위꼬리양봉,과상승,50.0,27.0,60.0,바이오솔루션
088350.KS,⛔ EXCLUDE,과상승(저점대비 +138%),"작은몸통양꼬리양봉, 양봉스프링",양봉스프링,과상승,26.0,63.0,138.0,한화생명
126640.KQ,⛔ EXCLUDE,과상승(저점대비 +320%),작은몸통양꼬리양봉,-,과상승,44.0,49.0,320.0,화신정공
372170.KQ,⛔ EXCLUDE,과상승(저점대비 +107%),양봉스프링,양봉스프링,과상승,91.0,23.0,107.0,윤성에프앤씨
004150.KS,⛔ EXCLUDE,과상승(저점대비 +71%),양봉스프링,양봉스프링,과상승,26.0,54.0,71.0,한솔홀딩스
054220.KQ,⛔ EXCLUDE,과상승(저점대비 +54%),-,-,과상승,92.0,17.0,54.0,비츠로시스
035290.KQ,⛔ EXCLUDE,과상승(저점대비 +107%),양봉스프링,-,과상승,98.0,24.0,107.0,골드앤에스
237880.KQ,⛔ EXCLUDE,과상승(저점대비 +62%),-,-,과상승,68.0,22.0,62.0,클리오
142210.KQ,⛔ EXCLUDE,과상승(저점대비 +63%),"양봉스프링, 위꼬리양봉",위꼬리양봉,과상승,26.0,53.0,63.0,유니트론텍
212560.KQ,⛔ EXCLUDE,과상승(저점대비 +181%),-,-,과상승,23.0,68.0,181.0,네오오토
214680.KQ,⛔ EXCLUDE,과상승(저점대비 +70%),양봉스프링,-,과상승,85.0,17.0,70.0,디알텍
388050.KQ,⛔ EXCLUDE,과상승(저점대비 +110%),"양봉스프링, 작은몸통양꼬리양봉",도지,과상승,48.0,41.0,110.0,지투파워
039980.KQ,⛔ EXCLUDE,과상승(저점대비 +58%),-,-,과상승,72.0,15.0,58.0,폴라리스AI
007820.KQ,⛔ EXCLUDE,과상승(저점대비 +80%),-,도지,과상승,52.0,39.0,80.0,엠엑스로보틱스
