code,name,market,ratio,last_close,day_chg_%,latest_vol,baseline_vol,trade_value_억
309930,조이웍스앤코,KOSDAQ,20.9,1103.0,29.9,1313309,62801,14.5
475400,씨메스로보틱스,KOSDAQ,18.4,18690.0,1.4,926634,50365,173.2
208710,포톤,KOSDAQ,12.6,2230.0,12.0,647373,51229,14.4
225430,케이엠제약,KOSDAQ,12.1,1800.0,2.6,494202,40888,8.9
455900,엔젤로보틱스,KOSDAQ,10.2,20150.0,5.8,513769,50342,103.5
009730,이렘,KOSDAQ,8.7,1607.0,14.5,436202,50128,7.0
039830,오로라,KOSDAQ,7.9,21950.0,-0.2,274406,34734,60.2
299660,셀리드,KOSDAQ,7.6,1707.0,1.1,5456720,716768,93.1
073240,금호타이어,KOSPI,7.4,7290.0,19.9,21147147,2845823,1541.6
079650,서산,KOSDAQ,7.0,4250.0,1.1,10381806,1492766,441.2
0039P0,매드업,KOSDAQ,6.5,6500.0,-1.5,10431348,1596558,678.0
194480,데브시스터즈,KOSDAQ,6.4,18460.0,29.5,433051,67645,79.9
028670,팬오션,KOSPI,6.3,5470.0,10.8,8308824,1324255,454.5
002990,금호건설,KOSPI,6.2,9110.0,-4.0,18139336,2940118,1652.5
213500,한솔제지,KOSPI,6.2,7300.0,1.2,308276,49370,22.5
425420,티에프이,KOSDAQ,6.1,29250.0,17.7,263110,42893,77.0
091590,남화토건,KOSDAQ,6.0,4450.0,-7.3,2104262,348844,93.6
156100,엘앤케이바이오,KOSDAQ,5.9,3055.0,9.3,910295,153923,27.8
228670,레이,KOSDAQ,5.3,5010.0,16.0,238537,45073,12.0
002350,넥센타이어,KOSPI,4.9,6180.0,1.1,242899,49654,15.0
228340,동양파일,KOSDAQ,4.7,2450.0,-7.7,1230994,259843,30.2
340810,시선AI,KOSDAQ,4.6,3185.0,7.2,2083462,450976,66.4
365660,레몬헬스케어,KOSDAQ,4.4,5350.0,0.0,11339259,2570648,606.7
052300,오션인더블유,KOSDAQ,4.2,1404.0,6.0,402129,96027,5.6
010580,에스엠벡셀,KOSPI,4.1,1462.0,4.4,421400,102745,6.2
452260,한화갤러리아,KOSPI,4.0,1865.0,11.7,3411705,843825,63.6
179530,애드바이오텍,KOSDAQ,4.0,2030.0,12.5,322984,80369,6.6
334970,프레스티지바이오로직스,KOSDAQ,4.0,1929.0,7.8,668968,166782,12.9
126730,코칩,KOSDAQ,4.0,11680.0,18.2,200395,50690,23.4
417860,오브젠,KOSDAQ,3.7,7660.0,4.9,456895,124815,35.0
094170,동운아나텍,KOSDAQ,3.6,26900.0,15.2,278299,77722,74.9
290720,푸드나무,KOSDAQ,3.6,3170.0,11.6,222123,62026,7.0
194370,제이에스코퍼레이션,KOSPI,3.5,12150.0,3.7,216415,62722,26.3
071950,코아스,KOSPI,3.5,1848.0,30.0,318561,91377,5.9
067290,JW신약,KOSDAQ,3.5,1858.0,2.6,14902915,4310712,276.9
053350,이니텍,KOSDAQ,3.3,3630.0,2.1,239238,71651,8.7
037710,광주신세계,KOSPI,3.3,37800.0,7.8,301934,91732,114.1
254490,미래반도체,KOSDAQ,3.3,13710.0,19.5,280246,84837,38.4
129920,대성하이텍,KOSDAQ,3.2,5010.0,24.6,330606,103066,16.6
111710,남화산업,KOSDAQ,3.2,2850.0,-3.1,304043,95080,8.7
333430,일승,KOSDAQ,3.2,4005.0,8.8,8906133,2762057,356.7
003550,LG,KOSPI,3.0,101100.0,4.9,592066,194554,598.6
079980,휴비스,KOSPI,2.9,1979.0,2.4,354376,123218,7.0
000990,DB하이텍,KOSPI,2.9,83100.0,16.7,849510,293766,705.9
090430,아모레퍼시픽,KOSPI,2.8,130000.0,-3.0,662975,237151,861.9
168360,펨트론,KOSDAQ,2.8,11460.0,24.3,239659,84096,27.5
008060,대덕,KOSPI,2.8,13810.0,20.2,210304,75739,29.0
082740,한화엔진,KOSPI,2.7,39050.0,-0.6,2292966,844141,895.4
009190,대양금속,KOSPI,2.7,1509.0,3.1,565879,207779,8.5
490470,세미파이브,KOSDAQ,2.7,16490.0,28.7,538669,201598,88.8
098460,고영,KOSDAQ,2.7,27250.0,20.8,3028076,1103577,825.2
044490,태웅,KOSDAQ,2.7,27450.0,29.8,254518,95987,69.9
338840,와이바이오로직스,KOSDAQ,2.7,8180.0,8.8,254300,93574,20.8
489790,한화비전,KOSPI,2.6,42000.0,20.0,561094,212926,235.7
067990,도이치모터스,KOSDAQ,2.6,3825.0,0.7,149709,57666,5.7
110990,디아이티,KOSDAQ,2.6,15100.0,18.4,176724,67683,26.7
361610,SK아이이테크놀로지,KOSPI,2.6,13260.0,1.4,342308,131957,45.4
412350,레이저쎌,KOSDAQ,2.6,3700.0,21.3,706031,267347,26.1
092870,엑시콘,KOSDAQ,2.5,13090.0,19.4,433103,176497,56.7
077500,유니퀘스트,KOSPI,2.5,4880.0,14.2,181838,71721,8.9
383310,에코프로에이치엔,KOSDAQ,2.5,23850.0,14.9,404833,161586,96.6
402490,그린리소스,KOSDAQ,2.5,6250.0,19.0,285565,113849,17.8
220260,켐트로스,KOSDAQ,2.5,3250.0,14.8,207976,81610,6.8
003160,디아이,KOSPI,2.5,20150.0,22.3,652430,265446,131.5
246710,티앤알바이오팹,KOSDAQ,2.5,3000.0,10.7,773563,311919,23.2
086820,바이오솔루션,KOSDAQ,2.5,5830.0,1.7,178279,70173,10.4
217730,강스템바이오텍,KOSDAQ,2.5,2250.0,1.1,1426005,579268,32.1
047040,대우건설,KOSPI,2.4,12780.0,14.1,9574457,4071712,1223.6
077360,덕산하이메탈,KOSDAQ,2.4,8760.0,27.0,1083628,445951,94.9
065350,신성델타테크,KOSDAQ,2.4,29000.0,16.7,271710,114002,78.8
377190,디앤디플랫폼리츠,KOSPI,2.4,1977.0,0.3,365385,150319,7.2
000720,현대건설,KOSPI,2.4,94600.0,15.8,1275483,536179,1206.6
199730,바이오인프라,KOSDAQ,2.4,1800.0,6.5,392551,161480,7.1
000370,한화손해보험,KOSPI,2.4,5660.0,0.2,826394,341855,46.8
103590,일진전기,KOSPI,2.4,52000.0,13.9,579922,244143,301.6
290650,엘앤씨바이오,KOSDAQ,2.4,51900.0,0.8,500236,212201,259.6
123330,제닉,KOSDAQ,2.4,24500.0,-4.3,404927,169742,99.2
117730,티로보틱스,KOSDAQ,2.3,12310.0,9.9,195529,86339,24.1
096770,SK이노베이션,KOSPI,2.3,110500.0,-5.2,1833201,799528,2025.7
253590,네오셈,KOSDAQ,2.3,8250.0,19.6,536824,236987,44.3
036710,심텍홀딩스,KOSDAQ,2.3,3060.0,17.0,480226,209175,14.7
103140,풍산,KOSPI,2.3,71200.0,18.9,284573,123064,202.6
059090,미코,KOSDAQ,2.3,14650.0,23.0,384869,166969,56.4
199430,케이엔알시스템,KOSDAQ,2.3,13100.0,11.5,564539,243199,74.0
314130,지놈앤컴퍼니,KOSDAQ,2.3,3280.0,9.7,618751,267352,20.3
036540,SFA반도체,KOSDAQ,2.3,4870.0,25.4,4227803,1859731,205.9
018880,한온시스템,KOSPI,2.3,3305.0,1.2,12396124,5307987,409.7
069540,빛과전자,KOSDAQ,2.2,1878.0,11.9,8355357,3874882,156.9
080220,제주반도체,KOSDAQ,2.2,65100.0,29.9,3456815,1547096,2250.4
032940,원익,KOSDAQ,2.2,5280.0,17.9,151164,67688,8.0
071970,HD현대마린엔진,KOSPI,2.2,49450.0,3.2,734155,331671,363.0
067310,하나마이크론,KOSDAQ,2.2,29700.0,20.0,2957289,1327653,878.3
019210,와이지-원,KOSDAQ,2.2,16910.0,21.3,1431025,644342,242.0
161580,필옵틱스,KOSDAQ,2.2,24000.0,19.1,232660,106268,55.8
178920,PI첨단소재,KOSPI,2.2,17820.0,7.0,164244,75768,29.3
024110,기업은행,KOSPI,2.2,20650.0,1.0,1691274,785811,349.2
058610,에스피지,KOSDAQ,2.2,94600.0,23.2,2097222,971558,1984.0
061970,LB세미콘,KOSDAQ,2.1,3200.0,7.7,528076,253066,16.9
007810,코리아써키트,KOSPI,2.1,46450.0,20.6,544933,262694,253.1
031330,에스에이엠티,KOSDAQ,2.1,9010.0,19.3,1524351,715203,137.3
235980,메드팩토,KOSDAQ,2.1,2350.0,4.9,268450,125443,6.3
102120,어보브반도체,KOSDAQ,2.1,6610.0,15.4,243761,114987,16.1
282330,BGF리테일,KOSPI,2.1,125000.0,-1.1,127636,61442,159.5
251370,와이엠티,KOSDAQ,2.1,7400.0,13.1,145907,68777,10.8
004710,한솔테크닉스,KOSPI,2.1,6990.0,23.9,1800039,846143,125.8
499790,GS피앤엘,KOSPI,2.1,35250.0,2.3,168990,79294,59.6
033160,엠케이전자,KOSDAQ,2.1,14490.0,30.0,1209024,573317,175.2
079370,제우스,KOSDAQ,2.1,8450.0,21.2,431146,201390,36.4
482630,삼양엔씨켐,KOSDAQ,2.1,12180.0,30.0,387297,183862,47.2
491000,리브스메드,KOSDAQ,2.1,37450.0,24.4,234913,111002,88.0
138930,BNK금융지주,KOSPI,2.1,15170.0,2.5,1493667,704737,226.6
396270,넥스트칩,KOSDAQ,2.1,1822.0,7.8,328225,157725,6.0
033780,KT&G,KOSPI,2.0,179100.0,-3.6,502679,254493,900.3
452190,한빛레이저,KOSDAQ,2.0,3215.0,13.4,213247,104755,6.9
008770,호텔신라,KOSPI,2.0,43550.0,1.6,462976,228737,201.6
083500,에프엔에스테크,KOSDAQ,2.0,11200.0,14.3,164698,82669,18.4
443060,HD현대마린솔루션,KOSPI,2.0,184000.0,1.8,171393,85469,315.4
322310,오로스테크놀로지,KOSDAQ,2.0,13620.0,22.2,212435,108442,28.9
232680,라온로보틱스,KOSDAQ,2.0,8520.0,13.6,412462,209452,35.1
187870,디바이스,KOSDAQ,2.0,11500.0,21.7,215690,107576,24.8
437730,삼현,KOSDAQ,2.0,37650.0,15.5,729821,357572,274.8
093370,후성,KOSPI,2.0,9000.0,29.9,6490927,3264421,584.2
052690,한전기술,KOSPI,2.0,89000.0,11.4,258312,126024,229.9
0015N0,아로마티카,KOSDAQ,2.0,5550.0,15.6,200968,102183,11.2
138080,오이솔루션,KOSDAQ,2.0,15700.0,18.0,235964,116104,37.0
424870,이뮨온시아,KOSDAQ,1.9,2700.0,10.4,453960,234866,12.3
003670,포스코퓨처엠,KOSPI,1.9,137700.0,5.8,415736,213282,572.5
192820,코스맥스,KOSPI,1.9,184700.0,-0.6,155770,81186,287.7
015860,일진홀딩스,KOSPI,1.9,5700.0,14.5,198587,105803,11.3
078890,가온그룹,KOSDAQ,1.9,3900.0,18.4,192769,104131,7.5
112040,위메이드,KOSDAQ,1.9,15990.0,12.5,262439,138185,42.0
159010,아스플로,KOSDAQ,1.9,13880.0,24.8,248591,132135,34.5
200710,에이디테크놀로지,KOSDAQ,1.9,26750.0,23.0,301603,155712,80.7
142210,유니트론텍,KOSDAQ,1.9,5300.0,16.2,259865,133510,13.8
034220,LG디스플레이,KOSPI,1.9,9210.0,7.8,8958541,4822643,825.1
005290,동진쎄미켐,KOSDAQ,1.9,39150.0,18.1,714598,381339,279.8
011230,삼화전자,KOSPI,1.9,2665.0,7.2,1496630,792402,39.9
352820,하이브,KOSPI,1.9,168800.0,3.6,487267,259290,822.5
323280,태성,KOSDAQ,1.9,31250.0,29.9,527893,281442,165.0
399720,가온칩스,KOSDAQ,1.9,48450.0,14.8,468617,242408,227.0
017900,광전자,KOSPI,1.9,5190.0,18.9,1277553,675788,66.3
079950,인베니아,KOSDAQ,1.8,1290.0,-17.8,582060,315046,7.5
306620,지아이에스,KOSDAQ,1.8,1560.0,18.4,455213,257536,7.1
048550,SM C&C,KOSDAQ,1.8,1550.0,2.0,650729,371251,10.1
100840,SNT에너지,KOSPI,1.8,24900.0,11.9,189068,103554,47.1
001440,대한전선,KOSPI,1.8,23200.0,11.5,3949682,2137304,916.3
139130,iM금융지주,KOSPI,1.8,16950.0,2.7,748031,425737,126.8
265740,엔에프씨,KOSDAQ,1.8,6030.0,12.7,193894,108051,11.7
010170,대한광통신,KOSDAQ,1.8,8530.0,19.1,9615570,5331884,820.2
320000,한울반도체,KOSDAQ,1.8,11230.0,11.6,508063,277023,57.1
031980,피에스케이홀딩스,KOSDAQ,1.8,97800.0,26.7,336089,184901,328.7
029780,삼성카드,KOSPI,1.8,47000.0,-0.7,181555,98524,85.3
002790,아모레퍼시픽홀딩스,KOSPI,1.8,25500.0,-0.4,152809,82666,39.0
007660,이수페타시스,KOSPI,1.8,74500.0,25.8,1231888,697618,917.8
126340,비나텍,KOSDAQ,1.8,56500.0,28.1,164572,93836,93.0
198440,강동씨앤엘,KOSDAQ,1.8,1099.0,-2.7,1209392,658040,13.3
100790,미래에셋벤처투자,KOSDAQ,1.8,12500.0,18.7,505820,285296,63.2
484810,티엑스알로보틱스,KOSDAQ,1.8,13430.0,13.4,1265897,703682,170.0
027360,아주IB투자,KOSDAQ,1.7,2985.0,16.6,1249006,719521,37.3
003690,코리안리,KOSPI,1.7,13770.0,2.0,384308,227543,52.9
032640,LG유플러스,KOSPI,1.7,14780.0,-3.8,1299649,759775,192.1
446540,메가터치,KOSDAQ,1.7,6610.0,24.5,309995,179467,20.5
441270,파인엠텍,KOSDAQ,1.7,7060.0,18.7,346563,199646,24.5
002070,비비안,KOSPI,1.7,5070.0,29.8,307693,178622,15.6
085910,네오티스,KOSDAQ,1.7,15850.0,21.5,181507,105884,28.8
036010,아비코전자,KOSDAQ,1.7,5380.0,20.9,207581,120299,11.2
204610,티쓰리,KOSDAQ,1.7,3045.0,4.5,210627,127412,6.4
217820,원익피앤이,KOSDAQ,1.7,1780.0,9.4,474561,279386,8.4
001820,삼화콘덴서,KOSPI,1.7,71600.0,23.9,834039,487678,597.2
003780,진양산업,KOSPI,1.7,3780.0,-0.4,286801,172492,10.8
204620,글로벌텍스프리,KOSDAQ,1.7,4740.0,13.1,990769,588106,47.0
365330,에스와이스틸텍,KOSDAQ,1.7,1289.0,9.3,623695,367877,8.0
080580,오킨스전자,KOSDAQ,1.7,10690.0,24.2,256441,154282,27.4
216080,제테마,KOSDAQ,1.7,4295.0,2.6,243209,142053,10.4
130660,한전산업,KOSPI,1.7,10310.0,12.1,192060,113327,19.8
041190,우리기술투자,KOSDAQ,1.7,4345.0,10.6,680190,406520,29.6
003620,KG모빌리티,KOSPI,1.7,2840.0,7.4,600691,363308,17.1
030000,제일기획,KOSPI,1.7,18930.0,-1.3,479802,280967,90.8
013360,일성건설,KOSPI,1.7,1345.0,3.9,828789,487824,11.1
452280,한선엔지니어링,KOSDAQ,1.7,10400.0,16.5,264239,154620,27.5
078930,GS,KOSPI,1.7,89000.0,2.9,871059,515176,775.2
001740,SK네트웍스,KOSPI,1.6,7320.0,13.5,2051095,1281213,150.1
459510,나우로보틱스,KOSDAQ,1.6,13810.0,9.0,182052,116452,25.1
032820,우리기술,KOSDAQ,1.6,9030.0,16.7,4159242,2601399,375.6
120110,코오롱인더,KOSPI,1.6,48050.0,4.3,254936,161255,122.5
160980,싸이맥스,KOSDAQ,1.6,30250.0,29.3,240822,146465,72.8
005690,파미셀,KOSPI,1.6,10130.0,15.6,804924,492425,81.5
083450,GST,KOSDAQ,1.6,42850.0,19.2,259142,159707,111.0
030530,원익홀딩스,KOSDAQ,1.6,15280.0,14.0,871949,560578,133.2
078150,HB테크놀러지,KOSDAQ,1.6,1834.0,14.6,977098,614234,17.9
105840,우진,KOSPI,1.6,13190.0,18.9,203548,127035,26.8
001360,삼성제약,KOSPI,1.6,1239.0,5.0,601372,376097,7.5
006800,미래에셋증권,KOSPI,1.6,34550.0,14.4,3037574,1859322,1049.5
001120,LX인터내셔널,KOSPI,1.6,37400.0,4.8,164913,100976,61.7
003350,한국화장품제조,KOSPI,1.6,7860.0,1.4,191862,117505,15.1
454910,두산로보틱스,KOSPI,1.6,61600.0,11.2,901054,560653,555.0
046120,오르비텍,KOSDAQ,1.6,4115.0,14.9,277201,174235,11.4
250060,모비스,KOSDAQ,1.6,2480.0,8.8,275932,174664,6.8
368770,파이버프로,KOSDAQ,1.6,11120.0,15.5,153528,93124,17.1
000890,보해양조,KOSPI,1.6,1328.0,2.3,726511,457490,9.6
394420,리센스메디컬,KOSDAQ,1.6,8970.0,9.5,157684,97775,14.1
464080,에스오에스랩,KOSDAQ,1.6,7690.0,13.3,169701,104865,13.1
089970,브이엠,KOSDAQ,1.6,65500.0,29.4,1151210,726157,754.0
232140,와이씨,KOSDAQ,1.6,8640.0,21.0,1158630,742743,100.1
033640,네패스,KOSDAQ,1.6,15160.0,26.5,227928,142555,34.6
077970,STX엔진,KOSPI,1.6,23050.0,13.8,307771,192799,70.9
035250,강원랜드,KOSPI,1.6,14700.0,1.0,507126,314147,74.5
091700,파트론,KOSDAQ,1.6,5390.0,1.9,207643,128081,11.2
225570,넥슨게임즈,KOSDAQ,1.6,9020.0,4.8,169726,107861,15.3
017800,현대엘리베이터,KOSPI,1.6,67900.0,2.1,173763,111033,118.0
0011T0,채비,KOSDAQ,1.6,4085.0,12.8,365707,223834,14.9
241520,DSC인베스트먼트,KOSDAQ,1.6,7470.0,18.6,302409,187008,22.6
064400,LG씨엔에스,KOSPI,1.5,62500.0,7.4,1385632,919127,866.0
402030,코난테크놀로지,KOSDAQ,1.5,13610.0,-1.1,153356,105413,20.9
034020,두산에너빌리티,KOSPI,1.5,67100.0,11.5,3208797,2148321,2153.1
039200,오스코텍,KOSDAQ,1.5,30050.0,5.8,169510,116854,50.9
043260,성호전자,KOSDAQ,1.5,14940.0,26.1,1620683,1070925,242.1
055550,신한지주,KOSPI,1.5,100700.0,-0.1,1708280,1108336,1720.2
382800,지앤비에스 에코,KOSDAQ,1.5,4220.0,15.9,417510,274753,17.6
074600,원익QnC,KOSDAQ,1.5,24700.0,19.6,373391,248883,92.2
330860,네패스아크,KOSDAQ,1.5,23600.0,26.5,324790,218614,76.7
003720,삼영,KOSPI,1.5,6280.0,18.5,419453,287158,26.3
007610,선도전기,KOSPI,1.5,3740.0,9.8,455324,311604,17.0
356680,엑스게이트,KOSDAQ,1.5,9820.0,18.3,845532,555069,83.0
451800,한화리츠,KOSPI,1.5,5090.0,2.9,162076,104991,8.2
213420,덕산네오룩스,KOSDAQ,1.5,30000.0,11.9,179737,118130,53.9
041960,코미팜,KOSDAQ,1.5,7290.0,7.2,177879,115116,13.0
281820,케이씨텍,KOSPI,1.5,69800.0,26.7,333167,222946,232.6
011790,SKC,KOSPI,1.5,72200.0,12.5,374122,251407,270.1
004430,송원산업,KOSPI,1.5,12040.0,4.9,380128,258693,45.8
016380,KG스틸,KOSPI,1.5,5440.0,1.1,366928,247919,20.0
010120,LS ELECTRIC,KOSPI,1.5,184800.0,23.0,1724011,1120437,3186.0
035720,카카오,KOSPI,1.5,37400.0,3.5,3018884,2003037,1129.1
199820,제일일렉트릭,KOSDAQ,1.5,6390.0,14.1,246952,161033,15.8
330590,롯데리츠,KOSPI,1.5,3615.0,-1.6,252941,163707,9.1
950250,테라뷰,KOSDAQ,1.5,2015.0,13.1,251126,162822,5.1
048870,시너지이노베이션,KOSDAQ,1.5,1495.0,3.5,601636,395706,9.0
000500,가온전선,KOSPI,1.5,134200.0,24.7,436905,301175,586.3
066570,LG전자,KOSPI,1.5,162100.0,9.5,1754895,1207025,2844.7
475040,스트라드비젼,KOSDAQ,1.5,2550.0,5.2,1704495,1154870,43.5
319660,피에스케이,KOSDAQ,1.5,129600.0,27.8,800235,518944,1037.1
432720,퀄리타스반도체,KOSDAQ,1.5,7310.0,18.7,194041,132932,14.2
047810,한국항공우주,KOSPI,1.5,127300.0,5.5,736956,487447,938.1
011690,와이투솔루션,KOSPI,1.5,3025.0,14.2,266278,174620,8.1
420770,기가비스,KOSDAQ,1.5,103500.0,22.9,273351,177638,282.9
462350,이노스페이스,KOSDAQ,1.5,5720.0,15.7,295876,202936,16.9
006660,삼성공조,KOSPI,1.5,10790.0,13.3,778500,530944,84.0
0009K0,에임드바이오,KOSDAQ,1.4,20300.0,13.4,190727,140225,38.7
210980,SK디앤디,KOSPI,1.4,4280.0,1.8,183648,127357,7.9
336260,두산퓨얼셀,KOSPI,1.4,24550.0,29.9,1755895,1248576,431.1
005830,DB손해보험,KOSPI,1.4,157000.0,-3.6,293523,204150,460.8
001510,SK증권,KOSPI,1.4,2015.0,14.2,3600955,2535161,72.6
062040,산일전기,KOSPI,1.4,143200.0,18.5,292392,214656,418.7
049080,기가레인,KOSDAQ,1.4,7340.0,2.7,996357,731849,73.1
005940,NH투자증권,KOSPI,1.4,28500.0,7.1,1030776,712545,293.8
362320,청담글로벌,KOSDAQ,1.4,5380.0,6.7,205265,142742,11.0
006220,제주은행,KOSPI,1.4,8800.0,6.7,262511,192205,23.1
440110,파두,KOSDAQ,1.4,63400.0,29.9,875402,622833,555.0
010660,화천기계,KOSPI,1.4,2795.0,5.9,198932,146902,5.6
001200,유진투자증권,KOSPI,1.4,4140.0,11.3,731969,532511,30.3
356860,티엘비,KOSDAQ,1.4,26400.0,28.5,433929,299408,114.6
047050,포스코인터내셔널,KOSPI,1.4,52200.0,2.2,671132,475367,350.3
007390,네이처셀,KOSDAQ,1.4,22000.0,-3.5,482444,342280,106.1
336570,원텍,KOSDAQ,1.4,4865.0,11.1,669057,481096,32.5
021240,코웨이,KOSPI,1.4,91500.0,0.3,222957,161975,204.0
089030,테크윙,KOSDAQ,1.4,41450.0,29.9,1268637,931410,525.9
322180,LS티라유텍,KOSDAQ,1.4,3800.0,13.3,180689,132126,6.9
068270,셀트리온,KOSPI,1.4,186700.0,-1.7,1127709,804969,2105.4
006910,보성파워텍,KOSDAQ,1.4,5750.0,16.5,1102530,813862,63.4
039440,에스티아이,KOSDAQ,1.4,21950.0,22.1,177975,128318,39.1
289080,SV인베스트먼트,KOSDAQ,1.4,1757.0,15.2,379049,279848,6.7
010140,삼성중공업,KOSPI,1.4,21350.0,3.9,4806652,3471198,1026.2
032580,피델릭스,KOSDAQ,1.4,3540.0,24.6,1159501,830725,41.0
015750,성우하이텍,KOSDAQ,1.4,5610.0,8.9,348291,257008,19.5
052710,아모텍,KOSDAQ,1.4,14040.0,25.0,394648,284864,55.4
353200,대덕전자,KOSPI,1.4,96800.0,29.9,1434106,993688,1388.2
215600,신라젠,KOSDAQ,1.4,2070.0,6.9,606241,418274,12.5
060280,큐렉소,KOSDAQ,1.4,8250.0,13.6,309206,222196,25.5
218410,RFHIC,KOSDAQ,1.4,42700.0,21.0,337256,245102,144.0
084370,유진테크,KOSDAQ,1.4,112300.0,26.7,335510,247258,376.8
425040,티이엠씨,KOSDAQ,1.4,8000.0,21.2,316127,223600,25.3
358570,지아이이노베이션,KOSDAQ,1.4,7410.0,8.7,495046,345241,36.7
328130,루닛,KOSDAQ,1.4,9250.0,8.6,317822,234216,29.4
195870,해성디에스,KOSPI,1.4,48200.0,26.3,309474,213749,149.2
088980,맥쿼리인프라,KOSPI,1.4,10110.0,1.0,1725891,1240505,174.5
900140,엘브이엠씨홀딩스,KOSPI,1.4,1255.0,5.8,859441,592989,10.8
003530,한화투자증권,KOSPI,1.4,4150.0,12.9,1577269,1112733,65.5
147760,피엠티,KOSDAQ,1.3,2775.0,19.4,186832,143628,5.2
439090,마녀공장,KOSDAQ,1.3,15530.0,4.1,289905,227523,45.0
126700,하이비젼시스템,KOSDAQ,1.3,9780.0,15.6,147181,113675,14.4
209640,와이제이링크,KOSDAQ,1.3,3005.0,13.2,187858,142551,5.6
166090,하나머티리얼즈,KOSDAQ,1.3,52600.0,21.9,186123,144848,97.9
046970,우리로,KOSDAQ,1.3,3880.0,14.5,724657,558104,28.1
204320,HL만도,KOSPI,1.3,44700.0,12.5,737489,571482,329.7
200470,에이팩트,KOSDAQ,1.3,4800.0,23.7,1060848,839679,50.9
321370,센서뷰,KOSDAQ,1.3,1160.0,17.3,1049639,821416,12.2
125020,티씨머티리얼즈,KOSDAQ,1.3,4465.0,13.6,631260,492800,28.2
037030,파워넷,KOSDAQ,1.3,3215.0,11.6,606971,466472,19.5
290690,아리바이오홀딩스,KOSDAQ,1.3,4200.0,14.4,672278,518365,28.2
000100,유한양행,KOSPI,1.3,73500.0,-0.7,321744,255879,236.5
348370,엔켐,KOSDAQ,1.3,17430.0,16.9,243573,185439,42.5
252990,샘씨엔에스,KOSDAQ,1.3,10980.0,21.1,854258,645218,93.8
079160,CJ CGV,KOSPI,1.3,5410.0,-0.4,813022,619385,44.0
215100,로보로보,KOSDAQ,1.3,3690.0,12.5,261620,196836,9.7
090710,휴림로봇,KOSDAQ,1.3,6190.0,11.5,2544430,1969995,157.5
323410,카카오뱅크,KOSPI,1.3,22100.0,1.4,970532,763507,214.5
002900,TYM,KOSPI,1.3,5950.0,5.5,146494,111744,8.7
049630,재영솔루텍,KOSDAQ,1.3,5340.0,11.1,266062,206925,14.2
203650,드림시큐리티,KOSDAQ,1.3,1728.0,11.2,1499053,1197372,25.9
036170,에이치엠넥스,KOSDAQ,1.3,2525.0,16.6,490240,378693,12.4
105560,KB금융,KOSPI,1.3,168500.0,0.7,1508057,1122770,2541.1
023410,유진기업,KOSDAQ,1.3,3185.0,3.9,541674,421807,17.3
109610,에스와이,KOSDAQ,1.3,1708.0,6.8,407849,314247,7.0
092220,KEC,KOSPI,1.3,2430.0,10.2,406824,304047,9.9
101730,위메이드맥스,KOSDAQ,1.3,3320.0,10.5,223875,176076,7.4
090360,로보스타,KOSDAQ,1.3,61400.0,19.5,207473,153752,127.4
007340,DN오토모티브,KOSPI,1.3,40350.0,4.3,236942,184009,95.6
012200,계양전기,KOSPI,1.3,3555.0,8.4,312402,246179,11.1
489460,바이오비쥬,KOSDAQ,1.3,10500.0,8.2,303703,232152,31.9
115450,HLB테라퓨틱스,KOSDAQ,1.3,1657.0,9.0,504804,378402,8.4
090460,비에이치,KOSPI,1.3,15070.0,15.0,515423,399656,77.7
376900,로킷헬스케어,KOSDAQ,1.3,32150.0,20.4,376940,294571,121.2
000270,기아,KOSPI,1.3,131900.0,9.2,1427024,1115783,1882.2
388790,라이콤,KOSDAQ,1.3,3245.0,8.7,372792,280197,12.1
138040,메리츠금융지주,KOSPI,1.3,124000.0,-0.1,327452,250263,406.0
017550,수산세보틱스,KOSPI,1.3,1574.0,9.1,330559,259782,5.2
274090,켄코아에어로스페이스,KOSDAQ,1.3,8570.0,12.8,167104,125875,14.3
042510,라온시큐어,KOSDAQ,1.3,7670.0,4.5,179770,139599,13.8
144960,뉴파워프라즈마,KOSDAQ,1.2,10010.0,28.3,1898493,1620895,190.0
387690,레메디,KOSDAQ,1.2,8270.0,3.1,1143979,974583,94.6
009900,명신산업,KOSPI,1.2,6510.0,9.0,160706,133272,10.5
317770,엑스페릭스,KOSDAQ,1.2,2670.0,5.7,387076,327913,10.3
009410,태영건설,KOSPI,1.2,1615.0,0.9,414954,345666,6.7
018290,브이티,KOSDAQ,1.2,11690.0,6.8,182467,153302,21.3
044340,위닉스,KOSDAQ,1.2,4825.0,10.9,4235196,3627211,204.3
052020,에스티큐브,KOSDAQ,1.2,7190.0,9.8,231612,195626,16.7
381620,제닉스로보틱스,KOSDAQ,1.2,5500.0,14.5,161018,136524,8.9
064350,현대로템,KOSPI,1.2,133700.0,11.0,871568,746518,1165.3
417840,저스템,KOSDAQ,1.2,9040.0,25.2,999306,860072,90.3
048410,현대바이오,KOSDAQ,1.2,5900.0,12.0,1097497,890945,64.8
347700,스피어,KOSDAQ,1.2,15400.0,18.9,994064,858658,153.1
003680,한성기업,KOSPI,1.2,6130.0,5.0,1073453,881491,65.8
161890,한국콜마,KOSPI,1.2,95200.0,2.1,278439,240139,265.1
067170,오텍,KOSDAQ,1.2,1826.0,5.1,384930,325999,7.0
180640,한진칼,KOSPI,1.2,111700.0,2.9,107711,90377,120.3
297890,HB솔루션,KOSDAQ,1.2,1598.0,11.5,411651,357122,6.6
089890,코세스,KOSDAQ,1.2,19700.0,21.8,409648,335895,80.7
003470,유안타증권,KOSPI,1.2,4380.0,10.9,425139,342140,18.6
003000,부광약품,KOSPI,1.2,3990.0,6.4,421349,343193,16.8
375500,DL이앤씨,KOSPI,1.2,58500.0,8.1,389278,328431,227.7
450080,에코프로머티,KOSPI,1.2,32200.0,9.3,362465,308190,116.7
281740,레이크머티리얼즈,KOSDAQ,1.2,10840.0,12.3,341670,279732,37.0
082800,비보존 제약,KOSDAQ,1.2,2345.0,7.6,224092,184451,5.3
058430,포스코스틸리온,KOSPI,1.2,4275.0,7.5,310166,250388,13.3
011930,신성이엔지,KOSPI,1.2,14100.0,17.0,307274,257662,43.3
257720,실리콘투,KOSDAQ,1.2,33950.0,2.7,575787,477231,195.5
035890,서희건설,KOSDAQ,1.2,1958.0,2.5,359923,294489,7.0
037270,YG PLUS,KOSPI,1.2,3170.0,6.9,339598,271900,10.8
018470,조일알미늄,KOSPI,1.2,1062.0,5.0,1655992,1391785,17.6
007070,GS리테일,KOSPI,1.2,24750.0,0.6,200515,164109,49.6
108490,로보티즈,KOSDAQ,1.2,183800.0,16.0,286608,245060,526.8
012610,경인양행,KOSPI,1.2,2835.0,8.2,252267,212926,7.2
012030,DB,KOSPI,1.2,1446.0,7.7,763271,626871,11.0
050890,쏠리드,KOSDAQ,1.2,8470.0,14.3,844162,677962,71.5
024840,KBI메탈,KOSDAQ,1.2,3720.0,17.5,2879411,2335359,107.1
456010,아이씨티케이,KOSDAQ,1.2,13130.0,18.4,241179,207061,31.7
068790,DMS,KOSDAQ,1.2,8150.0,4.5,239680,208291,19.5
388050,지투파워,KOSDAQ,1.2,6600.0,17.2,241916,209733,16.0
487580,폴레드,KOSDAQ,1.2,3320.0,5.7,323800,277673,10.8
099430,바이오플러스,KOSDAQ,1.2,3525.0,6.5,283749,227512,10.0
294630,서남,KOSDAQ,1.2,2630.0,8.7,194582,161756,5.1
037350,성도이엔지,KOSDAQ,1.2,7220.0,15.3,191824,157152,13.8
015760,한국전력,KOSPI,1.2,34800.0,5.3,1777947,1447961,618.7
206650,유바이오로직스,KOSDAQ,1.2,7930.0,6.6,154257,129144,12.2
078130,국일제지,KOSDAQ,1.2,3645.0,1.5,148110,126532,5.4
147830,제룡산업,KOSDAQ,1.2,5950.0,11.2,146346,125124,8.7
321550,티움바이오,KOSDAQ,1.2,3945.0,7.2,148176,122899,5.8
001390,KG케미칼,KOSPI,1.1,4080.0,2.8,183997,173464,7.5
161000,애경케미칼,KOSPI,1.1,8250.0,7.1,162969,145444,13.4
230240,에치에프알,KOSDAQ,1.1,14340.0,19.9,163954,151492,23.5
251270,넷마블,KOSPI,1.1,38300.0,-0.4,163875,153886,62.8
099440,스맥,KOSDAQ,1.1,3885.0,5.4,1234921,1115976,48.0
001500,현대차증권,KOSPI,1.1,7550.0,8.2,161659,142758,12.2
036200,유니셈,KOSDAQ,1.1,7490.0,18.9,222054,205367,16.6
086280,현대글로비스,KOSPI,1.1,200000.0,4.3,217299,205308,434.6
125490,한라캐스트,KOSDAQ,1.1,7290.0,18.3,625834,556119,45.6
013310,아진산업,KOSDAQ,1.1,2520.0,6.3,202335,181195,5.1
016360,삼성증권,KOSPI,1.1,99800.0,10.5,491497,449846,490.5
187790,나노,KOSDAQ,1.1,2415.0,11.5,517970,450675,12.5
014910,성문전자,KOSPI,1.1,1563.0,11.6,457855,413898,7.2
136480,하림,KOSDAQ,1.1,2655.0,2.3,366626,324007,9.7
0117P0,피스피스스튜디오,KOSDAQ,1.1,5410.0,4.6,173877,163578,9.4
033790,피노,KOSDAQ,1.1,5210.0,13.3,375572,330462,19.6
017510,세명전기,KOSDAQ,1.1,6040.0,14.4,159525,148328,9.6
064290,인텍플러스,KOSDAQ,1.1,27600.0,24.3,427882,378861,118.1
293940,신한알파리츠,KOSPI,1.1,5220.0,-1.7,210469,184795,11.0
011200,HMM,KOSPI,1.1,20950.0,1.5,1487003,1376572,311.5
082270,젬백스,KOSDAQ,1.1,10180.0,10.8,173686,157569,17.7
095500,미래나노텍,KOSDAQ,1.1,6410.0,11.9,182398,163394,11.7
072950,빛샘전자,KOSDAQ,1.1,7050.0,9.3,155505,139730,11.0
020150,롯데에너지머티리얼즈,KOSPI,1.1,27350.0,12.3,168526,156893,46.1
083650,비에이치아이,KOSDAQ,1.1,40300.0,16.5,242284,216861,97.6
037070,파세코,KOSDAQ,1.1,6610.0,7.3,1724428,1610996,114.0
056080,유진로봇,KOSDAQ,1.1,10900.0,16.3,294866,278430,32.1
256840,한국비엔씨,KOSDAQ,1.1,2370.0,9.2,299723,261398,7.1
417200,LS머트리얼즈,KOSDAQ,1.1,10350.0,14.7,719296,657179,74.4
178320,서진시스템,KOSDAQ,1.1,33000.0,18.3,1014672,893439,334.8
270520,앱튼,KOSDAQ,1.1,3150.0,0.2,267812,247481,8.4
368600,아이씨에이치,KOSDAQ,1.1,1066.0,6.0,2648779,2389705,28.2
021080,에이티넘인베스트,KOSDAQ,1.1,2120.0,7.3,252686,230268,5.4
003490,대한항공,KOSPI,1.1,25900.0,5.1,2550799,2301131,660.7
348340,뉴로메카,KOSDAQ,1.1,26150.0,13.4,198834,175236,52.0
475430,키스트론,KOSDAQ,1.1,3805.0,8.1,318105,282016,12.1
476830,알지노믹스,KOSDAQ,1.1,24150.0,17.2,314331,295336,75.9
092040,아미코젠,KOSDAQ,1.1,1125.0,5.6,671518,593257,7.6
242040,나무에이엑스,KOSDAQ,1.1,3385.0,12.5,431125,381345,14.6
001780,알루코,KOSPI,1.1,1595.0,6.6,449224,400107,7.2
304100,솔트룩스,KOSDAQ,1.1,12570.0,5.5,314902,284921,39.6
035810,이지홀딩스,KOSDAQ,1.1,4135.0,2.5,253619,239710,10.5
010950,S-Oil,KOSPI,1.1,127300.0,-2.2,468753,420879,596.7
042660,한화오션,KOSPI,1.0,85200.0,7.4,1877179,1912188,1599.4
052900,KX하이텍,KOSDAQ,1.0,1006.0,17.4,1447089,1439289,14.6
025560,미래산업,KOSPI,1.0,6620.0,18.4,1388566,1400392,91.9
009290,광동제약,KOSPI,1.0,6050.0,4.0,166908,161235,10.1
095340,ISC,KOSDAQ,1.0,129600.0,21.7,180201,174415,233.5
393890,더블유씨피,KOSDAQ,1.0,6280.0,8.5,183145,187199,11.5
037440,희림,KOSDAQ,1.0,3575.0,7.2,169351,164543,6.1
336370,솔루스첨단소재,KOSPI,1.0,6430.0,12.8,151568,150548,9.7
000020,동화약품,KOSPI,1.0,4680.0,2.1,212042,205458,9.9
010690,화신,KOSPI,1.0,7210.0,7.3,346911,362803,25.0
005010,휴스틸,KOSPI,1.0,3500.0,3.6,345237,344664,12.1
175330,JB금융지주,KOSPI,1.0,26450.0,-1.7,390142,389350,103.2
458870,씨어스,KOSDAQ,1.0,23750.0,9.4,207966,210443,49.4
008970,KBI동양철관,KOSPI,1.0,1077.0,7.5,640836,647797,6.9
004020,현대제철,KOSPI,1.0,26350.0,4.8,560890,579659,147.8
327260,RF머트리얼즈,KOSDAQ,1.0,22350.0,29.8,402504,401091,90.0
0004V0,엔비알모션,KOSDAQ,1.0,5360.0,13.6,204894,195761,11.0
016880,웅진,KOSPI,1.0,1967.0,7.1,302717,298482,6.0
122640,예스티,KOSDAQ,1.0,21500.0,25.0,503664,485157,108.3
045390,대아티아이,KOSDAQ,1.0,2385.0,8.2,372546,386135,8.9
192650,드림텍,KOSPI,1.0,4195.0,7.6,307126,303018,12.9
466100,클로봇,KOSDAQ,1.0,23200.0,13.7,346527,344695,80.4
073010,케이에스피,KOSDAQ,1.0,2475.0,10.5,220107,222518,5.4
310200,애니플러스,KOSDAQ,1.0,2550.0,1.0,213414,215073,5.4
263750,펄어비스,KOSDAQ,1.0,33200.0,3.4,247299,249286,82.1
008700,아남전자,KOSPI,1.0,1217.0,3.4,789237,779725,9.6
025980,아난티,KOSDAQ,1.0,3580.0,7.0,638695,651399,22.9
476060,온코닉테라퓨틱스,KOSDAQ,1.0,10820.0,13.8,323305,324710,35.0
088350,한화생명,KOSPI,1.0,4420.0,5.1,2296290,2270671,101.5
001340,PKC,KOSPI,1.0,4545.0,7.3,202735,209731,9.2
053700,삼보모터스,KOSDAQ,1.0,3915.0,7.4,206765,203765,8.1
222040,코스맥스엔비티,KOSDAQ,1.0,6900.0,0.4,195658,195224,13.5
124500,아이티센글로벌,KOSDAQ,1.0,21050.0,14.0,195918,203042,41.2
267250,HD현대,KOSPI,1.0,199600.0,2.9,201677,202434,402.5
255220,SG,KOSDAQ,1.0,1185.0,8.5,732485,740302,8.7
010820,퍼스텍,KOSPI,1.0,5340.0,13.7,812818,786027,43.4
126640,화신정공,KOSDAQ,1.0,3910.0,4.8,1069341,1110484,41.8
086790,하나금융지주,KOSPI,1.0,125400.0,0.6,1043600,1064644,1308.7
091440,한울소재과학,KOSDAQ,1.0,2790.0,4.3,268259,269386,7.5
028300,HLB,KOSDAQ,1.0,30600.0,2.2,985406,951971,301.5
365550,ESR켄달스퀘어리츠,KOSPI,1.0,3290.0,-3.8,299793,292836,9.9
006340,대원전선,KOSPI,1.0,13000.0,26.0,15725743,15617472,2044.3
085660,차바이오텍,KOSDAQ,1.0,8450.0,5.2,295347,292107,25.0
032500,케이엠더블유,KOSDAQ,1.0,14320.0,15.9,195215,194516,28.0
064260,다날,KOSDAQ,1.0,4520.0,7.0,5564514,5743241,251.5
475150,SK이터닉스,KOSPI,0.9,45450.0,8.7,9118629,10273299,4144.4
267270,HD건설기계,KOSPI,0.9,124900.0,9.4,266056,281562,332.3
087010,펩트론,KOSDAQ,0.9,127800.0,5.8,182326,200655,233.0
095570,AJ네트웍스,KOSPI,0.9,4280.0,2.1,174744,202496,7.5
128820,대성산업,KOSPI,0.9,4015.0,1.9,174717,191164,7.0
006360,GS건설,KOSPI,0.9,23450.0,5.4,3094073,3553185,725.6
272210,한화시스템,KOSPI,0.9,62500.0,13.4,837168,966446,523.2
000400,롯데손해보험,KOSPI,0.9,1903.0,-1.9,937846,1012590,17.8
025820,이구산업,KOSPI,0.9,3905.0,9.7,193540,206520,7.6
119850,지엔씨에너지,KOSDAQ,0.9,36600.0,23.0,1055703,1158305,386.4
347850,디앤디파마텍,KOSDAQ,0.9,50400.0,10.3,954481,1083947,481.1
066970,엘앤에프,KOSPI,0.9,73300.0,9.4,296711,314344,217.5
486990,노타,KOSDAQ,0.9,18560.0,16.6,319499,372426,59.3
395400,SK리츠,KOSPI,0.9,5480.0,-2.3,237701,258597,13.0
294870,IPARK현대산업개발,KOSPI,0.9,19850.0,2.5,237604,262547,47.2
065450,빅텍,KOSDAQ,0.9,2855.0,5.2,316410,367056,9.0
000250,삼천당제약,KOSDAQ,0.9,149600.0,15.2,312855,331894,468.0
298830,슈어소프트테크,KOSDAQ,0.9,3615.0,12.1,231019,262002,8.4
377480,마음AI,KOSDAQ,0.9,10020.0,7.4,333481,387674,33.4
290550,디케이티,KOSDAQ,0.9,17300.0,20.1,325860,358337,56.4
025860,남해화학,KOSPI,0.9,5440.0,1.9,308460,332492,16.8
075580,세진중공업,KOSPI,0.9,10120.0,9.2,309085,326893,31.3
022100,포스코DX,KOSPI,0.9,19260.0,11.7,398355,420863,76.7
208640,썸에이지,KOSDAQ,0.9,1032.0,4.5,792113,850907,8.2
290660,다이나믹솔루션,KOSDAQ,0.9,1709.0,8.0,755022,871948,12.9
025320,시노펙스,KOSDAQ,0.9,3465.0,10.7,645183,725934,22.4
097230,HJ중공업,KOSPI,0.9,15700.0,9.9,445514,483175,69.9
052460,아이크래프트,KOSDAQ,0.9,4620.0,14.5,967402,1096721,44.7
357880,SKAI,KOSDAQ,0.9,1989.0,11.8,1061122,1188715,21.1
316140,우리금융지주,KOSPI,0.9,33600.0,2.8,2865859,3233142,962.9
001450,현대해상,KOSPI,0.9,38450.0,-0.8,540377,597987,207.8
014940,오리엔탈정공,KOSDAQ,0.9,4310.0,9.8,543296,577064,23.4
0017J0,세미티에스,KOSDAQ,0.9,2695.0,14.7,623400,659269,16.8
005950,이수화학,KOSPI,0.9,12400.0,8.4,424028,447447,52.6
187660,페니트리움바이오,KOSDAQ,0.9,4260.0,13.9,422383,487033,18.0
086390,유니테스트,KOSDAQ,0.9,8310.0,25.7,405999,438049,33.7
009830,한화솔루션,KOSPI,0.8,25500.0,8.5,3262401,4145156,831.9
122350,삼기,KOSDAQ,0.8,1268.0,2.6,1483557,1835083,18.8
004310,현대약품,KOSPI,0.8,5360.0,5.7,1651572,2067904,88.5
001230,동국홀딩스,KOSPI,0.8,1732.0,3.8,353710,457310,6.1
047770,코데즈컴바인,KOSDAQ,0.8,2315.0,5.7,313508,401620,7.3
067630,HLB생명과학,KOSDAQ,0.8,2020.0,4.9,249358,308578,5.0
460860,동국제강,KOSPI,0.8,9010.0,4.0,203506,245974,18.3
319400,현대무벡스,KOSDAQ,0.8,21300.0,10.1,2347330,2966716,500.0
005880,대한해운,KOSPI,0.8,1860.0,7.3,2658179,3345825,49.4
419050,삼기에너지솔루션즈,KOSDAQ,0.8,1107.0,7.0,617479,754269,6.8
005360,모나미,KOSPI,0.8,1517.0,4.4,1955835,2598444,29.7
279570,케이뱅크,KOSPI,0.8,5590.0,1.5,976008,1196464,54.6
0156T0,에이치엘지노믹스,KOSDAQ,0.8,9380.0,3.1,977017,1194634,91.6
270660,에브리봇,KOSDAQ,0.8,12640.0,7.8,187003,222011,23.6
030200,KT,KOSPI,0.8,51900.0,-1.7,489587,592913,254.1
460930,현대힘스,KOSDAQ,0.8,13650.0,5.0,1162972,1485120,158.7
066980,한성크린텍,KOSDAQ,0.8,1255.0,9.2,618588,795502,7.8
950160,코오롱티슈진,KOSDAQ,0.8,13000.0,11.4,2494631,3257491,324.3
010060,OCI홀딩스,KOSPI,0.8,190300.0,8.5,329660,438481,627.3
307180,아이엘,KOSDAQ,0.8,4295.0,11.0,246603,320993,10.6
036460,한국가스공사,KOSPI,0.8,34450.0,0.0,139815,171699,48.2
204270,제이앤티씨,KOSDAQ,0.8,13250.0,18.2,279704,337437,37.1
012860,모베이스전자,KOSDAQ,0.8,2240.0,13.2,368581,443784,8.3
161390,한국타이어앤테크놀로지,KOSPI,0.8,67600.0,3.8,366179,440594,247.5
322000,HD현대에너지솔루션,KOSPI,0.8,112100.0,10.9,379911,466764,425.9
217590,티엠씨,KOSPI,0.8,10480.0,13.5,382504,450345,40.1
121440,골프존홀딩스,KOSDAQ,0.8,6670.0,-0.1,282183,368649,18.8
028050,삼성E&A,KOSPI,0.8,43800.0,6.8,1847659,2218636,809.3
001250,GS글로벌,KOSPI,0.8,2515.0,4.1,739527,919596,18.6
002700,신일전자,KOSPI,0.8,1066.0,5.5,1850849,2360450,19.7
054920,한컴위드,KOSDAQ,0.7,3620.0,6.9,313149,479743,11.3
017960,한국카본,KOSPI,0.7,21350.0,7.9,300109,447696,64.1
010960,삼호개발,KOSPI,0.7,3000.0,3.4,254928,351103,7.6
377300,카카오페이,KOSPI,0.7,42600.0,6.8,186816,258015,79.6
005440,현대지에프홀딩스,KOSPI,0.7,11780.0,4.2,225422,314666,26.6
009420,한올바이오파마,KOSPI,0.7,43400.0,11.3,224666,336426,97.5
112610,씨에스윈드,KOSPI,0.7,37300.0,4.9,325038,457024,121.2
263800,데이타솔루션,KOSDAQ,0.7,4670.0,9.2,657451,1001797,30.7
900290,GRT,KOSDAQ,0.7,3355.0,22.9,735181,1064636,24.7
138360,앤로보틱스,KOSDAQ,0.7,1792.0,4.1,788657,1120856,14.1
100090,SK오션플랜트,KOSPI,0.7,12520.0,6.6,1715016,2509056,214.7
241560,두산밥캣,KOSPI,0.7,59800.0,3.8,156309,233499,93.5
396300,세아메카닉스,KOSDAQ,0.7,3945.0,6.5,2494722,3491881,98.4
484590,삼양컴텍,KOSDAQ,0.7,5750.0,8.7,200723,269510,11.5
066430,아이로보틱스,KOSDAQ,0.7,2005.0,6.0,1612451,2162369,32.3
004100,태양금속,KOSPI,0.7,2275.0,4.6,337515,455665,7.7
153890,져스텍,KOSDAQ,0.7,5920.0,9.4,286937,382585,17.0
234340,헥토파이낸셜,KOSDAQ,0.7,16420.0,8.7,153026,227676,25.1
170920,엘티씨,KOSDAQ,0.7,34550.0,29.9,304162,423110,105.1
332570,PS일렉트로닉스,KOSDAQ,0.6,7270.0,17.3,3833417,6454273,278.7
047920,HLB제약,KOSDAQ,0.6,8150.0,2.8,163214,279456,13.3
066590,스모트로닉,KOSDAQ,0.6,2410.0,10.6,813962,1306674,19.6
042110,에스씨디,KOSDAQ,0.6,1109.0,5.3,596028,1018217,6.6
036620,감성코퍼레이션,KOSDAQ,0.6,4105.0,3.5,281340,448691,11.5
017670,SK텔레콤,KOSPI,0.6,81400.0,4.1,1372869,2492935,1117.5
102940,코오롱생명과학,KOSDAQ,0.6,14290.0,7.4,218676,348628,31.2
158430,아톤,KOSDAQ,0.6,3880.0,11.8,170794,272459,6.6
005090,SGC에너지,KOSPI,0.6,40750.0,12.7,160345,258839,65.3
094480,갤럭시아머니트리,KOSDAQ,0.6,4695.0,11.0,223021,377871,10.5
034230,파라다이스,KOSPI,0.6,9700.0,2.6,292249,480467,28.3
060250,NHN KCP,KOSDAQ,0.6,12170.0,7.9,321506,576035,39.1
060720,KH바텍,KOSDAQ,0.6,9710.0,11.9,264500,411232,25.7
065170,비엘팜텍,KOSDAQ,0.6,2210.0,3.8,639608,1108635,14.1
041020,폴라리스오피스,KOSDAQ,0.6,2795.0,10.9,450796,742035,12.6
092790,넥스틸,KOSPI,0.6,10800.0,6.0,183000,311589,19.8
058730,다스코,KOSPI,0.6,3060.0,2.3,1411281,2337310,43.2
389260,대명에너지,KOSDAQ,0.5,12210.0,6.2,234802,477456,28.7
439960,코스모로보틱스,KOSDAQ,0.5,14740.0,9.4,3151645,6720690,464.6
413630,씨피시스템,KOSDAQ,0.5,3865.0,8.9,7722201,15586614,298.5
004090,한국석유,KOSPI,0.5,10450.0,4.0,187603,404074,19.6
317400,자이에스앤디,KOSPI,0.5,6400.0,14.9,848622,1881995,54.3
001790,대한제당,KOSPI,0.5,2585.0,1.6,244514,472853,6.3
092200,디아이씨,KOSPI,0.5,4260.0,10.5,263876,532592,11.2
108860,셀바스AI,KOSDAQ,0.5,8080.0,7.3,881095,1701278,71.2
032350,롯데관광개발,KOSPI,0.5,11620.0,2.9,243537,510635,28.3
477850,마키나락스,KOSDAQ,0.5,19990.0,2.5,1368408,2989841,273.5
003310,대주산업,KOSDAQ,0.5,1505.0,3.9,360236,670991,5.4
002220,한일철강,KOSPI,0.5,2880.0,12.9,216100,462420,6.2
003280,흥아해운,KOSPI,0.4,1662.0,5.9,6261029,14017726,104.1
014950,삼익제약,KOSDAQ,0.4,4460.0,5.1,367757,1001267,16.4
465770,STX그린로지스,KOSPI,0.4,3100.0,7.5,1392594,3785475,43.2
054540,삼영엠텍,KOSDAQ,0.4,6050.0,14.4,217538,521415,13.2
114810,한솔아이원스,KOSDAQ,0.4,8540.0,17.8,304568,683339,26.0
005860,한일사료,KOSDAQ,0.4,2175.0,3.8,706888,1735493,15.4
024060,흥구석유,KOSDAQ,0.4,11140.0,2.1,2252936,5319310,251.0
463020,뉴엔AI,KOSDAQ,0.3,7650.0,3.4,326486,971785,25.0
039980,폴라리스AI,KOSDAQ,0.3,4540.0,5.7,645780,1978675,29.3
002140,고려산업,KOSPI,0.3,2120.0,1.7,2314464,7225309,49.1
039860,나노엔텍,KOSDAQ,0.3,3480.0,6.1,299572,1137294,10.4
023790,동일스틸럭스,KOSDAQ,0.3,1383.0,0.8,534417,2044889,7.4
059120,아진엑스텍,KOSDAQ,0.3,5850.0,11.2,715317,2270292,41.8
264850,이랜시스,KOSDAQ,0.3,4640.0,11.7,757141,2565922,35.1
291810,핀텔,KOSDAQ,0.3,1184.0,5.4,564811,1790218,6.7
049720,고려신용정보,KOSDAQ,0.3,9190.0,0.0,195845,604831,18.0
012690,모나리자,KOSPI,0.2,1389.0,3.3,424328,1872879,5.9
0218L0,네오뷰,KOSDAQ,0.2,14710.0,-0.1,306679,1834803,45.1
218150,미래생명자원,KOSDAQ,0.2,1911.0,2.1,492716,2204861,9.4
459550,알트,KOSDAQ,0.2,1148.0,3.9,1165298,5001788,13.4
