code,name,market,ratio,last_close,day_chg_%,latest_vol,baseline_vol,trade_value_억
067290,JW신약,KOSDAQ,299.8,2100.0,-10.1,59589961,198741,1251.4
146060,율촌,KOSDAQ,201.5,1421.0,16.0,10414141,51692,148.0
004310,현대약품,KOSPI,94.8,8600.0,6.0,26511466,279747,2280.0
198440,강동씨앤엘,KOSDAQ,77.9,1859.0,30.0,18116825,232621,336.8
046390,삼화네트웍스,KOSDAQ,69.4,1950.0,30.0,2316784,33391,45.2
023790,동일스틸럭스,KOSDAQ,64.0,1542.0,1.2,8529734,133322,131.5
309930,조이웍스앤코,KOSDAQ,58.6,1203.0,-26.0,1770051,30215,21.3
091590,남화토건,KOSDAQ,58.4,4595.0,30.0,1870138,31996,85.9
330350,위더스제약,KOSDAQ,55.6,7850.0,-4.5,2094032,37642,164.4
290560,파라택시스이더리움,KOSDAQ,53.5,1365.0,30.0,2187270,40919,29.9
475430,키스트론,KOSDAQ,49.0,4935.0,7.5,5846643,119342,288.5
000890,보해양조,KOSPI,47.3,1651.0,16.0,3139558,66396,51.8
013360,일성건설,KOSPI,46.9,1794.0,2.3,6801159,144957,122.0
469610,이노테크,KOSDAQ,34.4,20100.0,1.5,1483847,43169,298.3
011700,한신기계,KOSPI,27.7,3010.0,2.7,5718487,206551,172.1
009470,삼화전기,KOSPI,24.8,42900.0,30.0,1934485,77883,829.9
014950,삼익제약,KOSDAQ,23.0,6630.0,-5.8,1375949,59951,91.2
382840,원준,KOSDAQ,18.1,7370.0,2.1,1243047,68803,91.6
014910,성문전자,KOSPI,16.4,2910.0,13.5,15358471,934511,446.9
114190,강원에너지,KOSDAQ,16.4,11030.0,7.1,965750,59063,106.5
044380,주연테크,KOSPI,15.4,1415.0,7.0,532839,34697,7.5
069330,유아이디,KOSDAQ,13.7,1080.0,6.7,633515,46198,6.8
122640,예스티,KOSDAQ,13.7,39500.0,17.4,6600712,483250,2607.3
355690,에이텀,KOSDAQ,13.4,5390.0,11.6,1912999,142535,103.1
126730,코칩,KOSDAQ,12.8,25950.0,14.3,5066613,396426,1314.8
130660,한전산업,KOSPI,12.4,13240.0,-5.1,2110370,170544,279.4
058430,포스코스틸리온,KOSPI,12.4,5980.0,-9.1,4189219,338342,250.5
066980,한성크린텍,KOSDAQ,12.0,2065.0,5.2,10313498,860782,213.0
071090,하이스틸,KOSPI,12.0,3465.0,-1.6,1984718,165890,68.8
189860,서전기전,KOSDAQ,11.8,6720.0,30.0,962076,81874,64.7
389680,유디엠텍,KOSDAQ,11.3,2240.0,6.2,1627164,143839,36.4
149950,아바텍,KOSDAQ,11.2,16260.0,15.2,2393441,213258,389.2
351320,넥사다이내믹스,KOSDAQ,10.6,1270.0,15.5,1325043,125146,16.8
413630,씨피시스템,KOSDAQ,10.5,2460.0,-4.5,888928,84328,21.9
265740,엔에프씨,KOSDAQ,10.4,5610.0,8.7,703186,67313,39.4
046970,우리로,KOSDAQ,9.7,8150.0,30.0,9933404,1029176,809.6
115440,우리넷,KOSDAQ,9.6,10410.0,1.2,2603342,272180,271.0
460940,피앤에스로보틱스,KOSDAQ,8.0,5530.0,-3.0,615390,76952,34.0
065170,비엘팜텍,KOSDAQ,7.4,2320.0,30.0,1666240,224334,38.7
092790,넥스틸,KOSPI,7.2,17220.0,7.1,2334348,324885,402.0
306620,지아이에스,KOSDAQ,6.8,2835.0,12.1,3802538,561861,107.8
457370,한켐,KOSDAQ,6.8,15060.0,8.8,9149204,1346809,1377.9
026940,부국철강,KOSPI,6.6,2555.0,7.8,3723596,564370,95.1
036010,아비코전자,KOSDAQ,6.1,12830.0,2.4,1355770,220505,173.9
320000,한울반도체,KOSDAQ,5.6,13710.0,30.0,577381,102737,79.2
317240,TS트릴리온,KOSDAQ,5.6,1090.0,-7.4,2247351,402038,24.5
006340,대원전선,KOSPI,5.6,11510.0,-6.7,22104027,3919332,2544.2
004710,한솔테크닉스,KOSPI,5.4,13980.0,-8.9,7478906,1391257,1045.6
052710,아모텍,KOSDAQ,5.4,31550.0,3.4,3437709,641137,1084.6
321370,센서뷰,KOSDAQ,5.2,2465.0,4.7,8460480,1618336,208.6
139990,아주스틸,KOSPI,5.1,2270.0,-6.8,437857,86071,9.9
161000,애경케미칼,KOSPI,4.9,11370.0,5.0,772657,158767,87.9
053260,금강철강,KOSDAQ,4.9,5350.0,-7.4,234007,47292,12.5
091440,한울소재과학,KOSDAQ,4.7,2190.0,5.3,734357,154884,16.1
424760,벨로크,KOSDAQ,4.7,2275.0,0.7,410227,86688,9.3
001820,삼화콘덴서,KOSPI,4.5,191800.0,26.7,4079941,897681,7825.3
011790,SKC,KOSPI,4.0,125700.0,-11.7,2201221,557156,2766.9
204620,글로벌텍스프리,KOSDAQ,4.0,5310.0,3.1,3074646,764993,163.3
005010,휴스틸,KOSPI,3.9,4680.0,-1.8,1342020,348010,62.8
198940,한주라이트메탈,KOSDAQ,3.9,2565.0,13.5,1823311,469374,46.8
100130,동국S&C,KOSDAQ,3.8,1676.0,-7.9,547740,142859,9.2
079650,서산,KOSDAQ,3.7,4815.0,30.0,12016891,3205101,578.6
229000,젠큐릭스,KOSDAQ,3.7,2305.0,-14.3,1141659,310041,26.3
047770,코데즈컴바인,KOSDAQ,3.6,3690.0,8.1,2610014,729944,96.3
180400,DXVX,KOSDAQ,3.6,2415.0,-6.9,265875,74186,6.4
417500,제이아이테크,KOSDAQ,3.6,3840.0,11.6,658187,184815,25.3
005680,삼영전자,KOSPI,3.5,15000.0,8.1,180899,51708,27.1
338220,뷰노,KOSDAQ,3.5,9040.0,1.7,165609,47625,15.0
002800,신신제약,KOSDAQ,3.4,4575.0,-2.1,133655,39240,6.1
056360,코위버,KOSDAQ,3.4,6780.0,-3.1,408704,121204,27.7
052460,아이크래프트,KOSDAQ,3.4,3190.0,4.2,216802,63002,6.9
008970,KBI동양철관,KOSPI,3.4,1444.0,-6.8,2529845,734533,36.5
060150,인선이엔티,KOSDAQ,3.4,3375.0,-5.6,269843,78994,9.1
476830,알지노믹스,KOSDAQ,3.2,90400.0,-14.0,558331,176910,504.7
336260,두산퓨얼셀,KOSPI,3.2,64800.0,-15.3,1234675,383908,800.1
024840,KBI메탈,KOSDAQ,3.1,4905.0,-11.3,9541058,3036387,468.0
052690,한전기술,KOSPI,3.0,136300.0,0.7,564788,190986,769.8
019990,에너토크,KOSDAQ,3.0,6320.0,-3.4,158641,53507,10.0
064290,인텍플러스,KOSDAQ,2.9,48800.0,16.3,1282807,445913,626.0
030610,교보증권,KOSPI,2.9,10800.0,-4.4,251727,86999,27.2
112610,씨에스윈드,KOSPI,2.8,44700.0,-10.4,938180,333228,419.4
080220,제주반도체,KOSDAQ,2.8,117100.0,5.0,7604290,2672654,8904.6
488280,에스투더블유,KOSDAQ,2.6,16180.0,3.1,273117,104349,44.2
451220,아이엠티,KOSDAQ,2.6,15340.0,7.9,239741,92034,36.8
355390,크라우드웍스,KOSDAQ,2.6,2730.0,6.0,550273,215644,15.0
003470,유안타증권,KOSPI,2.6,5050.0,-4.5,1571657,616188,79.4
064850,에프앤가이드,KOSDAQ,2.5,26600.0,5.3,169759,66650,45.2
047920,HLB제약,KOSDAQ,2.5,12940.0,-1.5,163005,65105,21.1
004590,한국가구,KOSDAQ,2.4,5530.0,-8.0,203679,84745,11.3
002990,금호건설,KOSPI,2.4,4375.0,3.6,313864,132228,13.7
006910,보성파워텍,KOSDAQ,2.4,8510.0,-6.9,2922025,1211988,248.7
067000,조이시티,KOSDAQ,2.4,1121.0,-7.7,983281,415603,11.0
322510,제이엘케이,KOSDAQ,2.4,5620.0,4.9,426418,179691,24.0
131030,옵투스제약,KOSDAQ,2.4,6090.0,0.2,278798,118235,17.0
105840,우진,KOSPI,2.3,19040.0,-5.0,540246,236190,102.9
044490,태웅,KOSDAQ,2.3,40100.0,-0.1,277525,121985,111.3
474610,RF시스템즈,KOSDAQ,2.3,9020.0,-7.0,485079,211100,43.8
007610,선도전기,KOSPI,2.3,5580.0,-5.4,1067292,472615,59.6
340450,지씨지놈,KOSDAQ,2.2,5240.0,-3.5,185480,86153,9.7
205500,넥써쓰,KOSDAQ,2.2,2695.0,2.9,1234769,555695,33.3
010100,한국무브넥스,KOSPI,2.2,4310.0,6.4,447448,205348,19.3
009290,광동제약,KOSPI,2.2,6060.0,-2.4,284062,127593,17.2
389500,에스비비테크,KOSDAQ,2.2,53800.0,-9.3,189524,85936,102.0
018000,유니슨,KOSDAQ,2.2,1001.0,-7.6,3531885,1589542,35.4
011230,삼화전자,KOSPI,2.1,3740.0,29.9,3692534,1796927,138.1
138360,앤로보틱스,KOSDAQ,2.1,2620.0,4.4,1330968,629279,34.9
122990,와이솔,KOSDAQ,2.1,7790.0,-0.1,194529,92456,15.2
095700,제넥신,KOSDAQ,2.1,2890.0,-9.5,350067,165049,10.1
179900,유티아이,KOSDAQ,2.1,14540.0,-11.7,190360,88947,27.7
046120,오르비텍,KOSDAQ,2.0,6920.0,-3.6,673243,342665,46.6
204320,HL만도,KOSPI,2.0,68900.0,-6.8,2454822,1202691,1691.4
071970,HD현대마린엔진,KOSPI,2.0,68900.0,-8.5,313888,157272,216.3
463020,뉴엔AI,KOSDAQ,2.0,12060.0,-1.2,288870,141385,34.8
038680,에스넷,KOSDAQ,1.9,3175.0,-3.8,170136,88481,5.4
066970,엘앤에프,KOSPI,1.9,128400.0,-8.7,514908,275398,661.1
007110,일신석재,KOSPI,1.9,1196.0,-3.8,772135,402943,9.2
299170,더블유에스아이,KOSDAQ,1.9,1581.0,-3.5,478510,251197,7.6
101160,월덱스,KOSDAQ,1.9,27750.0,-5.9,184917,99553,51.3
376900,로킷헬스케어,KOSDAQ,1.9,45150.0,-12.2,220094,114657,99.4
187790,나노,KOSDAQ,1.9,4330.0,-9.6,594480,317538,25.7
092190,서울바이오시스,KOSDAQ,1.8,9060.0,-3.3,359365,197158,32.6
094820,일진파워,KOSDAQ,1.8,15070.0,-2.3,431447,240505,65.0
031330,에스에이엠티,KOSDAQ,1.8,16070.0,2.0,1941797,1061750,312.0
083650,비에이치아이,KOSDAQ,1.8,65200.0,-3.7,503938,277734,328.6
084990,헬릭스미스,KOSDAQ,1.8,4870.0,4.4,438079,244443,21.3
014530,극동유화,KOSPI,1.8,3185.0,-2.7,232288,127747,7.4
357880,SKAI,KOSDAQ,1.8,3780.0,-7.2,2775967,1560737,104.9
477850,마키나락스,KOSDAQ,1.8,19210.0,-4.2,1175330,654739,225.8
393890,더블유씨피,KOSDAQ,1.7,11900.0,-7.8,401504,233558,47.8
126700,하이비젼시스템,KOSDAQ,1.7,12280.0,-10.4,205237,120893,25.2
089590,제주항공,KOSPI,1.7,4890.0,-3.6,386553,227345,18.9
032820,우리기술,KOSDAQ,1.7,14790.0,-4.9,9803817,5760100,1450.0
160980,싸이맥스,KOSDAQ,1.7,39550.0,0.5,301412,181447,119.2
089230,THE E&M,KOSDAQ,1.7,2500.0,3.7,648746,380128,16.2
357120,코람코라이프인프라리츠,KOSPI,1.7,4270.0,-2.3,883514,512178,37.7
002700,신일전자,KOSPI,1.7,1219.0,-4.0,702632,402876,8.6
082740,한화엔진,KOSPI,1.7,59600.0,-9.0,1133202,683833,675.4
334890,이지스밸류플러스리츠,KOSPI,1.7,3535.0,-0.7,283674,166640,10.0
017900,광전자,KOSPI,1.6,9930.0,-3.0,6941482,4462920,689.3
008420,문배철강,KOSPI,1.6,2275.0,-0.2,352096,214928,8.0
078890,가온그룹,KOSDAQ,1.6,6000.0,-2.9,482809,308312,29.0
010690,화신,KOSPI,1.6,12070.0,-9.3,1378215,882115,166.4
003010,혜인,KOSPI,1.6,4875.0,-4.8,204242,126383,10.0
019210,와이지-원,KOSDAQ,1.6,21950.0,8.1,1162498,745839,255.2
092300,현우산업,KOSDAQ,1.6,3410.0,-0.3,226574,140538,7.7
206650,유바이오로직스,KOSDAQ,1.6,9510.0,-4.9,265534,170737,25.3
240550,동방메디컬,KOSDAQ,1.6,5770.0,-4.9,164542,101683,9.5
123410,코리아에프티,KOSDAQ,1.6,5990.0,-4.5,192471,122062,11.5
009160,SIMPAC,KOSPI,1.6,4430.0,-2.9,234673,147313,10.4
011280,태림포장,KOSPI,1.5,2045.0,-2.4,246171,164009,5.0
322180,LS티라유텍,KOSDAQ,1.5,5220.0,-5.8,166394,110107,8.7
192410,오늘이엔엠,KOSDAQ,1.5,5030.0,7.7,167288,108959,8.4
297090,씨에스베어링,KOSDAQ,1.5,4575.0,-6.0,378559,254926,17.3
217730,강스템바이오텍,KOSDAQ,1.5,2535.0,-6.1,626875,425088,15.9
396270,넥스트칩,KOSDAQ,1.5,3290.0,-5.3,266099,171711,8.8
439960,코스모로보틱스,KOSDAQ,1.5,25550.0,-3.6,4220419,2864138,1078.3
487580,폴레드,KOSDAQ,1.5,3580.0,-7.7,703437,461651,25.2
394420,리센스메디컬,KOSDAQ,1.5,22350.0,4.9,279319,183232,62.4
007340,DN오토모티브,KOSPI,1.5,42800.0,-5.1,239640,164299,102.6
128820,대성산업,KOSPI,1.5,4900.0,-4.5,276958,179388,13.6
032580,피델릭스,KOSDAQ,1.5,6000.0,12.4,1175740,808533,70.5
090430,아모레퍼시픽,KOSPI,1.5,106200.0,-3.4,264311,178617,280.7
348340,뉴로메카,KOSDAQ,1.5,49800.0,-1.2,226214,153888,112.7
199820,제일일렉트릭,KOSDAQ,1.5,9850.0,-4.1,353258,228544,34.8
000220,유유제약,KOSPI,1.5,3965.0,-2.7,203736,132930,8.1
294630,서남,KOSDAQ,1.5,3020.0,-0.5,206541,138522,6.2
065440,이루온,KOSDAQ,1.5,1880.0,-3.5,594855,392687,11.2
039980,폴라리스AI,KOSDAQ,1.4,5940.0,-5.9,164987,117195,9.8
005950,이수화학,KOSPI,1.4,14630.0,5.2,1271939,930529,186.1
388870,파로스아이바이오,KOSDAQ,1.4,6560.0,-6.3,160874,116196,10.6
452280,한선엔지니어링,KOSDAQ,1.4,16460.0,-4.3,712830,492560,117.3
357580,아모센스,KOSDAQ,1.4,8680.0,-5.7,207733,151653,18.0
017960,한국카본,KOSPI,1.4,32100.0,-8.0,481923,351648,154.7
000400,롯데손해보험,KOSPI,1.4,1894.0,-3.4,374067,276093,7.1
104480,티케이케미칼,KOSDAQ,1.4,1698.0,-4.8,366937,258077,6.2
100090,SK오션플랜트,KOSPI,1.4,17300.0,-12.0,1443756,1054375,249.8
041960,코미팜,KOSDAQ,1.4,8670.0,-1.9,399530,287365,34.6
061970,LB세미콘,KOSDAQ,1.4,5300.0,-0.1,801135,574577,42.5
216080,제테마,KOSDAQ,1.4,4720.0,-4.3,168296,121254,7.9
003780,진양산업,KOSPI,1.4,5110.0,-3.9,245510,171207,12.5
032500,케이엠더블유,KOSDAQ,1.4,24250.0,-5.8,401480,276889,97.4
354320,알멕,KOSDAQ,1.4,50900.0,-8.3,148197,107680,75.4
290550,디케이티,KOSDAQ,1.3,21300.0,-8.2,579408,432959,123.4
059210,메타바이오메드,KOSDAQ,1.3,3870.0,1.4,225241,174713,8.7
036620,감성코퍼레이션,KOSDAQ,1.3,5020.0,-4.0,904223,716074,45.4
170920,엘티씨,KOSDAQ,1.3,50300.0,1.7,352947,276837,177.5
095910,에스에너지,KOSDAQ,1.3,1212.0,-10.3,1022020,795521,12.4
077500,유니퀘스트,KOSPI,1.3,7720.0,0.3,227086,177652,17.5
389030,지니너스,KOSDAQ,1.3,2665.0,-9.0,270775,209226,7.2
011690,와이투솔루션,KOSPI,1.3,4300.0,-4.8,294885,226511,12.7
097230,HJ중공업,KOSPI,1.3,23300.0,-2.5,838110,627446,195.3
307180,아이엘,KOSDAQ,1.3,5870.0,-7.6,792496,614641,46.5
009190,대양금속,KOSPI,1.3,1806.0,-0.1,711098,530771,12.8
002220,한일철강,KOSPI,1.3,5020.0,-1.4,320916,243019,16.1
032350,롯데관광개발,KOSPI,1.3,17010.0,-4.3,405194,303829,68.9
388050,지투파워,KOSDAQ,1.3,9230.0,-3.6,451541,346918,41.7
010820,퍼스텍,KOSPI,1.3,7660.0,-5.9,1090494,865113,83.5
348370,엔켐,KOSDAQ,1.3,31500.0,-11.8,220340,175778,69.4
078600,대주전자재료,KOSDAQ,1.3,116900.0,-1.9,308397,245250,360.5
950220,네오이뮨텍,KOSDAQ,1.3,1653.0,-2.8,441628,348542,7.3
001440,대한전선,KOSPI,1.3,39200.0,-4.7,4862479,3735057,1906.1
034020,두산에너빌리티,KOSPI,1.3,99900.0,-3.2,4030447,2998526,4026.4
027740,마니커,KOSPI,1.2,1315.0,-6.0,1348430,1088918,17.7
082800,비보존 제약,KOSDAQ,1.2,3250.0,-10.1,1022802,832620,33.2
323280,태성,KOSDAQ,1.2,48800.0,-4.1,248985,212387,121.5
131400,이브이첨단소재,KOSDAQ,1.2,1415.0,-3.3,804748,645858,11.4
262260,에이프로,KOSDAQ,1.2,5020.0,-7.0,266235,227302,13.4
375500,DL이앤씨,KOSPI,1.2,79500.0,-6.5,760289,640297,604.4
424870,이뮨온시아,KOSDAQ,1.2,4160.0,-5.5,657468,554712,27.4
425040,티이엠씨,KOSDAQ,1.2,18040.0,4.9,888975,712401,160.4
056090,시지메드텍,KOSDAQ,1.2,1260.0,-4.4,800687,672599,10.1
209640,와이제이링크,KOSDAQ,1.2,4825.0,-0.1,788607,680979,38.1
102260,동성케미컬,KOSPI,1.2,3805.0,-3.4,135257,113367,5.1
085670,뉴프렉스,KOSDAQ,1.2,3925.0,-4.5,153129,130973,6.0
042660,한화오션,KOSPI,1.2,125900.0,-5.4,2023925,1642714,2548.1
089010,켐트로닉스,KOSDAQ,1.2,29050.0,-5.2,165454,141166,48.1
203400,에이비온,KOSDAQ,1.2,1176.0,-8.6,1068729,897278,12.6
432320,KB스타리츠,KOSPI,1.2,1340.0,-4.6,1818592,1562299,24.4
042520,한스바이오메드,KOSDAQ,1.2,24300.0,-9.2,169686,142917,41.2
020560,아시아나항공,KOSPI,1.2,7680.0,-0.9,160140,128848,12.3
051980,중앙첨단소재,KOSDAQ,1.2,1285.0,-5.8,747084,620768,9.6
088350,한화생명,KOSPI,1.2,5440.0,-4.6,6945810,5999562,377.9
017510,세명전기,KOSDAQ,1.2,8770.0,-3.9,233442,196645,20.5
008770,호텔신라,KOSPI,1.2,57600.0,-0.3,407232,341343,234.6
054920,한컴위드,KOSDAQ,1.2,3925.0,-5.0,315072,272185,12.4
045390,대아티아이,KOSDAQ,1.2,3330.0,0.3,802718,684563,26.7
065450,빅텍,KOSDAQ,1.2,3355.0,-5.2,615366,531979,20.6
462350,이노스페이스,KOSDAQ,1.2,11965.0,-5.5,484080,412044,57.9
314130,지놈앤컴퍼니,KOSDAQ,1.2,5310.0,-5.2,577026,488593,30.6
094800,맵스리얼티,KOSPI,1.1,6550.0,2.7,224480,210496,14.7
091700,파트론,KOSDAQ,1.1,6440.0,-2.0,266173,249270,17.1
078930,GS,KOSPI,1.1,71500.0,-1.9,316413,285709,226.2
215600,신라젠,KOSDAQ,1.1,2455.0,-4.8,425434,389844,10.4
047050,포스코인터내셔널,KOSPI,1.1,56400.0,-5.5,473712,418493,267.2
457190,이수스페셜티케미컬,KOSPI,1.1,81200.0,-6.8,163027,141934,132.4
004150,한솔홀딩스,KOSPI,1.1,3545.0,-2.2,238347,216010,8.4
458870,씨어스,KOSDAQ,1.1,32550.0,-6.7,264314,250378,86.0
007810,코리아써키트,KOSPI,1.1,134700.0,-5.1,300912,277293,405.3
272450,진에어,KOSPI,1.1,6060.0,-3.3,259384,242352,15.7
397030,에이프릴바이오,KOSDAQ,1.1,40900.0,-12.0,273170,255297,111.7
001780,알루코,KOSPI,1.1,1965.0,-5.5,789456,701213,15.5
072950,빛샘전자,KOSDAQ,1.1,10070.0,-3.0,253761,234921,25.6
003490,대한항공,KOSPI,1.1,28850.0,0.2,2201549,2095522,635.1
028670,팬오션,KOSPI,1.1,5140.0,-4.3,2628140,2466705,135.1
025820,이구산업,KOSPI,1.1,4745.0,-2.6,187898,167173,8.9
215790,이노인스트루먼트,KOSDAQ,1.1,1503.0,-0.3,4911075,4387200,73.8
041020,폴라리스오피스,KOSDAQ,1.1,3225.0,-3.7,676860,628043,21.8
035810,이지홀딩스,KOSDAQ,1.1,4540.0,-1.7,258260,229111,11.7
115450,HLB테라퓨틱스,KOSDAQ,1.1,2560.0,-5.0,311375,284710,8.0
006220,제주은행,KOSPI,1.1,12050.0,-0.4,2619663,2312410,315.7
086980,쇼박스,KOSDAQ,1.1,2410.0,-4.6,251905,222162,6.1
000880,한화,KOSPI,1.1,121900.0,-5.5,223802,200753,272.8
129920,대성하이텍,KOSDAQ,1.1,6040.0,-5.0,188850,175231,11.4
003530,한화투자증권,KOSPI,1.1,5710.0,-3.7,1385672,1246789,79.1
017550,수산세보틱스,KOSPI,1.1,2335.0,-8.4,1317848,1182352,30.8
161580,필옵틱스,KOSDAQ,1.1,40800.0,-5.1,207884,193273,84.8
001250,GS글로벌,KOSPI,1.1,3010.0,-6.7,1234779,1084365,37.2
321550,티움바이오,KOSDAQ,1.1,4340.0,-6.8,339583,305693,14.7
484590,삼양컴텍,KOSDAQ,1.1,9900.0,4.2,593522,525980,58.8
482630,삼양엔씨켐,KOSDAQ,1.1,18970.0,0.4,575284,517217,109.1
319660,피에스케이,KOSDAQ,1.1,171800.0,5.8,683749,620973,1174.7
432720,퀄리타스반도체,KOSDAQ,1.1,14260.0,1.5,307343,275348,43.8
295310,에이치브이엠,KOSDAQ,1.1,74300.0,-9.1,309846,280952,230.2
368770,파이버프로,KOSDAQ,1.1,14630.0,-3.1,220469,201407,32.3
022100,포스코DX,KOSPI,1.1,26550.0,-4.5,328921,307223,87.3
417010,나노팀,KOSDAQ,1.1,6830.0,-6.1,315752,292677,21.6
000680,LS네트웍스,KOSPI,1.1,3085.0,-3.6,198517,186055,6.1
008350,남선알미늄,KOSPI,1.1,1209.0,-4.5,1434696,1363112,17.3
088260,이리츠코크렙,KOSPI,1.1,3480.0,0.4,1601762,1463368,55.7
347850,디앤디파마텍,KOSDAQ,1.1,109100.0,0.9,1757911,1585996,1917.9
448730,삼성FN리츠,KOSPI,1.1,5600.0,-0.2,187983,170408,10.5
460860,동국제강,KOSPI,1.1,9650.0,-4.4,317372,278565,30.6
100590,머큐리,KOSDAQ,1.1,4920.0,-3.3,357678,337932,17.6
059090,미코,KOSDAQ,1.1,21200.0,2.9,428116,396409,90.8
101670,하이드로리튬,KOSDAQ,1.1,1320.0,-5.6,384489,339862,5.1
452190,한빛레이저,KOSDAQ,1.1,5180.0,-5.3,332846,309911,17.2
069540,빛과전자,KOSDAQ,1.1,3290.0,-3.7,9316579,8749904,306.5
478340,나라스페이스테크놀로지,KOSDAQ,1.1,19870.0,-6.3,146306,134030,29.1
093370,후성,KOSPI,1.1,18710.0,6.4,12677775,11442482,2372.0
010170,대한광통신,KOSDAQ,1.1,17660.0,-3.3,15378068,13548697,2715.8
047040,대우건설,KOSPI,1.0,22950.0,-7.5,11112396,11338263,2550.3
299660,셀리드,KOSDAQ,1.0,2635.0,-2.6,189990,185914,5.0
242040,나무기술,KOSDAQ,1.0,6370.0,-9.1,2488862,2437600,158.5
018500,동원금속,KOSPI,1.0,1600.0,-2.7,323701,327391,5.2
950160,코오롱티슈진,KOSDAQ,1.0,107200.0,-5.0,302962,288922,324.8
900140,엘브이엠씨홀딩스,KOSPI,1.0,1365.0,-2.5,536307,529700,7.3
383310,에코프로에이치엔,KOSDAQ,1.0,33300.0,0.9,313001,319100,104.2
077970,STX엔진,KOSPI,1.0,34500.0,-8.6,331774,347928,114.5
229640,LS에코에너지,KOSPI,1.0,65900.0,-8.5,224052,232187,147.7
013310,아진산업,KOSDAQ,1.0,3010.0,-4.1,304741,314064,9.2
267270,HD건설기계,KOSPI,1.0,144700.0,-7.2,376359,367114,544.6
001360,삼성제약,KOSPI,1.0,1488.0,-2.5,486478,500039,7.2
046940,우원개발,KOSDAQ,1.0,3385.0,-4.0,159046,154517,5.4
0015G0,그린광학,KOSDAQ,1.0,18550.0,-7.1,140832,139983,26.1
203650,드림시큐리티,KOSDAQ,1.0,2765.0,-6.6,2464389,2573695,68.1
016880,웅진,KOSPI,1.0,2095.0,-7.1,255219,263442,5.3
474170,루미르,KOSDAQ,1.0,8800.0,-5.9,177529,175937,15.6
204270,제이앤티씨,KOSDAQ,1.0,16210.0,-5.9,161736,159684,26.2
234340,헥토파이낸셜,KOSDAQ,1.0,22950.0,-4.2,170055,167075,39.0
039560,다산네트웍스,KOSDAQ,1.0,3245.0,-4.3,216080,216389,7.0
005440,현대지에프홀딩스,KOSPI,1.0,13600.0,-1.8,221834,218331,30.2
051600,한전KPS,KOSPI,1.0,50900.0,-2.3,225954,216867,115.0
950250,테라뷰,KOSDAQ,1.0,3055.0,-5.6,240951,246055,7.4
241560,두산밥캣,KOSPI,1.0,65800.0,-0.3,265147,274377,174.5
415640,KB발해인프라,KOSPI,1.0,10090.0,0.4,218193,213834,22.0
067630,HLB생명과학,KOSDAQ,1.0,3365.0,-3.7,240496,242540,8.1
048550,SM C&C,KOSDAQ,1.0,1291.0,0.2,973540,946232,12.6
092870,엑시콘,KOSDAQ,1.0,25600.0,-3.6,280254,273143,71.7
336570,원텍,KOSDAQ,1.0,6190.0,-6.4,1005111,962804,62.2
225190,LK삼양,KOSDAQ,1.0,1218.0,-6.5,662332,677683,8.1
037440,희림,KOSDAQ,1.0,4560.0,-11.5,765848,793736,34.9
322000,HD현대에너지솔루션,KOSPI,1.0,145500.0,-9.0,266076,260977,387.1
018470,조일알미늄,KOSPI,1.0,1124.0,-2.6,641931,658067,7.2
0004V0,엔비알모션,KOSDAQ,1.0,10050.0,-9.9,274216,262657,27.6
205100,엑셈,KOSDAQ,1.0,1519.0,-3.2,1451649,1385271,22.1
100840,SNT에너지,KOSPI,1.0,35300.0,-6.0,162914,158102,57.5
255220,SG,KOSDAQ,0.9,2180.0,-5.4,1378967,1615471,30.1
0011T0,채비,KOSDAQ,0.9,8230.0,-7.9,264454,290831,21.8
105560,KB금융,KOSPI,0.9,163500.0,-0.3,1349520,1564173,2206.5
025980,아난티,KOSDAQ,0.9,5170.0,-0.4,878268,996089,45.4
112290,와이씨켐,KOSDAQ,0.9,12810.0,-5.4,242395,276745,31.1
036200,유니셈,KOSDAQ,0.9,11220.0,-2.3,311998,359647,35.0
096350,대창솔루션,KOSDAQ,0.9,1984.0,-2.7,292930,312245,5.8
232680,라온로보틱스,KOSDAQ,0.9,12780.0,-3.8,212850,225358,27.2
053690,한미글로벌,KOSPI,0.9,19980.0,-4.4,143769,160131,28.7
181710,NHN,KOSPI,0.9,40950.0,5.3,185630,207006,76.0
053700,삼보모터스,KOSDAQ,0.9,4175.0,-3.8,237232,263765,9.9
060250,NHN KCP,KOSDAQ,0.9,14690.0,-5.1,272435,296604,40.0
321260,프로이천,KOSDAQ,0.9,2550.0,-6.2,664711,757100,17.0
058730,다스코,KOSPI,0.9,2700.0,-3.2,203216,234342,5.5
021080,에이티넘인베스트,KOSDAQ,0.9,2695.0,-4.8,263308,298532,7.1
075580,세진중공업,KOSPI,0.9,15430.0,-5.9,164845,190647,25.4
361610,SK아이이테크놀로지,KOSPI,0.9,18370.0,-5.0,150100,168261,27.6
491000,리브스메드,KOSDAQ,0.9,42200.0,-3.3,160773,182841,67.8
085910,네오티스,KOSDAQ,0.9,27250.0,-5.5,150342,168669,41.0
062970,한국첨단소재,KOSDAQ,0.9,1802.0,-9.1,2265387,2535399,40.8
042500,링네트,KOSDAQ,0.9,4150.0,-2.5,151298,177165,6.3
456160,지투지바이오,KOSDAQ,0.9,45000.0,-8.8,167926,190407,75.6
088130,동아엘텍,KOSDAQ,0.9,6360.0,-3.8,169146,197820,10.8
138080,오이솔루션,KOSDAQ,0.9,28850.0,-4.6,248663,262169,71.7
011170,롯데케미칼,KOSPI,0.9,79800.0,-2.6,152466,164581,121.7
042370,비츠로테크,KOSDAQ,0.9,11210.0,-3.4,213350,240680,23.9
308080,바이젠셀,KOSDAQ,0.9,7290.0,-4.5,271753,313291,19.8
033500,동성화인텍,KOSDAQ,0.9,19730.0,-2.3,155517,182743,30.7
446540,메가터치,KOSDAQ,0.9,7700.0,0.0,225496,256585,17.4
110990,디아이티,KOSDAQ,0.9,24400.0,-0.4,141185,161691,34.4
402490,그린리소스,KOSDAQ,0.9,10830.0,-4.9,237638,252568,25.7
417840,저스템,KOSDAQ,0.9,15700.0,-1.2,706761,754032,111.0
289080,SV인베스트먼트,KOSDAQ,0.9,2330.0,-4.1,389337,434470,9.1
001230,동국홀딩스,KOSPI,0.9,2010.0,-3.8,565824,631925,11.4
328130,루닛,KOSDAQ,0.9,13690.0,-6.9,473715,543335,64.9
000990,DB하이텍,KOSPI,0.9,153800.0,-3.0,488841,517479,751.8
382800,지앤비에스 에코,KOSDAQ,0.9,6160.0,-3.3,456565,489487,28.1
267320,나인테크,KOSDAQ,0.9,2550.0,-5.6,407428,476988,10.4
025860,남해화학,KOSPI,0.9,6310.0,-3.4,320207,344015,20.2
015590,DKME,KOSPI,0.9,2270.0,1.1,284527,324657,6.5
365330,에스와이스틸텍,KOSDAQ,0.9,2255.0,-8.7,548775,633940,12.4
090460,비에이치,KOSPI,0.9,26750.0,-7.3,594699,627641,159.1
088980,맥쿼리인프라,KOSPI,0.9,10840.0,-0.6,2123328,2433198,230.2
377190,디앤디플랫폼리츠,KOSPI,0.9,2010.0,0.2,1974209,2145673,39.7
000100,유한양행,KOSPI,0.9,78200.0,-1.1,196170,224649,153.4
056080,유진로봇,KOSDAQ,0.9,18450.0,-4.4,183075,207628,33.8
005860,한일사료,KOSDAQ,0.9,2460.0,-3.7,455051,516218,11.2
034230,파라다이스,KOSPI,0.9,14720.0,-2.5,608219,664154,89.5
290650,엘앤씨바이오,KOSDAQ,0.9,80800.0,-6.4,287240,314167,232.1
041440,현대에버다임,KOSDAQ,0.9,7790.0,-7.5,245402,271564,19.1
004100,태양금속,KOSPI,0.9,3000.0,-2.6,618575,678671,18.6
033790,피노,KOSDAQ,0.8,9090.0,2.4,626414,762302,56.9
090360,로보스타,KOSDAQ,0.8,103800.0,0.3,318601,404583,330.7
001200,유진투자증권,KOSPI,0.8,4835.0,-1.2,546866,687427,26.4
011930,신성이엔지,KOSPI,0.8,21200.0,-3.4,297697,383740,63.1
015860,일진홀딩스,KOSPI,0.8,7210.0,-1.0,191403,246264,13.8
451800,한화리츠,KOSPI,0.8,4920.0,2.3,321599,415593,15.8
395400,SK리츠,KOSPI,0.8,6030.0,2.6,570895,678679,34.4
378800,샤페론,KOSDAQ,0.8,1206.0,-5.8,602930,758574,7.3
257720,실리콘투,KOSDAQ,0.8,33850.0,-3.4,364022,465005,123.2
083450,GST,KOSDAQ,0.8,57400.0,-1.7,292584,348994,167.9
450080,에코프로머티,KOSPI,0.8,54300.0,-4.2,297129,377239,161.3
187660,페니트리움바이오,KOSDAQ,0.8,6240.0,-6.2,409339,489998,25.5
020150,롯데에너지머티리얼즈,KOSPI,0.8,51400.0,-6.9,172022,220810,88.4
007070,GS리테일,KOSPI,0.8,23250.0,-2.7,160110,197590,37.2
243840,신흥에스이씨,KOSDAQ,0.8,5970.0,-4.8,153633,195645,9.2
102120,어보브반도체,KOSDAQ,0.8,10220.0,-3.5,149715,191474,15.3
060370,LS마린솔루션,KOSDAQ,0.8,29700.0,-5.0,158033,195963,46.9
000240,한국앤컴퍼니,KOSPI,0.8,24500.0,-4.1,155367,199278,38.1
253840,수젠텍,KOSDAQ,0.8,4630.0,-4.6,160373,195856,7.4
039860,나노엔텍,KOSDAQ,0.8,4230.0,-2.9,175241,212458,7.4
001040,CJ,KOSPI,0.8,184800.0,1.0,142866,186526,264.0
174900,앱클론,KOSDAQ,0.8,31350.0,-7.8,150075,199872,47.0
049630,재영솔루텍,KOSDAQ,0.8,8960.0,-3.8,219032,280222,19.6
019180,티에이치엔,KOSPI,0.8,7050.0,-4.1,191931,239971,13.5
380550,뉴로핏,KOSDAQ,0.8,12410.0,-6.3,150187,192738,18.6
211270,AP위성,KOSDAQ,0.8,11090.0,-5.0,145522,188906,16.1
015760,한국전력,KOSPI,0.8,39450.0,-2.6,2759986,3364256,1088.8
009420,한올바이오파마,KOSPI,0.8,54700.0,-2.3,258412,312697,141.4
000720,현대건설,KOSPI,0.8,133900.0,-3.9,821218,974982,1099.6
353200,대덕전자,KOSPI,0.8,168000.0,-3.6,831125,1028056,1396.3
073010,케이에스피,KOSDAQ,0.8,3675.0,-6.5,174035,218900,6.4
042940,상지건설,KOSDAQ,0.8,7610.0,-4.2,145965,178881,11.1
001340,PKC,KOSPI,0.8,5910.0,-1.3,214290,275237,12.7
279570,케이뱅크,KOSPI,0.8,6890.0,-4.3,8429321,10100654,580.8
076610,해성옵틱스,KOSDAQ,0.8,1202.0,-6.8,1147695,1524227,13.8
036460,한국가스공사,KOSPI,0.8,34650.0,-3.9,211662,273164,73.3
251270,넷마블,KOSPI,0.8,40250.0,-3.4,245154,297387,98.7
010950,S-Oil,KOSPI,0.8,105300.0,-4.1,291385,345816,306.8
037560,LG헬로비전,KOSPI,0.8,2095.0,-3.7,866119,1045683,18.1
028300,HLB,KOSDAQ,0.8,50600.0,-0.4,730106,906209,369.4
035890,서희건설,KOSDAQ,0.8,2285.0,-5.0,723334,888567,16.5
486990,노타,KOSDAQ,0.8,25050.0,-5.3,190384,243623,47.7
067170,오텍,KOSDAQ,0.8,2445.0,-17.3,1258879,1646269,30.8
144960,뉴파워프라즈마,KOSDAQ,0.8,8750.0,-2.5,506746,596624,44.3
161390,한국타이어앤테크놀로지,KOSPI,0.8,65800.0,-2.9,388706,469884,255.8
064260,다날,KOSDAQ,0.8,5160.0,-4.4,464533,614369,24.0
330590,롯데리츠,KOSPI,0.8,3985.0,0.6,420531,533357,16.8
099430,바이오플러스,KOSDAQ,0.8,4405.0,-3.8,316835,390210,14.0
034830,한국토지신탁,KOSPI,0.8,1241.0,-1.4,473836,619019,5.9
003620,KG모빌리티,KOSPI,0.8,3105.0,-3.7,506874,654424,15.7
036710,심텍홀딩스,KOSDAQ,0.8,4830.0,-1.9,337870,398298,16.3
293580,나우IB,KOSDAQ,0.8,1611.0,-6.7,517377,612750,8.3
068270,셀트리온,KOSPI,0.8,173700.0,-0.5,387533,500727,673.1
120110,코오롱인더,KOSPI,0.8,66400.0,-6.6,206550,255095,137.1
451760,컨텍,KOSDAQ,0.8,12170.0,-6.7,199642,238421,24.3
085620,미래에셋생명,KOSPI,0.8,31800.0,3.9,5049584,6186618,1605.8
078150,HB테크놀러지,KOSDAQ,0.8,2750.0,-3.5,1390111,1732528,38.2
009830,한화솔루션,KOSPI,0.8,38200.0,-7.5,1495714,1971707,571.4
011200,HMM,KOSPI,0.8,20550.0,-7.0,1430588,1884795,294.0
475150,SK이터닉스,KOSPI,0.8,49000.0,-6.5,4963765,5998925,2432.2
025560,미래산업,KOSPI,0.8,43250.0,-2.1,178501,223598,77.2
096770,SK이노베이션,KOSPI,0.8,103700.0,-4.9,351745,456434,364.8
147830,제룡산업,KOSDAQ,0.8,7760.0,-2.3,181013,241051,14.0
103590,일진전기,KOSPI,0.8,86400.0,-2.8,302725,365578,261.6
005690,파미셀,KOSPI,0.8,14290.0,-3.4,520366,634841,74.4
272210,한화시스템,KOSPI,0.8,95900.0,-8.9,674875,823123,647.2
412350,레이저쎌,KOSDAQ,0.8,6200.0,1.1,276872,326879,17.2
001430,세아베스틸지주,KOSPI,0.8,43000.0,-7.0,206207,263665,88.7
142280,녹십자엠에스,KOSDAQ,0.8,3425.0,-4.5,302645,384414,10.4
347700,스피어,KOSDAQ,0.8,27375.0,-8.8,1041666,1343123,285.2
253590,네오셈,KOSDAQ,0.7,13240.0,-2.9,367304,503468,48.6
028050,삼성E&A,KOSPI,0.7,49600.0,-5.5,1837626,2522304,911.5
037030,파워넷,KOSDAQ,0.7,5450.0,-3.2,388102,547978,21.2
086960,MDS테크,KOSDAQ,0.7,2490.0,-0.4,349687,473791,8.7
476060,온코닉테라퓨틱스,KOSDAQ,0.7,16230.0,-4.2,182696,247123,29.7
183300,코미코,KOSDAQ,0.7,106900.0,0.0,209941,306005,224.4
037270,YG PLUS,KOSPI,0.7,3780.0,-3.7,210353,310489,8.0
051630,진양화학,KOSPI,0.7,2025.0,-7.1,513136,756403,10.4
440110,파두,KOSDAQ,0.7,104700.0,-1.2,590700,890524,618.5
003720,삼영,KOSPI,0.7,8280.0,-3.8,368065,501962,30.5
454910,두산로보틱스,KOSPI,0.7,102700.0,-3.3,513984,746344,527.9
192650,드림텍,KOSPI,0.7,5580.0,-3.8,571517,766575,31.9
456010,아이씨티케이,KOSDAQ,0.7,22150.0,-4.3,353118,517452,78.2
041190,우리기술투자,KOSDAQ,0.7,5580.0,-4.0,410964,594074,22.9
012800,대창,KOSPI,0.7,1275.0,-3.3,436312,621334,5.6
077360,덕산하이메탈,KOSDAQ,0.7,13680.0,-4.5,507009,769293,69.4
365550,ESR켄달스퀘어리츠,KOSPI,0.7,3995.0,0.1,418400,611037,16.7
074600,원익QnC,KOSDAQ,0.7,37900.0,-5.8,396543,557925,150.3
356680,엑스게이트,KOSDAQ,0.7,17510.0,-5.2,511137,704540,89.5
082270,젬백스,KOSDAQ,0.7,13910.0,-2.8,306217,432866,42.6
490470,세미파이브,KOSDAQ,0.7,26300.0,-2.0,330588,504771,86.9
001450,현대해상,KOSPI,0.7,39950.0,-0.5,486531,702858,194.4
016360,삼성증권,KOSPI,0.7,119500.0,-3.6,419216,581428,501.0
396300,세아메카닉스,KOSDAQ,0.7,4390.0,-4.7,409153,560383,18.0
100790,미래에셋벤처투자,KOSDAQ,0.7,25300.0,-7.0,1895636,2831563,479.6
001740,SK네트웍스,KOSPI,0.7,10740.0,-9.6,7315993,10376384,785.7
452260,한화갤러리아,KOSPI,0.7,2635.0,-6.2,1476721,1986256,38.9
052900,KX하이텍,KOSDAQ,0.7,1434.0,0.1,1686437,2398598,24.2
067310,하나마이크론,KOSDAQ,0.7,51500.0,1.6,1775942,2488343,914.6
006800,미래에셋증권,KOSPI,0.7,50900.0,1.0,2864363,3828119,1458.0
036540,SFA반도체,KOSDAQ,0.7,7200.0,-1.8,1853926,2739418,133.5
377300,카카오페이,KOSPI,0.7,46150.0,-0.3,200690,269426,92.6
012610,경인양행,KOSPI,0.7,4075.0,-3.2,204942,314843,8.4
004990,롯데지주,KOSPI,0.7,26500.0,-1.9,276769,387643,73.3
417200,LS머트리얼즈,KOSDAQ,0.7,16690.0,-5.7,682684,975643,113.9
281820,케이씨텍,KOSPI,0.7,91600.0,0.0,198801,281738,182.1
332570,PS일렉트로닉스,KOSDAQ,0.7,7120.0,-3.4,1143164,1701144,81.4
290690,소룩스,KOSDAQ,0.7,4755.0,-1.8,708190,1055007,33.7
264850,이랜시스,KOSDAQ,0.7,5200.0,-4.2,206082,279770,10.7
138040,메리츠금융지주,KOSPI,0.7,112100.0,-1.9,209303,310954,234.6
241520,DSC인베스트먼트,KOSDAQ,0.7,11000.0,-3.6,266657,357099,29.3
298830,슈어소프트테크,KOSDAQ,0.7,5140.0,-3.0,217140,323278,11.2
003000,부광약품,KOSPI,0.7,4485.0,-2.8,308468,431702,13.8
114090,GKL,KOSPI,0.7,11230.0,-3.9,258476,364447,29.0
274090,켄코아에어로스페이스,KOSDAQ,0.7,16350.0,-7.6,798322,1083615,130.5
218410,RFHIC,KOSDAQ,0.7,75300.0,-3.5,237153,326747,178.6
017670,SK텔레콤,KOSPI,0.7,96100.0,-2.9,1062759,1630561,1021.3
016380,KG스틸,KOSPI,0.7,5640.0,-3.6,293156,433223,16.5
050890,쏠리드,KOSDAQ,0.7,12390.0,-3.4,828015,1259990,102.6
252990,샘씨엔에스,KOSDAQ,0.7,14200.0,-1.5,721305,981312,102.4
000270,기아,KOSPI,0.7,160800.0,-3.3,905427,1297572,1455.9
005290,동진쎄미켐,KOSDAQ,0.7,62700.0,-2.8,696687,1047321,436.8
900290,GRT,KOSDAQ,0.7,3275.0,3.0,342500,482612,11.2
010660,화천기계,KOSPI,0.7,2980.0,-0.2,226555,317572,6.8
250060,모비스,KOSDAQ,0.7,3220.0,-3.6,166455,227568,5.4
059120,아진엑스텍,KOSDAQ,0.7,6890.0,-2.5,152858,234082,10.5
322310,오로스테크놀로지,KOSDAQ,0.7,29450.0,-0.2,165546,248722,48.8
039200,오스코텍,KOSDAQ,0.7,39750.0,-4.8,154028,216545,61.2
005250,녹십자홀딩스,KOSPI,0.7,11310.0,-3.6,163446,222747,18.5
006660,삼성공조,KOSPI,0.7,11280.0,-3.8,142376,202079,16.1
256840,한국비엔씨,KOSDAQ,0.7,2840.0,-5.2,241819,329389,6.9
0010F0,보원케미칼,KOSDAQ,0.7,3050.0,-6.2,171323,234404,5.2
339770,교촌에프앤비,KOSPI,0.7,3985.0,-1.8,142062,207937,5.7
092220,KEC,KOSPI,0.7,3850.0,-4.8,471562,721883,18.2
005880,대한해운,KOSPI,0.7,2065.0,-2.1,2302676,3351194,47.6
166090,하나머티리얼즈,KOSDAQ,0.7,68800.0,-4.4,192668,257257,132.6
161890,한국콜마,KOSPI,0.7,88100.0,-0.3,160881,222041,141.7
010140,삼성중공업,KOSPI,0.7,27800.0,-4.0,3329814,4967296,925.7
158430,아톤,KOSDAQ,0.7,5170.0,-2.6,167781,234097,8.7
212710,아이에스티이,KOSDAQ,0.7,10500.0,3.4,161702,238601,17.0
027360,아주IB투자,KOSDAQ,0.6,6400.0,-3.8,3612618,5924147,231.2
017800,현대엘리베이터,KOSPI,0.6,78800.0,-4.5,178804,323483,140.9
084370,유진테크,KOSDAQ,0.6,176000.0,0.5,186369,297190,328.0
356860,티엘비,KOSDAQ,0.6,90200.0,-2.0,158357,246554,142.8
319400,현대무벡스,KOSDAQ,0.6,33700.0,-6.8,786772,1270130,265.1
178320,서진시스템,KOSDAQ,0.6,69400.0,0.7,988940,1659261,686.3
004020,현대제철,KOSPI,0.6,33550.0,-3.9,466286,741423,156.4
060280,큐렉소,KOSDAQ,0.6,10360.0,-4.0,155171,246107,16.1
217190,제너셈,KOSDAQ,0.6,5970.0,-0.5,140331,246226,8.4
389260,대명에너지,KOSDAQ,0.6,16200.0,-9.3,228968,375399,37.1
024740,한일단조,KOSDAQ,0.6,2285.0,-4.0,239037,374422,5.5
018880,한온시스템,KOSPI,0.6,4630.0,-4.8,9780665,15222491,452.8
404990,신한서부티엔디리츠,KOSPI,0.6,4010.0,1.4,234811,366596,9.4
012200,계양전기,KOSPI,0.6,5900.0,-5.1,226256,374051,13.3
263750,펄어비스,KOSDAQ,0.6,39100.0,-2.9,218924,397909,85.6
027410,BGF,KOSPI,0.6,4070.0,-4.2,213347,342409,8.7
079160,CJ CGV,KOSPI,0.6,4595.0,-2.4,224837,361638,10.3
048770,TPC로보틱스,KOSDAQ,0.6,4130.0,-4.5,218752,385991,9.0
142210,유니트론텍,KOSDAQ,0.6,6690.0,-1.9,207932,372931,13.9
124500,아이티센글로벌,KOSDAQ,0.6,33150.0,-8.8,219592,394611,72.8
489790,한화비전,KOSPI,0.6,70700.0,-1.8,275378,452856,194.7
330860,네패스아크,KOSDAQ,0.6,52700.0,2.5,269111,475364,141.8
006360,GS건설,KOSPI,0.6,27950.0,-5.1,1105413,1751366,309.0
418420,라온텍,KOSDAQ,0.6,5510.0,-2.3,188134,312031,10.4
464080,에스오에스랩,KOSDAQ,0.6,12180.0,-6.8,183982,289049,22.4
459550,알트,KOSDAQ,0.6,1544.0,-6.7,602023,976792,9.3
036170,에이치엠넥스,KOSDAQ,0.6,3965.0,-0.5,735631,1137446,29.2
003690,코리안리,KOSPI,0.6,13870.0,-0.4,350772,591219,48.7
092200,디아이씨,KOSPI,0.6,6970.0,-8.5,1062927,1813431,74.1
055550,신한지주,KOSPI,0.6,101100.0,-1.9,1107337,1853431,1119.5
079370,제우스,KOSDAQ,0.6,11400.0,-1.9,194075,315418,22.1
007660,이수페타시스,KOSPI,0.6,121300.0,-2.2,734471,1176420,890.9
003160,디아이,KOSPI,0.6,29050.0,-0.9,263578,437981,76.6
114810,한솔아이원스,KOSDAQ,0.6,14610.0,-6.2,279368,446326,40.8
009410,태영건설,KOSPI,0.6,1743.0,-5.1,290510,469123,5.1
033160,엠케이전자,KOSDAQ,0.6,30000.0,-3.4,725112,1194399,217.5
000430,대원강업,KOSPI,0.6,4685.0,-7.8,444234,766889,20.8
003550,LG,KOSPI,0.6,109700.0,-2.5,376738,640825,413.3
281740,레이크머티리얼즈,KOSDAQ,0.6,16340.0,-4.3,359669,619630,58.8
085660,차바이오텍,KOSDAQ,0.6,12180.0,-3.2,181218,302592,22.1
098460,고영,KOSDAQ,0.6,34850.0,-1.8,1674042,2940626,583.4
001510,SK증권,KOSPI,0.6,3000.0,-5.1,3228233,5109483,96.8
090710,휴림로봇,KOSDAQ,0.6,10470.0,-4.6,2099081,3358700,219.8
012860,모베이스전자,KOSDAQ,0.6,3045.0,-3.6,440843,694203,13.4
125490,한라캐스트,KOSDAQ,0.6,11280.0,-6.5,498403,793966,56.2
217590,티엠씨,KOSPI,0.6,18080.0,-2.7,327434,560328,59.2
358570,지아이이노베이션,KOSDAQ,0.6,12530.0,-6.1,397849,669848,49.9
000370,한화손해보험,KOSPI,0.6,6840.0,-1.6,434104,691117,29.7
136480,하림,KOSDAQ,0.6,2815.0,-2.1,581466,996136,16.4
005940,NH투자증권,KOSPI,0.6,31500.0,-2.6,601441,994947,189.5
012030,DB,KOSPI,0.6,1893.0,-0.7,524706,871515,9.9
323410,카카오뱅크,KOSPI,0.6,22950.0,-3.0,636846,1001519,146.2
040350,크레오에스지,KOSDAQ,0.5,8380.0,-6.9,199642,420177,16.7
139130,iM금융지주,KOSPI,0.5,17360.0,-2.6,462967,860105,80.4
086790,하나금융지주,KOSPI,0.5,126600.0,-0.2,514489,1071270,651.3
232140,와이씨,KOSDAQ,0.5,15140.0,-2.9,499465,964897,75.6
073240,금호타이어,KOSPI,0.5,4810.0,-3.6,367120,715377,17.7
070300,엑스큐어,KOSDAQ,0.5,1332.0,-6.3,726438,1578739,9.7
271830,팸텍,KOSDAQ,0.5,1580.0,-1.8,944042,1960852,14.9
064400,LG씨엔에스,KOSPI,0.5,89700.0,-2.9,851132,1781401,763.5
123010,알엔티엑스,KOSDAQ,0.5,2165.0,-1.8,241680,515233,5.2
080580,오킨스전자,KOSDAQ,0.5,18040.0,-3.9,216554,435957,39.1
033780,KT&G,KOSPI,0.5,179800.0,-4.0,170771,311158,307.0
293940,신한알파리츠,KOSPI,0.5,5540.0,-0.9,176295,385415,9.8
034220,LG디스플레이,KOSPI,0.5,13450.0,-2.3,3460338,7348464,465.4
394800,쓰리빌리언,KOSDAQ,0.5,7020.0,-5.3,162265,298760,11.4
125020,티씨머티리얼즈,KOSDAQ,0.5,6760.0,-3.2,646572,1293624,43.7
007390,네이처셀,KOSDAQ,0.5,30800.0,-4.3,297044,642129,91.5
126640,화신정공,KOSDAQ,0.5,5730.0,-18.8,8854820,17034590,507.4
099440,스맥,KOSDAQ,0.5,3230.0,-3.0,193815,372362,6.3
030530,원익홀딩스,KOSDAQ,0.5,26600.0,-3.6,551390,1085069,146.7
388790,라이콤,KOSDAQ,0.5,6460.0,-10.2,1129471,2113039,73.0
261780,아리바이오랩,KOSDAQ,0.5,2715.0,-4.9,300842,613936,8.2
047810,한국항공우주,KOSPI,0.5,151800.0,-2.4,303978,597024,461.4
089970,브이엠,KOSDAQ,0.5,93800.0,7.1,583011,1071879,546.9
048410,현대바이오,KOSDAQ,0.5,9230.0,-4.8,616749,1362761,56.9
032640,LG유플러스,KOSPI,0.5,14990.0,-3.9,735089,1617400,110.2
025320,시노펙스,KOSDAQ,0.5,4470.0,-2.0,195201,395041,8.7
096250,와이즈넛,KOSDAQ,0.5,7470.0,29.9,174594,359670,13.0
015750,성우하이텍,KOSDAQ,0.5,6980.0,-2.0,212082,443757,14.8
035720,카카오,KOSPI,0.5,39300.0,-3.1,916590,1908601,360.2
316140,우리금융지주,KOSPI,0.5,31650.0,-1.6,1111332,2317146,351.7
030200,KT,KOSPI,0.4,54100.0,-2.2,240139,546517,129.9
0017J0,세미티에스,KOSDAQ,0.4,4825.0,-16.7,4589923,12681239,221.5
024060,흥구석유,KOSDAQ,0.4,10520.0,-4.0,350170,858044,36.8
033640,네패스,KOSDAQ,0.4,36250.0,-4.1,242750,545320,88.0
006920,모헨즈,KOSDAQ,0.4,3480.0,-7.2,255761,642814,8.9
138930,BNK금융지주,KOSPI,0.4,17780.0,-2.1,605336,1355127,107.6
030000,제일기획,KOSPI,0.4,19160.0,-4.2,343543,888675,65.8
200470,에이팩트,KOSDAQ,0.4,12100.0,-2.6,705867,1835956,85.4
175330,JB금융지주,KOSPI,0.4,26700.0,-2.0,316612,753580,84.5
024110,기업은행,KOSPI,0.4,21900.0,-2.4,644056,1645718,141.0
066430,아이로보틱스,KOSDAQ,0.3,3465.0,-4.3,2040694,8084675,70.7
035250,강원랜드,KOSPI,0.3,15240.0,-1.9,302770,913240,46.1
0117P0,피스피스스튜디오,KOSDAQ,0.3,7900.0,-7.6,589873,1725765,46.6
097800,윈팩,KOSDAQ,0.3,2765.0,-6.3,451377,1565480,12.5
089030,테크윙,KOSDAQ,0.3,60700.0,-2.3,1476545,4736965,896.3
043260,성호전자,KOSDAQ,0.3,40000.0,-6.3,1663769,4798594,665.5
003280,흥아해운,KOSPI,0.3,1774.0,-4.7,3041176,9435810,54.0
336370,솔루스첨단소재,KOSPI,0.2,11190.0,0.2,190345,773423,21.3
