ticker,ratio,latest_close,latest_volume,baseline_volume,dollar_volume_M,intraday_chg_%,latest_date
OBAI,1567.1,1.11,497839592,317674,552.6,22.4,2026-06-16
CRVO,1265.0,4.52,200678221,158640,907.07,35.3,2026-06-16
IVDA,733.8,0.515,367656679,501021,189.34,14.4,2026-06-16
CRE,300.4,3.27,22910131,76275,74.92,-22.3,2026-06-16
ZVZZT,200.8,18.53,35872301,178625,664.71,53.1,2026-06-16
SUGP,148.7,1.11,257530907,1731504,285.86,-53.8,2026-06-16
NIVF,126.4,0.7,106451933,841910,74.52,-8.9,2026-06-16
MCRP,114.8,2.08,7826344,68154,16.28,3.5,2026-06-16
BEEM,111.9,1.32,55527839,496110,73.3,-10.2,2026-06-16
BTTC,109.7,0.691,8602940,78415,5.94,-5.2,2026-06-16
MYSE,82.4,2.3,15241703,184892,35.06,12.2,2026-06-16
TRNR,80.2,0.722,17787887,221897,12.85,37.2,2026-06-16
WNW,74.6,3.5,12096809,162140,42.34,-9.3,2026-06-16
FTHM,54.9,0.633,13092564,238622,8.29,32.2,2026-06-16
ALBT,51.1,0.311,13621561,266609,4.24,1.3,2026-06-16
TDIC,45.6,7.6,17876749,392067,135.86,-18.7,2026-06-16
NMRA,37.9,1.56,28535158,752288,44.51,64.2,2026-06-16
AHMA,37.3,2.69,39379293,1054704,105.93,-10.5,2026-06-16
ORKT,34.8,1.3,3782117,108707,4.92,10.2,2026-06-16
CCTG,33.3,1.48,122567201,3676925,181.4,63.1,2026-06-16
ELTX,31.3,2.76,4871359,155665,13.44,-32.4,2026-06-16
CTM,28.0,0.727,16514758,590750,12.01,5.6,2026-06-16
HITI,25.4,2.52,7643087,300771,19.26,-2.7,2026-06-16
SNOA,21.3,1.1,1255517,58938,1.38,0.0,2026-06-16
BIAF,20.4,0.945,3239083,159072,3.06,-27.3,2026-06-16
LPRO,19.1,3.11,28218753,1475051,87.76,0.0,2026-06-16
CREG,17.6,2.07,4262159,241559,8.82,-1.4,2026-06-16
DOMO,16.2,2.05,15538390,960442,31.85,-17.2,2026-06-16
GRAF,14.3,10.86,2111190,147671,22.93,-0.8,2026-06-16
SNWV,13.8,8.51,1039533,75451,8.85,-14.5,2026-06-16
SVAC,13.6,10.3,1453872,106797,14.97,-0.3,2026-06-16
CAMP,12.6,4.13,867458,69033,3.58,-8.0,2026-06-16
SLP,12.4,18.24,2174619,175446,39.67,0.2,2026-06-16
WLDS,11.5,0.802,1478791,128600,1.19,0.9,2026-06-16
ONCO,11.1,1.08,4063861,365084,4.39,-1.8,2026-06-16
CMND,10.8,3.14,1687676,156441,5.3,-3.1,2026-06-16
CNTX,10.3,0.65,6096459,593667,3.96,-7.8,2026-06-16
RTB,9.9,9.37,758864,76503,7.11,54.1,2026-06-16
HQ,9.1,18.7,1570696,173302,29.37,7.1,2026-06-16
MSGY,9.0,0.584,7901850,882625,4.62,5.0,2026-06-16
VNCE,9.0,6.95,1902419,210274,13.22,39.3,2026-06-16
IVOL,8.9,17.61,818399,92235,14.41,-0.1,2026-06-16
MFIN,8.8,9.87,547178,62110,5.4,-0.3,2026-06-16
CMTL,8.7,2.99,2607353,299082,7.8,6.0,2026-06-16
HUN,8.2,13.18,27912623,3412699,367.89,-11.5,2026-06-16
WBX,8.0,3.95,493987,61642,1.95,42.6,2026-06-16
PRFX,7.8,1.84,2901349,370290,5.34,9.5,2026-06-16
VTGN,7.3,0.69,4394251,600792,3.03,19.0,2026-06-16
OGI,7.3,1.01,2305444,317758,2.33,-1.0,2026-06-16
ALVO,7.1,3.87,5493541,768983,21.26,0.5,2026-06-16
SLGB,6.8,0.803,12830769,1900263,10.31,-2.0,2026-06-16
EVTV,6.3,1.48,1744872,275936,2.58,1.4,2026-06-16
PMAX,6.1,1.93,3901956,634825,7.53,-5.9,2026-06-16
SPCB,6.1,12.24,331781,54369,4.06,12.1,2026-06-16
GUTS,5.9,0.776,6907462,1169404,5.36,-10.8,2026-06-16
LION,5.8,16.36,16425742,2836164,268.73,13.3,2026-06-16
PDC,5.8,6.07,327197,55997,1.99,1.0,2026-06-16
HUBC,5.7,2.03,17192255,3000594,34.9,10.9,2026-06-16
HCWB,5.6,1.14,4311344,770212,4.91,2.7,2026-06-16
QXL,5.5,5.54,341150,61799,1.89,6.9,2026-06-16
RRGB,5.4,6.05,1114581,207224,6.74,20.0,2026-06-16
SABS,5.4,3.66,1921546,352735,7.03,-6.4,2026-06-16
TROO,5.3,2.67,1454495,273264,3.88,13.6,2026-06-16
CARL,5.2,10.57,336064,64674,3.55,-4.6,2026-06-16
RXT,5.2,6.21,82389600,15739760,511.64,-8.2,2026-06-16
RFIL,5.0,16.44,1025991,205636,16.87,-7.4,2026-06-16
LITS,4.9,0.92,1474450,301669,1.36,16.3,2026-06-16
BMBL,4.6,3.06,9939787,2146954,30.42,4.1,2026-06-16
AMPX.WS,4.5,6.7,434671,97471,2.91,-6.6,2026-06-16
CTNM,4.5,12.4,590903,131883,7.33,-2.1,2026-06-16
CLAR,4.5,3.08,896905,197191,2.76,-2.2,2026-06-16
ALXO,4.5,1.38,2946927,653352,4.07,-13.2,2026-06-16
FA,4.4,16.71,2831757,647356,47.32,-1.2,2026-06-16
SKBL,4.4,3.3,497005,113393,1.64,10.0,2026-06-16
CMTG,4.3,2.8,1918160,447751,5.37,2.9,2026-06-16
MUJ,4.3,12.26,304177,70328,3.73,-0.4,2026-06-16
ARQQ,4.3,19.94,2305121,537551,45.96,14.7,2026-06-16
BRBS,4.2,3.27,919327,217488,3.01,-1.5,2026-06-16
ARI,4.1,10.83,3622238,886507,39.23,-1.1,2026-06-16
CTMX,4.1,2.93,10574125,2596642,30.98,-3.3,2026-06-16
SCLX,4.0,5.88,314964,79194,1.85,-7.8,2026-06-16
EMPD,3.8,3.98,455090,119261,1.81,3.9,2026-06-16
ZSQR,3.6,14.87,857930,241273,12.76,18.8,2026-06-16
PLAY,3.6,11.55,7012108,1932501,80.99,10.8,2026-06-16
SABR,3.6,1.98,16372106,4533710,32.42,12.5,2026-06-16
CODA,3.5,9.31,515108,146509,4.8,-0.6,2026-06-16
NNBR,3.5,2.85,1131231,320469,3.22,-4.7,2026-06-16
SNDL,3.5,1.43,6912915,1953504,9.89,-0.7,2026-06-16
BCHT,3.5,2.17,463182,132755,1.01,3.8,2026-06-16
OCCI,3.5,2.68,604777,171513,1.62,-1.5,2026-06-16
RAAQ,3.4,10.5,1196547,353829,12.56,-1.4,2026-06-16
OPTX,3.4,11.38,3579798,1066480,40.74,-9.8,2026-06-16
NEXN,3.3,8.75,476181,143290,4.17,0.7,2026-06-16
OTF,3.3,11.01,5255235,1611022,57.86,2.0,2026-06-16
TKNO,3.3,4.61,439791,134744,2.03,12.2,2026-06-16
OSTX,3.3,1.77,1090909,333690,1.93,2.3,2026-06-16
AVAT,3.2,0.96,3242621,1013412,3.11,-20.7,2026-06-16
MNR,3.2,12.63,862188,270836,10.89,0.0,2026-06-16
CCRN,3.2,13.18,863249,271687,11.38,0.0,2026-06-16
CV,3.1,6.63,310513,99064,2.06,-7.8,2026-06-16
OSS,3.1,18.04,2822246,898302,50.91,-2.5,2026-06-16
MGF,3.1,2.835,353034,114882,1.0,-1.9,2026-06-16
VWAV,3.1,5.62,1228060,397061,6.9,14.5,2026-06-16
DIBS,3.1,4.03,380116,123775,1.53,-1.5,2026-06-16
TPVG,3.1,5.13,658745,210894,3.38,-1.3,2026-06-16
DERM,3.1,6.11,501380,161617,3.06,-4.4,2026-06-16
OWLT,3.0,4.44,423748,142430,1.88,-4.5,2026-06-16
DHX,3.0,3.48,392008,131958,1.36,2.4,2026-06-16
TRVI,3.0,15.4,3430157,1125122,52.82,5.0,2026-06-16
RNTX,3.0,0.945,1261813,422593,1.19,1.7,2026-06-16
QNC,3.0,3.34,1389230,456456,4.64,-0.6,2026-06-16
SKYA,2.9,1.29,971601,338308,1.25,-1.5,2026-06-16
ORN,2.9,15.34,801308,279347,12.29,1.9,2026-06-16
SEV,2.9,2.34,440660,153806,1.03,4.0,2026-06-16
VIVO,2.9,5.73,3176072,1081816,18.2,11.9,2026-06-16
NEO,2.9,10.49,4968156,1730066,52.12,1.9,2026-06-16
OPFI,2.9,8.78,1519389,520832,13.34,6.3,2026-06-16
ERIC,2.9,11.75,21770797,7522374,255.81,-1.8,2026-06-16
TRT,2.8,12.59,1385950,486642,17.45,3.2,2026-06-16
ASBP,2.8,6.19,454975,159850,2.82,16.6,2026-06-16
BWEN,2.8,4.78,1366267,496292,6.53,19.5,2026-06-16
OBE,2.8,9.87,1319386,463432,13.02,-4.3,2026-06-16
OBIO,2.7,3.85,479402,175663,1.85,-3.7,2026-06-16
EU,2.7,1.67,7870132,2951718,13.14,5.0,2026-06-16
EBS,2.7,7.75,1824427,683367,14.14,-6.5,2026-06-16
RITR,2.7,0.651,2734910,1008252,1.78,14.2,2026-06-16
SNAP,2.7,5.16,102121766,37562613,526.95,-9.8,2026-06-16
NIXX,2.7,0.889,3248529,1213615,2.89,5.4,2026-06-16
TLX,2.7,9.58,555739,202532,5.32,-0.7,2026-06-16
PACK,2.6,7.46,916750,354201,6.84,-2.9,2026-06-16
HYPD,2.6,3.24,1293751,499442,4.19,9.1,2026-06-16
AGPU,2.6,7.4,457019,175240,3.38,0.7,2026-06-16
UAE,2.6,19.73,971898,380702,19.18,0.9,2026-06-16
PRCH,2.6,11.4,2919460,1107409,33.28,8.0,2026-06-16
PEW,2.6,2.42,565427,213537,1.37,-5.5,2026-06-16
CEPT,2.5,12.0,1339541,539754,16.07,1.2,2026-06-16
EPRX,2.5,6.03,594624,237658,3.59,-2.9,2026-06-16
PEPG,2.5,1.59,1171814,476464,1.86,-2.5,2026-06-16
DHT,2.5,18.41,4786198,1927705,88.11,-0.5,2026-06-16
SMWB,2.5,5.05,1326685,535689,6.7,-2.5,2026-06-16
AIBZ,2.5,7.6,893368,359579,6.79,1.3,2026-06-16
AOMR,2.5,8.51,337622,136490,2.87,1.8,2026-06-16
DOUG,2.4,1.71,754176,313251,1.29,-2.3,2026-06-16
BEZ,2.4,16.82,363949,153614,6.12,-5.5,2026-06-16
BHR,2.4,2.04,1144160,472059,2.33,-5.1,2026-06-16
IMMX,2.4,8.74,2618801,1094685,22.89,2.8,2026-06-16
ADPT,2.4,17.22,6864844,2918803,118.21,6.6,2026-06-16
XPER,2.4,7.86,660837,269992,5.19,1.3,2026-06-16
LILA,2.4,7.082,900595,374279,6.38,0.6,2026-06-16
SHIM,2.4,3.72,334831,140341,1.25,-2.1,2026-06-16
NNDM,2.4,1.23,6164876,2578200,7.58,0.8,2026-06-16
BTBT,2.4,2.04,49930561,21008907,101.86,6.3,2026-06-16
RPAY,2.3,3.28,698979,297486,2.29,-2.4,2026-06-16
KVHI,2.3,8.97,628532,276355,5.64,2.3,2026-06-16
LX,2.3,2.03,2290245,1013389,4.65,-4.7,2026-06-16
SLQT,2.3,1.01,2016189,874003,2.04,8.6,2026-06-16
HFRO,2.3,7.27,368325,161521,2.68,1.5,2026-06-16
INLF,2.3,3.82,909889,388692,3.48,-1.8,2026-06-16
OLPX,2.3,2.05,10353311,4516444,21.22,1.0,2026-06-16
ACTG,2.3,4.68,491028,215414,2.3,-0.6,2026-06-16
CING,2.3,4.74,632394,270760,3.0,-3.7,2026-06-16
CNTN,2.3,3.3,2286710,1006110,7.55,0.0,2026-06-16
CORD,2.3,4.1,9402422,4121114,38.55,-17.5,2026-06-16
FTCA,2.3,7.385,335640,146070,2.48,-0.3,2026-06-16
ARDT,2.3,9.26,1282632,560202,11.88,-3.5,2026-06-16
MBLY,2.2,9.62,8746794,3928399,84.14,-0.3,2026-06-16
BAK,2.2,3.33,6730864,3117966,22.41,-7.2,2026-06-16
GRML,2.2,0.323,5322398,2469338,1.72,12.2,2026-06-16
SHMD,2.2,6.19,2700898,1217168,16.72,-11.3,2026-06-16
IBIO,2.2,1.55,1049310,481435,1.63,-6.6,2026-06-16
GEL,2.2,14.44,349230,161235,5.04,2.0,2026-06-16
ERII,2.2,8.58,1535699,704946,13.18,-2.1,2026-06-16
VMAR,2.2,2.61,559127,256823,1.46,-1.6,2026-06-16
USOY,2.2,7.155,860139,393892,6.15,-1.6,2026-06-16
PTRN,2.2,19.17,2545213,1144468,48.79,-1.4,2026-06-16
MOBI,2.2,13.24,360489,166414,4.77,20.8,2026-06-16
FNRN,2.2,18.21,367364,165733,6.69,1.0,2026-06-16
VRA,2.2,3.59,493107,225032,1.77,-4.0,2026-06-16
OXLC,2.2,8.78,1980548,898010,17.39,-3.0,2026-06-16
PEB,2.2,19.38,6095139,2816502,118.12,4.3,2026-06-16
ENGN,2.2,1.75,1216351,554759,2.13,0.6,2026-06-16
SRI,2.2,7.59,358752,159567,2.72,0.3,2026-06-16
SPSK,2.2,18.05,489838,225366,8.84,-0.2,2026-06-16
SPPL,2.2,3.55,4578977,2114024,16.26,0.3,2026-06-16
TCPC,2.2,3.48,1268269,585159,4.41,0.6,2026-06-16
NFXL,2.1,19.29,1871285,878548,36.1,-7.7,2026-06-16
ZNB,2.1,0.918,3528180,1671262,3.24,2.8,2026-06-16
CHGG,2.1,1.16,1597098,774940,1.85,7.4,2026-06-16
EOSE,2.1,6.81,39221771,18924256,267.1,-4.3,2026-06-16
FULC,2.1,3.46,6026555,2907243,20.85,-1.7,2026-06-16
LASE,2.1,2.38,30139538,14619501,71.73,3.9,2026-06-16
ORBS,2.1,1.08,35265195,16746496,38.09,3.8,2026-06-16
JCAP,2.1,16.95,409294,193004,6.94,3.5,2026-06-16
GRND,2.1,13.36,3142768,1485686,41.99,6.1,2026-06-16
PROP,2.1,0.64,4906104,2303499,3.14,-9.5,2026-06-16
POWW,2.1,1.95,635375,295629,1.24,-3.5,2026-06-16
CAST,2.1,3.75,13239436,6248291,49.65,10.3,2026-06-16
AII,2.0,17.15,331650,163251,5.69,1.8,2026-06-16
ATAI,2.0,4.14,10009481,4893765,41.44,7.8,2026-06-16
LIXT,2.0,6.88,774818,384020,5.33,0.3,2026-06-16
RAIL,2.0,8.79,396015,201569,3.48,6.8,2026-06-16
SOFX,2.0,10.16,2341089,1151624,23.79,5.5,2026-06-16
ANY,2.0,3.48,1031135,528763,3.59,10.8,2026-06-16
RBLU,2.0,7.6,440412,219123,3.35,15.9,2026-06-16
DFLI,2.0,1.91,607079,306355,1.16,0.0,2026-06-16
NKLR,2.0,5.0,587484,287754,2.94,-4.8,2026-06-16
CABA,2.0,2.8,6157108,3052376,17.24,-7.0,2026-06-16
SPH,2.0,17.17,310376,152254,5.33,-1.4,2026-06-16
GETY,1.9,0.673,3130899,1665466,2.11,-4.0,2026-06-16
GME.WS,1.9,2.82,680832,362374,1.92,-3.8,2026-06-16
GILT,1.9,13.55,1452623,777232,19.68,-4.2,2026-06-16
SGMT,1.9,6.3,1246761,655771,7.85,-2.2,2026-06-16
SERV,1.9,6.56,10497123,5626288,68.86,-8.9,2026-06-16
LUCD,1.9,1.02,1717194,894697,1.75,1.0,2026-06-16
OSG,1.9,5.65,554483,298036,3.13,-2.2,2026-06-16
LILAK,1.9,7.082,1374608,736518,9.73,-0.1,2026-06-16
PAYP,1.9,13.38,2234678,1183244,29.9,-5.3,2026-06-16
ANGI,1.9,5.39,1273999,660788,6.87,-1.6,2026-06-16
ANTX,1.9,4.76,365977,190608,1.74,-3.4,2026-06-16
MGNI,1.9,18.55,6381128,3284644,118.37,10.6,2026-06-16
MIR,1.9,17.31,5036445,2608378,87.18,2.1,2026-06-16
LZM,1.9,4.35,1228180,640176,5.34,6.6,2026-06-16
FSK,1.9,10.78,4322031,2324281,46.59,-1.6,2026-06-16
VMD,1.9,10.32,392008,204603,4.05,-1.1,2026-06-16
FOSL,1.9,4.41,1177182,610632,5.19,1.8,2026-06-16
VLRS,1.9,8.67,789541,424104,6.85,3.2,2026-06-16
BBOT,1.9,7.73,551143,297080,4.26,-0.9,2026-06-16
VENU,1.9,2.84,641315,333044,1.82,3.6,2026-06-16
DXST,1.9,3.03,400650,212638,1.21,10.2,2026-06-16
SWIM,1.9,5.46,1358030,697288,7.41,-0.9,2026-06-16
ESRT,1.9,5.36,6957805,3585141,37.29,0.2,2026-06-16
UPXI,1.9,0.952,3734083,1916836,3.55,-11.5,2026-06-16
BTQ,1.9,5.33,5425487,2816113,28.92,2.5,2026-06-16
PUSA,1.9,4.42,1296542,683955,5.73,-10.3,2026-06-16
NFE,1.9,0.529,4459328,2373335,2.36,6.3,2026-06-16
KLRA,1.8,18.55,723293,407863,13.42,-6.5,2026-06-16
RKT,1.8,13.92,38265547,20896839,532.66,1.2,2026-06-16
JOBY,1.8,9.34,49006479,27903614,457.72,-3.2,2026-06-16
ARX,1.8,13.35,2643351,1453160,35.29,0.2,2026-06-16
SBRA,1.8,18.56,5063723,2785410,93.98,-0.6,2026-06-16
APLZ,1.8,12.8,482515,269738,6.18,-0.8,2026-06-16
OTLK,1.8,1.57,42831636,23317987,67.25,30.8,2026-06-16
OMER,1.8,9.48,2608247,1476051,24.73,1.5,2026-06-16
OABI,1.8,2.02,691648,393382,1.4,-4.3,2026-06-16
BABX,1.8,18.67,1084577,601407,20.25,3.1,2026-06-16
GBTG,1.8,9.36,4890266,2725015,45.77,-0.2,2026-06-16
ONCY,1.8,0.95,2637367,1433391,2.5,7.9,2026-06-16
SLNH,1.8,1.76,31462703,17439998,55.37,14.7,2026-06-16
ECC,1.8,3.73,2007792,1092719,7.49,-2.1,2026-06-16
FPEI,1.8,19.32,528737,301033,10.22,0.1,2026-06-16
TASK,1.8,5.36,783238,443779,4.2,-0.7,2026-06-16
STIM,1.8,1.2,1891967,1072352,2.27,-5.5,2026-06-16
PURR,1.8,10.04,26484566,15012068,265.91,-2.8,2026-06-16
KDK,1.8,6.01,2502276,1373540,15.04,-0.7,2026-06-16
PALI,1.8,1.78,3491900,1907174,6.22,6.0,2026-06-16
NAT,1.8,5.52,6603840,3722950,36.45,0.9,2026-06-16
CGTX,1.7,1.26,1078558,648160,1.36,3.3,2026-06-16
ODTX,1.7,17.87,451892,259834,8.08,0.2,2026-06-16
WHWK,1.7,4.17,345872,207517,1.44,2.7,2026-06-16
CHRS,1.7,1.38,1116591,674516,1.54,0.7,2026-06-16
HSAI,1.7,17.14,2215495,1332194,37.97,-4.7,2026-06-16
XNDU,1.7,13.37,3897527,2240301,52.11,-0.8,2026-06-16
KLC,1.7,3.8,916141,547650,3.48,-5.7,2026-06-16
NIO,1.7,5.01,43635396,25510740,218.61,-0.4,2026-06-16
ZONE,1.7,0.8,4822720,2805421,3.86,4.7,2026-06-16
PRLD,1.7,4.2,450507,258321,1.89,-6.3,2026-06-16
TAL,1.7,9.16,4341089,2531747,39.76,-0.5,2026-06-16
MNTN,1.7,8.81,1504564,897784,13.26,-0.6,2026-06-16
PRAA,1.7,15.65,1002267,594940,15.69,0.1,2026-06-16
PDSB,1.7,0.96,1359249,786089,1.3,-3.0,2026-06-16
KYIV,1.7,13.98,611682,368561,8.55,-0.1,2026-06-16
PTEN,1.7,10.35,12644614,7269879,130.87,-4.0,2026-06-16
PPCB,1.7,1.93,732033,428814,1.41,-11.5,2026-06-16
ASPN,1.7,5.82,1808631,1084588,10.53,-1.9,2026-06-16
CERT,1.7,6.05,7111920,4273403,43.03,15.5,2026-06-16
RC,1.7,1.67,1906150,1108112,3.18,-3.5,2026-06-16
FCEL,1.7,19.75,14339180,8282097,283.2,16.2,2026-06-16
NBIZ,1.7,7.82,3232664,1859751,25.28,-7.0,2026-06-16
OPTU,1.7,1.29,14175083,8242639,18.29,-6.5,2026-06-16
SLI,1.7,3.51,2439306,1415835,8.56,-1.7,2026-06-16
BIRD,1.7,3.94,366153,212929,1.44,1.8,2026-06-16
RBBN,1.7,2.61,1052250,609841,2.75,-4.4,2026-06-16
NEXT,1.7,7.27,3890972,2267555,28.29,-4.0,2026-06-16
SPRO,1.7,2.77,1432159,850269,3.97,-5.8,2026-06-16
AGEN,1.7,2.98,836459,502280,2.49,-8.6,2026-06-16
SBS,1.6,5.51,10041328,6466358,55.33,-1.3,2026-06-16
INFY,1.6,11.97,17804763,10922626,213.12,0.9,2026-06-16
AMPU,1.6,7.4,327679,202072,2.42,-11.8,2026-06-16
AACP,1.6,9.96,471914,295812,4.7,-0.4,2026-06-16
ACCO,1.6,3.96,1272885,808137,5.04,0.3,2026-06-16
ACB,1.6,3.0,1437706,884161,4.31,1.7,2026-06-16
NOV,1.6,19.96,4725233,2911409,94.32,-1.5,2026-06-16
UBXG,1.6,9.7,2026516,1266505,19.66,-1.1,2026-06-16
AGNT,1.6,4.92,1670799,1032856,8.22,3.1,2026-06-16
AHCO,1.6,10.14,1439017,905723,14.59,1.5,2026-06-16
ALTG,1.6,7.24,302583,190470,2.19,4.9,2026-06-16
GRNT,1.6,4.69,1080680,665273,5.07,0.9,2026-06-16
PFXF,1.6,18.53,1279779,797768,23.71,-1.1,2026-06-16
CHPT,1.6,7.2,678296,428455,4.88,2.3,2026-06-16
HLX,1.6,9.2,1875642,1153303,17.26,-2.1,2026-06-16
LADR,1.6,10.25,1207551,760046,12.38,0.8,2026-06-16
RCAX,1.6,6.7,1082093,695996,7.25,-14.8,2026-06-16
MICC,1.6,17.43,2003546,1221101,34.92,-1.5,2026-06-16
FDUS,1.6,18.34,389890,239827,7.15,1.4,2026-06-16
OPEN,1.6,4.75,63690136,38631134,302.53,3.7,2026-06-16
OPRA,1.6,19.01,473972,296492,9.01,-1.2,2026-06-16
HBNC,1.6,19.43,624752,383406,12.14,-0.2,2026-06-16
SMUP,1.6,6.63,363413,232354,2.41,-11.6,2026-06-16
FIGS,1.6,12.22,4319581,2732950,52.79,-1.0,2026-06-16
MH,1.6,10.31,1364165,875939,14.06,-1.5,2026-06-16
NBP,1.6,1.51,684804,439214,1.03,-6.2,2026-06-16
AXTU,1.6,14.36,487591,298007,7.0,-28.2,2026-06-16
BHK,1.6,8.99,364542,232353,3.28,0.4,2026-06-16
MUZ,1.6,15.46,1286882,792245,19.9,13.2,2026-06-16
BRSP,1.6,5.68,1532934,937387,8.71,0.9,2026-06-16
PR,1.6,18.67,13940766,8676698,260.27,1.4,2026-06-16
VG,1.6,11.09,20773918,12848656,230.38,-2.6,2026-06-16
OCGN,1.6,1.18,7714206,4719167,9.1,-3.3,2026-06-16
DX,1.6,13.21,6033413,3826236,79.7,0.2,2026-06-16
VGZ,1.6,2.52,3280270,2090864,8.27,0.8,2026-06-16
NWBI,1.6,14.62,1278270,823232,18.69,-0.1,2026-06-16
KRO,1.6,6.97,328208,206934,2.29,-1.7,2026-06-16
NUS,1.6,5.05,984531,620366,4.97,-2.9,2026-06-16
BTCS,1.6,1.19,1631397,1019701,1.94,-1.7,2026-06-16
ALIT,1.6,0.617,47136106,28867065,29.06,-9.7,2026-06-16
ALEC,1.6,1.54,712030,434247,1.1,4.8,2026-06-16
ACI,1.6,15.08,10949822,6925741,165.12,1.2,2026-06-16
ABEO,1.6,5.65,1564069,985217,8.84,-0.4,2026-06-16
PBR,1.5,17.05,23657941,15338295,403.37,0.5,2026-06-16
CRBP,1.5,7.88,482852,314618,3.8,-5.1,2026-06-16
XPEV,1.5,13.84,9199530,6334131,127.32,-1.6,2026-06-16
CRCG,1.5,14.93,2460211,1689298,36.73,-6.7,2026-06-16
IIIV,1.5,19.91,461726,301048,9.19,1.6,2026-06-16
DDL,1.5,2.28,936787,616167,2.14,-3.8,2026-06-16
PAYO,1.5,7.02,18802337,12391540,131.99,-0.1,2026-06-16
HUYA,1.5,2.35,1222423,827405,2.87,-2.1,2026-06-16
EC,1.5,15.79,3812844,2532726,60.2,1.9,2026-06-16
EARN,1.5,4.49,375319,248066,1.69,-0.7,2026-06-16
MOBX,1.5,2.1,1319760,866573,2.77,9.4,2026-06-16
EGY,1.5,5.44,1355312,874473,7.37,2.4,2026-06-16
BTAI,1.5,1.2,921153,597644,1.11,3.4,2026-06-16
WB,1.5,7.5,1579443,1079879,11.85,-1.3,2026-06-16
AMPH,1.5,19.96,724208,484909,14.46,0.3,2026-06-16
AISP,1.5,2.79,961833,631057,2.68,-1.4,2026-06-16
AGRO,1.5,9.93,1488316,1007527,14.78,-6.8,2026-06-16
ACHV,1.5,5.55,1785854,1230563,9.91,-0.9,2026-06-16
AIV,1.5,2.91,2545029,1642829,7.41,0.7,2026-06-16
QUBX,1.5,12.36,465062,313796,5.75,-13.3,2026-06-16
CARS,1.5,10.13,1014446,666181,10.28,5.9,2026-06-16
BWIN,1.5,18.69,1769129,1177351,33.07,2.8,2026-06-16
ARHS,1.5,7.19,1782101,1217980,12.81,-3.5,2026-06-16
AUPH,1.5,16.22,1372429,943958,22.26,0.9,2026-06-16
NMFC,1.5,7.55,693432,448579,5.24,0.3,2026-06-16
FLYW,1.5,15.86,3326015,2234435,52.75,2.6,2026-06-16
CEPU,1.5,15.85,400684,270755,6.35,-0.6,2026-06-16
SOC,1.5,9.99,6332584,4109271,63.26,-0.1,2026-06-16
FRMM,1.5,5.31,395640,264483,2.1,3.3,2026-06-16
PD,1.5,8.82,2445391,1609772,21.57,-1.8,2026-06-16
OBDC,1.5,11.09,4045464,2649146,44.86,-0.4,2026-06-16
NXDR,1.5,2.2,2651994,1739242,5.83,1.9,2026-06-16
NN,1.5,18.92,3026521,1961930,57.26,-2.3,2026-06-16
NWG,1.5,16.76,7645754,5062822,128.14,-0.5,2026-06-16
FTRE,1.5,15.98,1472727,1008297,23.53,-4.1,2026-06-16
KC,1.5,10.75,1934726,1315640,20.8,0.8,2026-06-16
ACHR,1.5,5.44,59509781,40946588,323.73,-1.1,2026-06-16
BLNK,1.5,0.671,2572692,1739411,1.73,1.0,2026-06-16
NIU,1.5,2.19,618921,421617,1.36,-4.4,2026-06-16
GOOS,1.5,9.95,659360,452319,6.56,-0.5,2026-06-16
SES,1.5,1.04,8419962,5785833,8.76,-6.3,2026-06-16
HRZN,1.5,4.37,1379606,916087,6.03,-3.1,2026-06-16
BXMT,1.5,18.34,1266452,865795,23.23,0.3,2026-06-16
AKBA,1.5,0.984,8095836,5393153,7.97,6.6,2026-06-16
LCTX,1.4,1.2,1649593,1207589,1.98,-3.2,2026-06-16
INVZ,1.4,0.605,3701806,2612902,2.24,-0.8,2026-06-16
PSIG,1.4,11.2,2694338,1880836,30.18,4.2,2026-06-16
ZNTL,1.4,3.52,1051720,726241,3.7,-6.4,2026-06-16
CRDF,1.4,1.26,1725847,1241997,2.17,-13.1,2026-06-16
CTGO,1.4,17.02,747748,548840,12.73,-1.4,2026-06-16
SAFX,1.4,0.367,7432355,5215793,2.73,4.3,2026-06-16
CMRE,1.4,15.65,560093,388110,8.77,-5.1,2026-06-16
ZVIA,1.4,1.29,1302978,959942,1.68,0.8,2026-06-16
NHP,1.4,13.47,911238,663417,12.27,-3.2,2026-06-16
AIB,1.4,2.01,2032875,1439849,4.09,8.1,2026-06-16
CNNE,1.4,14.04,538998,398040,7.57,0.1,2026-06-16
COMP,1.4,9.42,15137788,11200272,142.6,3.1,2026-06-16
FWDI,1.4,4.83,1433917,996855,6.93,-0.2,2026-06-16
SONO,1.4,14.84,1556198,1135048,23.09,0.0,2026-06-16
SOFI,1.4,17.71,106005588,77952463,1877.36,3.0,2026-06-16
GAB,1.4,5.49,1438255,1039663,7.9,-1.6,2026-06-16
GBDC,1.4,12.77,1138525,803366,14.54,0.3,2026-06-16
FSIG,1.4,18.96,305694,223104,5.8,0.0,2026-06-16
AVTX,1.4,14.33,1543472,1082807,22.12,-1.8,2026-06-16
SNDX,1.4,18.55,2166919,1507471,40.2,0.2,2026-06-16
WIW,1.4,8.46,353036,248710,2.99,-0.5,2026-06-16
BZFD,1.4,1.5,1177320,850092,1.77,4.2,2026-06-16
SVM,1.4,12.64,6900499,4890702,87.22,1.9,2026-06-16
CIIT,1.4,0.442,9900888,6906020,4.38,-28.8,2026-06-16
CIEG,1.4,7.53,1485915,1053176,11.19,-14.0,2026-06-16
NIQ,1.4,8.38,1599709,1155068,13.41,-1.9,2026-06-16
OVID,1.4,2.36,2363566,1725400,5.58,4.9,2026-06-16
GNW,1.4,8.96,3216309,2276485,28.82,0.4,2026-06-16
IBRX,1.4,6.72,12797590,9118598,86.0,-5.6,2026-06-16
TBLA,1.4,5.04,3470996,2561735,17.49,1.2,2026-06-16
TNYA,1.4,0.68,3476501,2459043,2.36,-5.6,2026-06-16
TLYS,1.4,4.59,383207,265877,1.76,-10.2,2026-06-16
LIDR,1.4,1.52,1841051,1341156,2.8,-5.6,2026-06-16
LMRI,1.4,9.03,1187313,871589,10.72,-4.4,2026-06-16
NAK,1.4,2.13,8304097,6141620,17.69,-4.5,2026-06-16
LNZA,1.4,5.94,309385,225442,1.84,3.3,2026-06-16
SATG,1.4,15.76,1426248,1020003,22.48,3.1,2026-06-16
TH,1.4,19.02,1597034,1131902,30.38,1.0,2026-06-16
ALTO,1.4,4.84,3802220,2650769,18.4,-12.0,2026-06-16
IVR,1.4,8.19,2466420,1737689,20.2,1.4,2026-06-16
PANL,1.4,7.62,574919,407515,4.38,1.1,2026-06-16
XPOF,1.4,6.79,640473,460764,4.35,-1.2,2026-06-16
CCC,1.4,4.71,9773704,7007701,46.03,1.5,2026-06-16
GMTL,1.4,16.65,302592,209813,5.04,7.8,2026-06-16
BCYC,1.4,4.02,947788,662356,3.81,-3.1,2026-06-16
RES,1.4,6.7,1904421,1330272,12.76,-1.8,2026-06-16
URG,1.4,1.64,13569632,9395202,22.25,-4.7,2026-06-16
COUR,1.4,5.33,8655519,6090678,46.13,0.8,2026-06-16
SXC,1.4,8.95,1825330,1295590,16.34,-2.8,2026-06-16
TTEC,1.4,2.34,777029,541058,1.82,-0.8,2026-06-16
SHEN,1.4,15.54,369863,259507,5.75,-3.1,2026-06-16
HPK,1.4,7.52,972751,705310,7.32,-0.6,2026-06-16
XNCR,1.4,12.2,871478,644938,10.63,-0.4,2026-06-16
JBI,1.4,5.32,2925663,2124255,15.56,-0.2,2026-06-16
STGW,1.4,6.86,1530856,1106718,10.5,3.8,2026-06-16
RR,1.3,2.07,8814268,6862731,18.25,-2.4,2026-06-16
YEXT,1.3,4.07,1527431,1146167,6.22,0.2,2026-06-16
KOS,1.3,2.49,13366951,10551490,33.28,-0.4,2026-06-16
KLAR,1.3,17.78,5012845,4004518,89.13,-0.6,2026-06-16
KBDC,1.3,14.01,377815,284206,5.29,-0.1,2026-06-16
XRAY,1.3,10.45,4972523,3949875,51.96,-0.5,2026-06-16
NTSK,1.3,8.95,7865155,6132905,70.39,1.6,2026-06-16
INMD,1.3,13.49,652269,501701,8.8,-0.6,2026-06-16
NTLA,1.3,14.55,8657706,6781707,125.97,-1.6,2026-06-16
RILY,1.3,9.0,930282,713352,8.37,-2.0,2026-06-16
XTIA,1.3,1.73,1648878,1319058,2.85,-7.0,2026-06-16
TLSI,1.3,4.16,429994,338614,1.79,-1.4,2026-06-16
CXM,1.3,5.28,3976008,2988375,20.99,-0.8,2026-06-16
RYAM,1.3,8.96,838984,627558,7.52,-1.5,2026-06-16
SAIL,1.3,14.09,7197693,5375532,101.42,-0.8,2026-06-16
SD,1.3,14.09,337184,266809,4.75,0.3,2026-06-16
SDGR,1.3,14.93,1191961,931620,17.8,1.6,2026-06-16
IKT,1.3,1.67,694516,515212,1.16,0.0,2026-06-16
SBGI,1.3,13.76,531276,406257,7.31,2.5,2026-06-16
CUPR,1.3,5.27,1012161,782139,5.33,-11.6,2026-06-16
MYO,1.3,1.53,2236182,1724630,3.42,10.9,2026-06-16
DMRC,1.3,10.49,306989,241160,3.22,-8.3,2026-06-16
GRAB,1.3,3.49,73256706,54663487,255.67,0.6,2026-06-16
LU,1.3,1.36,1582801,1238230,2.15,0.0,2026-06-16
MSDL,1.3,15.57,654448,487694,10.19,0.1,2026-06-16
QTRX,1.3,3.06,929055,704939,2.84,-1.3,2026-06-16
STLA,1.3,6.64,26330713,20059094,174.84,-4.7,2026-06-16
HNRG,1.3,17.3,888650,697006,15.37,5.2,2026-06-16
LXEO,1.3,4.75,724365,546563,3.44,1.3,2026-06-16
LUMN,1.3,8.43,12935556,10183004,109.05,-1.7,2026-06-16
BLCO,1.3,14.99,397366,316274,5.96,-0.7,2026-06-16
TALO,1.3,13.8,1956936,1547676,27.01,1.4,2026-06-16
SFL,1.3,11.27,1911653,1458057,21.54,-0.9,2026-06-16
VERX,1.3,11.94,1604022,1223317,19.15,0.7,2026-06-16
BSBR,1.3,5.41,2327338,1822629,12.59,0.6,2026-06-16
VET,1.3,10.36,2056495,1574758,21.31,0.0,2026-06-16
BYRN,1.3,5.66,384041,295906,2.17,-6.0,2026-06-16
BZ,1.3,13.2,4223704,3211352,55.75,-6.6,2026-06-16
UPWK,1.3,8.43,3190070,2541021,26.89,-0.8,2026-06-16
BTAL,1.3,11.27,968780,763763,10.92,0.6,2026-06-16
TRIP,1.3,12.81,4855544,3663330,62.2,2.0,2026-06-16
WIT,1.3,2.37,13211142,9851903,31.31,3.0,2026-06-16
HTT,1.3,3.04,427102,327486,1.3,1.7,2026-06-16
TTDU,1.3,3.01,1013491,808050,3.05,-2.6,2026-06-16
CDZI,1.3,3.78,945678,722113,3.57,-2.1,2026-06-16
DSL,1.3,10.97,433097,329993,4.75,-0.4,2026-06-16
API,1.3,4.21,471931,365437,1.99,0.2,2026-06-16
AMPX,1.3,15.49,7064311,5420182,109.43,-7.2,2026-06-16
HAFN,1.3,7.35,1962750,1568523,14.43,-1.3,2026-06-16
PHK,1.3,4.58,784720,603904,3.59,0.7,2026-06-16
RDY,1.3,13.3,1611695,1203769,21.44,-0.1,2026-06-16
PGX,1.3,10.99,2523461,1920032,27.73,0.1,2026-06-16
OCSL,1.3,11.86,684547,522831,8.12,0.4,2026-06-16
GPK,1.3,11.07,8249286,6462905,91.32,0.5,2026-06-16
HIVE,1.3,4.07,26895434,20637752,109.46,4.4,2026-06-16
BUYW,1.3,14.48,391866,299916,5.67,-0.1,2026-06-16
MRLN,1.3,6.36,3785342,2842296,24.07,-7.8,2026-06-16
MRTN,1.3,17.38,928118,712789,16.13,-1.9,2026-06-16
BANC,1.3,19.99,2707415,2030619,54.12,0.3,2026-06-16
EYPT,1.3,12.88,1471638,1127600,18.95,6.6,2026-06-16
GALT,1.3,2.64,383014,286929,1.01,0.8,2026-06-16
GDRX,1.3,2.73,1389476,1100051,3.79,0.4,2026-06-16
BIT,1.3,12.48,304444,242288,3.8,0.2,2026-06-16
AVPT,1.3,10.85,2695953,2018906,29.25,0.3,2026-06-16
EYE,1.3,17.57,3060196,2360340,53.77,-1.2,2026-06-16
TWI,1.3,7.51,497158,382915,3.73,-1.7,2026-06-16
EXFY,1.3,1.26,1086787,819454,1.37,-2.3,2026-06-16
BWLP,1.3,19.24,641232,503750,12.34,-3.8,2026-06-16
ZUMZ,1.3,17.31,303125,239074,5.25,-6.5,2026-06-16
OGN,1.3,13.42,2590293,1989872,34.76,-0.1,2026-06-16
SSTK,1.3,13.55,386673,300471,5.24,-1.8,2026-06-16
PCT,1.3,8.19,8902656,6967632,72.91,-6.1,2026-06-16
KD,1.3,12.03,4869324,3614975,58.58,3.9,2026-06-16
AIOT,1.3,4.14,2472015,1934423,10.23,1.2,2026-06-16
XNET,1.3,5.5,525640,395685,2.89,2.8,2026-06-16
NOG,1.3,19.72,3002787,2355368,59.21,0.2,2026-06-16
RLMD,1.3,6.55,2024172,1516132,13.26,2.8,2026-06-16
JBGS,1.3,14.33,639945,485433,9.17,1.1,2026-06-16
JFB,1.3,5.13,474353,367243,2.43,0.8,2026-06-16
RWAY,1.2,5.7,606961,503777,3.46,0.9,2026-06-16
NGEN,1.2,2.0,796997,648230,1.59,7.0,2026-06-16
ACH,1.2,3.07,768081,614919,2.36,-0.3,2026-06-16
XNDX,1.2,16.24,344265,296959,5.59,-3.3,2026-06-16
KPTI,1.2,9.1,322103,272527,2.93,-5.6,2026-06-16
FPI,1.2,9.8,492096,393792,4.82,0.0,2026-06-16
FOXF,1.2,18.14,588781,510095,10.68,-2.0,2026-06-16
EVH,1.2,4.7,2762577,2400651,12.98,0.0,2026-06-16
FLWS,1.2,4.27,346702,281039,1.48,-0.2,2026-06-16
FRSH,1.2,9.5,18217679,14965796,173.07,-0.1,2026-06-16
SOUN,1.2,7.03,31412696,26010418,220.83,-2.5,2026-06-16
OIS,1.2,8.0,795590,662187,6.36,-1.6,2026-06-16
NXXT,1.2,0.392,4603053,3869283,1.8,1.7,2026-06-16
FDMT,1.2,8.67,766909,616365,6.65,-5.8,2026-06-16
FFAI,1.2,0.323,12456063,10720116,4.02,-2.1,2026-06-16
VUZI,1.2,3.33,2299291,1978532,7.66,-5.1,2026-06-16
CADL,1.2,7.97,1913082,1582892,15.25,-6.2,2026-06-16
VIV,1.2,13.19,1021334,873958,13.47,0.6,2026-06-16
MDXG,1.2,3.7,1310065,1082993,4.85,0.5,2026-06-16
GANX,1.2,1.79,601118,508423,1.08,0.6,2026-06-16
GAMB,1.2,2.36,911448,757482,2.15,-3.3,2026-06-16
BKD,1.2,13.75,6138903,5038372,84.41,0.1,2026-06-16
BBD,1.2,3.46,29735754,24516520,102.89,0.0,2026-06-16
GGT,1.2,4.23,348669,298069,1.47,-0.9,2026-06-16
SSP,1.2,2.88,731582,619059,2.11,-0.7,2026-06-16
UA,1.2,5.66,2750904,2371652,15.57,-2.1,2026-06-16
CGC,1.2,0.958,9288816,7853981,8.9,-2.9,2026-06-16
SRTA,1.2,5.84,1662713,1394677,9.71,-1.0,2026-06-16
VSTS,1.2,13.17,1378822,1135655,18.16,0.5,2026-06-16
ELMT,1.2,18.23,625084,541485,11.4,-10.6,2026-06-16
STEX,1.2,0.988,1846644,1578696,1.82,-5.9,2026-06-16
GTN,1.2,3.9,1449693,1165539,5.65,2.6,2026-06-16
SLRC,1.2,12.5,374686,319157,4.68,-0.5,2026-06-16
QUBT,1.2,10.12,16580778,13358035,167.8,-6.6,2026-06-16
BETA,1.2,15.74,1517520,1231025,23.89,-5.4,2026-06-16
EMBC,1.2,3.09,2148476,1731579,6.64,-1.3,2026-06-16
MPT,1.2,4.85,6642781,5763430,32.22,-0.2,2026-06-16
BHC,1.2,4.96,2142593,1854456,10.63,-1.6,2026-06-16
BGC,1.2,11.84,2948724,2522938,34.91,-0.9,2026-06-16
NEOG,1.2,9.31,1745590,1467119,16.25,-1.0,2026-06-16
NCMI,1.2,3.64,468035,376891,1.7,1.7,2026-06-16
AREC,1.2,2.14,2660168,2296877,5.69,-3.2,2026-06-16
REAX,1.2,1.72,3786513,3216926,6.51,3.0,2026-06-16
PFN,1.2,6.87,358745,296423,2.46,0.0,2026-06-16
METC,1.2,13.84,1329202,1080596,18.4,-5.7,2026-06-16
OPRT,1.2,5.21,382668,328165,1.99,-1.1,2026-06-16
BW,1.2,16.63,2715164,2194684,45.15,3.7,2026-06-16
CTKB,1.2,4.09,1996875,1686680,8.17,4.6,2026-06-16
CRWU,1.2,8.545,3501701,2905121,29.92,16.4,2026-06-16
RNW,1.2,6.31,1362731,1145381,8.6,-0.5,2026-06-16
RLX,1.2,1.97,3089972,2655284,6.09,-2.0,2026-06-16
RPD,1.2,6.93,1651023,1418448,11.44,-2.7,2026-06-16
XXRP,1.2,2.86,3613829,3052321,10.34,-2.4,2026-06-16
RIG,1.2,5.59,29113812,23785621,162.75,-3.1,2026-06-16
RZLT,1.2,4.57,2089110,1786736,9.55,5.1,2026-06-16
ADAM,1.2,9.36,745106,647234,6.97,0.4,2026-06-16
ZENA,1.2,1.4,2611122,2226097,3.66,2.9,2026-06-16
PRTA,1.2,8.29,586273,475229,4.86,1.6,2026-06-16
TME,1.2,8.91,16332865,13066926,145.53,-1.9,2026-06-16
PSEC,1.2,2.25,5732639,4713718,12.9,-2.6,2026-06-16
PUBM,1.2,11.58,589790,488649,6.83,1.0,2026-06-16
KELYA,1.2,11.45,386086,323423,4.42,-2.1,2026-06-16
IDN,1.2,4.17,505703,425487,2.11,0.5,2026-06-16
QMCO,1.2,14.41,1647686,1374404,23.74,4.9,2026-06-16
NAVI,1.2,8.24,1271515,1018132,10.48,2.0,2026-06-16
NVAX,1.2,9.2,4168434,3573196,38.35,-0.2,2026-06-16
AMC,1.2,2.49,49829288,41236186,124.07,12.2,2026-06-16
PAYS,1.2,7.13,565212,475713,4.03,0.8,2026-06-16
PUMP,1.2,14.85,5074886,4068473,75.36,-0.9,2026-06-16
BSCR,1.2,19.68,675746,579807,13.3,0.1,2026-06-16
EFC,1.2,13.67,1321772,1066615,18.07,0.4,2026-06-16
TALK,1.2,5.2,2279275,1867327,11.85,-0.2,2026-06-16
ARR,1.2,17.04,4498128,3703395,76.65,0.1,2026-06-16
CION,1.2,6.92,565265,480375,3.91,-0.6,2026-06-16
TSLZ,1.2,11.88,3791722,3222885,45.05,-0.4,2026-06-16
XHR,1.2,19.6,1085492,910223,21.28,2.1,2026-06-16
TRAX,1.2,17.14,547651,449806,9.39,-1.6,2026-06-16
ELME,1.2,2.02,960655,789269,1.94,-1.0,2026-06-16
LYFT,1.2,14.28,14281104,11503688,203.93,-0.1,2026-06-16
LXU,1.2,11.73,849034,709327,9.96,-1.3,2026-06-16
VYX,1.2,7.52,2679974,2279074,20.15,1.3,2026-06-16
QNST,1.2,12.95,728764,591907,9.44,3.5,2026-06-16
SUPV,1.2,11.03,850228,735669,9.38,-0.3,2026-06-16
MNSO,1.2,12.32,839069,726732,10.34,-2.2,2026-06-16
VVR,1.2,2.97,914323,776394,2.72,0.3,2026-06-16
BLDP,1.2,4.13,7337393,6324434,30.3,0.5,2026-06-16
EDIT,1.2,2.36,2258719,1892915,5.33,-4.5,2026-06-16
BLZE,1.2,8.29,1240746,1072156,10.29,1.1,2026-06-16
PMT,1.2,10.19,1256173,1009822,12.8,-0.4,2026-06-16
GOF,1.2,10.81,1588303,1290806,17.17,-1.2,2026-06-16
SSYS,1.2,8.74,1096239,898781,9.58,-1.7,2026-06-16
GORO,1.2,1.29,1723239,1426175,2.22,4.0,2026-06-16
GPGI,1.2,14.02,2451103,1978768,34.36,-3.8,2026-06-16
KEEL,1.2,5.96,64073051,52737373,381.88,6.8,2026-06-16
IRD,1.2,3.9,766758,666466,2.99,-0.3,2026-06-16
NU,1.2,12.72,59389993,49258645,755.44,1.7,2026-06-16
ICL,1.2,5.41,1382459,1171335,7.48,-3.0,2026-06-16
INN,1.2,6.51,2329427,2005554,15.16,1.2,2026-06-16
INO,1.2,1.11,1357584,1135769,1.51,0.0,2026-06-16
DDD,1.2,3.19,5352412,4329860,17.07,6.0,2026-06-16
IMSR,1.2,7.52,2523865,2131207,18.98,-0.4,2026-06-16
TEO,1.2,14.87,640592,543500,9.53,-0.9,2026-06-16
CRBU,1.2,1.69,2087763,1681826,3.53,1.8,2026-06-16
CTOS,1.2,10.67,1086545,895710,11.59,0.5,2026-06-16
ONT,1.1,16.93,601087,558793,10.18,1.2,2026-06-16
BBBY,1.1,6.02,2057021,1815218,12.38,-1.3,2026-06-16
VTS,1.1,16.01,725134,653913,11.61,0.7,2026-06-16
MQ,1.1,3.89,4708589,4320409,18.32,-0.5,2026-06-16
ELVA,1.1,9.57,341848,317822,3.27,-5.2,2026-06-16
WEST,1.1,9.19,862501,797499,7.93,4.1,2026-06-16
PHR,1.1,9.44,1034912,982515,9.77,3.6,2026-06-16
REKR,1.1,0.703,1981055,1745181,1.39,-3.4,2026-06-16
REI,1.1,1.12,4090794,3565278,4.58,-3.4,2026-06-16
GPRK,1.1,10.39,687444,609892,7.14,3.8,2026-06-16
SITC,1.1,4.81,543085,505515,2.61,-1.0,2026-06-16
SIGA,1.1,4.3,347358,323915,1.49,-0.7,2026-06-16
GPRO,1.1,0.791,6029754,5706490,4.77,5.2,2026-06-16
GSM,1.1,3.84,1486916,1342189,5.71,-4.2,2026-06-16
CLVT,1.1,2.13,5288535,4922201,11.26,0.0,2026-06-16
CMPX,1.1,1.97,2532656,2297629,4.99,-2.0,2026-06-16
CMRC,1.1,2.81,576260,517389,1.62,3.7,2026-06-16
GCMG,1.1,11.68,517305,477548,6.04,2.8,2026-06-16
GAU,1.1,2.27,3292573,2926531,7.47,0.4,2026-06-16
MBOT,1.1,1.82,872349,816950,1.59,-2.7,2026-06-16
SMU,1.1,8.53,2031404,1921687,17.33,-10.8,2026-06-16
FLYT,1.1,12.21,587163,525449,7.17,-7.1,2026-06-16
ABAT,1.1,3.1,7854989,7266319,24.35,-8.6,2026-06-16
ABEV,1.1,3.2,28777346,25558505,92.09,-0.9,2026-06-16
NOK,1.1,13.98,123976236,110356064,1733.19,-5.3,2026-06-16
UMH,1.1,15.18,555755,489299,8.44,0.5,2026-06-16
JFR,1.1,7.6,855181,751065,6.5,0.0,2026-06-16
JACK,1.1,12.63,622373,568185,7.86,-1.6,2026-06-16
NOMD,1.1,10.21,1043413,912332,10.65,-1.4,2026-06-16
FCF,1.1,19.65,786117,684522,15.45,-1.0,2026-06-16
FUBO,1.1,9.28,1861650,1628035,17.28,-5.9,2026-06-16
COTY,1.1,2.07,9597172,8652245,19.87,1.5,2026-06-16
CNH,1.1,10.51,10736324,10125727,112.84,-1.9,2026-06-16
NEOV,1.1,1.71,741568,692068,1.27,-5.0,2026-06-16
FRMI,1.1,7.88,23965289,21076873,188.85,6.5,2026-06-16
VREX,1.1,10.5,319695,286484,3.36,-0.4,2026-06-16
AVR,1.1,9.27,1055983,992013,9.79,-0.3,2026-06-16
RCAT,1.1,10.9,11710174,11141663,127.64,-7.6,2026-06-16
SSL,1.1,10.99,2022795,1866484,22.23,-2.4,2026-06-16
TYGO,1.1,2.66,755232,711785,2.01,-6.3,2026-06-16
VIXM,1.1,15.03,312514,277971,4.7,0.1,2026-06-16
MARA,1.1,14.42,38530537,34691358,555.61,-0.9,2026-06-16
MLTX,1.1,18.98,811291,732528,15.4,-1.5,2026-06-16
MIST,1.1,1.29,1126482,981654,1.45,-1.5,2026-06-16
NMRK,1.1,15.32,1382937,1206476,21.19,0.8,2026-06-16
GEVO,1.1,1.45,3353649,2974422,4.86,2.1,2026-06-16
BDTX,1.1,1.68,1867389,1634827,3.14,-2.3,2026-06-16
EOLS,1.1,6.63,806705,710508,5.35,-1.8,2026-06-16
PNNT,1.1,3.71,757882,662087,2.81,0.0,2026-06-16
EPM,1.1,3.89,411451,390308,1.6,1.6,2026-06-16
HLF,1.1,11.82,1625064,1463813,19.21,-1.7,2026-06-16
GOOY,1.1,14.0,590810,553328,8.27,0.9,2026-06-16
PONY,1.1,7.94,4287636,3978928,34.04,-3.8,2026-06-16
BRSL,1.1,11.59,1280943,1162554,14.85,0.0,2026-06-16
UNG,1.1,11.76,5390748,5033125,63.4,2.6,2026-06-16
UNCY,1.1,7.17,1109501,992076,7.96,0.7,2026-06-16
SHO,1.1,11.85,2189385,1953683,25.94,0.5,2026-06-16
ANGO,1.1,12.15,328442,287567,3.99,0.5,2026-06-16
HTLD,1.1,15.36,777384,704517,11.94,-3.1,2026-06-16
ANGX,1.1,3.16,1044916,994727,3.3,-1.3,2026-06-16
CRGY,1.1,10.82,5684057,5129291,61.5,0.5,2026-06-16
VIA,1.1,14.19,1053027,928406,14.94,-3.9,2026-06-16
TSSI,1.1,12.4,1020644,955721,12.66,-8.1,2026-06-16
CRVS,1.1,11.74,1181416,1081685,13.87,-5.3,2026-06-16
CRML,1.1,9.56,4565634,4337681,43.65,-6.8,2026-06-16
CDE,1.1,18.79,34972000,32059740,657.12,-0.6,2026-06-16
SWBI,1.1,13.88,768165,706170,10.66,-3.1,2026-06-16
DUOT,1.1,11.32,514245,483724,5.82,-8.6,2026-06-16
DSP,1.1,11.37,349942,311070,3.98,3.1,2026-06-16
HOPE,1.1,13.04,898803,812277,11.72,-0.6,2026-06-16
ARDX,1.1,5.67,3375545,2958966,19.14,-1.2,2026-06-16
STNE,1.1,10.99,4040531,3579159,44.41,0.1,2026-06-16
CLNE,1.1,1.89,1108107,1040669,2.09,0.0,2026-06-16
CLB,1.1,12.19,692651,618620,8.44,-3.5,2026-06-16
TUYA,1.1,1.93,903960,789558,1.74,-3.0,2026-06-16
CLF,1.1,13.27,18049386,17106206,239.52,-4.4,2026-06-16
GO,1.1,9.88,2575022,2394749,25.44,2.7,2026-06-16
GRPN,1.1,17.26,1335270,1261052,23.05,-1.3,2026-06-16
RGP,1.1,4.39,353552,317029,1.55,0.2,2026-06-16
LXRX,1.1,1.95,1853927,1765367,3.62,0.0,2026-06-16
NMAX,1.1,7.5,1340345,1236931,10.05,-3.2,2026-06-16
MSTW,1.1,5.08,445965,398133,2.27,-5.8,2026-06-16
PK,1.1,14.69,4624354,4388450,67.93,1.7,2026-06-16
SVCO,1.1,11.98,659083,603843,7.9,-4.2,2026-06-16
SUJA,1.1,10.23,463076,420024,4.74,-7.8,2026-06-16
GOTU,1.1,1.56,836538,790147,1.3,4.7,2026-06-16
BTE,1.1,4.22,21731650,19132842,91.71,-1.6,2026-06-16
THRY,1.1,3.8,420729,397324,1.6,-1.0,2026-06-16
BTG,1.1,4.57,27142320,23699331,124.04,1.1,2026-06-16
INFQ,1.1,13.38,14045927,12745711,187.93,-7.8,2026-06-16
INNV,1.1,9.28,404614,358304,3.75,0.7,2026-06-16
ITRG,1.1,2.81,3620583,3315089,10.17,2.6,2026-06-16
DPRO,1.1,5.71,1591481,1413069,9.09,-1.6,2026-06-16
IART,1.1,17.71,862006,791797,15.27,1.2,2026-06-16
HLLY,1.1,2.5,724317,630145,1.81,-4.2,2026-06-16
LODE,1.1,4.31,1381903,1256535,5.96,-1.4,2026-06-16
TBPH,1.1,16.69,340543,311035,5.68,1.6,2026-06-16
DLO,1.1,12.7,2015838,1866992,25.6,-0.3,2026-06-16
MYGN,1.1,4.25,1273711,1165293,5.41,-1.4,2026-06-16
MVST,1.1,1.25,3897200,3532980,4.87,-0.8,2026-06-16
DEC,1.1,13.25,789712,701070,10.46,1.1,2026-06-16
IFRX,1.1,1.6,1042897,965102,1.67,-0.6,2026-06-16
SB,1.1,6.58,581252,525559,3.82,-3.5,2026-06-16
BORR,1.1,4.32,6849073,6367845,29.59,-4.8,2026-06-16
LAR,1.1,9.62,2171893,2065505,20.89,-0.8,2026-06-16
RITM,1.1,9.33,4662762,4310808,43.5,1.4,2026-06-16
LBTYA,1.1,12.02,1673269,1464258,20.11,0.2,2026-06-16
PSNL,1.1,9.69,2737341,2430601,26.52,-0.8,2026-06-16
PTON,1.1,5.72,9420967,8733714,53.89,-1.0,2026-06-16
DBRG,1.1,15.76,2087145,1859985,32.89,0.0,2026-06-16
PBI,1.1,17.52,3341805,2927034,58.55,1.0,2026-06-16
ORLA,1.1,11.57,3799768,3550248,43.96,1.9,2026-06-16
KVYO,1.1,13.84,5633714,4928918,77.97,-0.3,2026-06-16
KYN,1.1,13.58,349004,310086,4.74,0.2,2026-06-16
JRVR,1.1,4.16,395440,355876,1.65,-1.0,2026-06-16
AAOG,1.1,9.98,2039353,1792541,20.35,-24.6,2026-06-16
IPSC,1.1,2.18,785981,712382,1.71,-5.6,2026-06-16
ABUS,1.0,4.39,1104229,1084780,4.85,0.9,2026-06-16
ZURA,1.0,3.515,603861,614774,2.12,-4.5,2026-06-16
AHRT,1.0,6.74,747139,734167,5.04,-1.2,2026-06-16
AMPY,1.0,4.08,626549,648919,2.56,1.2,2026-06-16
AMTX,1.0,1.94,994454,966357,1.93,1.6,2026-06-16
XFOR,1.0,4.04,461102,461627,1.86,-1.5,2026-06-16
APLE,1.0,16.37,2513383,2501084,41.14,1.5,2026-06-16
ARCC,1.0,18.62,4732640,4924085,88.12,-0.2,2026-06-16
SAFE,1.0,15.69,350709,341878,5.5,-0.9,2026-06-16
LFST,1.0,8.62,2274504,2177930,19.61,0.6,2026-06-16
RLAY,1.0,15.05,2338444,2307006,35.19,0.4,2026-06-16
JBIO,1.0,15.53,1324333,1335446,20.57,-5.2,2026-06-16
ASLE,1.0,6.27,443268,435370,2.78,-0.3,2026-06-16
WEN,1.0,6.77,5883948,6134285,39.83,-2.6,2026-06-16
PGY,1.0,15.61,3648489,3605162,56.95,-0.2,2026-06-16
PHAT,1.0,10.43,749674,758194,7.82,-2.6,2026-06-16
PLCE,1.0,3.44,316361,317073,1.09,-5.5,2026-06-16
PLG,1.0,1.58,1191288,1215020,1.88,-1.3,2026-06-16
PLTD,1.0,7.87,37652916,35862079,296.33,0.9,2026-06-16
HUMA,1.0,1.03,7073997,6833879,7.29,-4.2,2026-06-16
HLN,1.0,9.09,10717416,11256599,97.42,0.9,2026-06-16
LITZ,1.0,15.81,881976,891164,13.94,16.8,2026-06-16
LAC,1.0,4.45,8693790,8461929,38.69,-1.8,2026-06-16
LAES,1.0,3.07,20058261,20620087,61.58,-7.8,2026-06-16
LAND,1.0,8.78,592532,614217,5.2,-1.0,2026-06-16
IGR,1.0,4.65,404313,402824,1.88,-0.4,2026-06-16
IMMR,1.0,6.54,491966,505215,3.22,0.5,2026-06-16
SBET,1.0,5.58,7101268,7270511,39.63,-4.1,2026-06-16
SATL,1.0,6.14,9517536,9865797,58.44,-7.1,2026-06-16
INTR,1.0,5.77,4828171,4916822,27.86,0.0,2026-06-16
ISSC,1.0,16.8,317712,317872,5.34,-5.1,2026-06-16
ARKO,1.0,7.97,858771,850896,6.84,-2.8,2026-06-16
ONDS,1.0,9.21,51741580,50248898,476.54,-2.1,2026-06-16
OPK,1.0,1.39,1972279,2031495,2.74,-1.4,2026-06-16
AVAH,1.0,7.52,1581775,1612375,11.89,4.1,2026-06-16
AVEX,1.0,19.85,2047548,2069469,40.64,-6.2,2026-06-16
AVXL,1.0,2.52,951276,928123,2.4,1.2,2026-06-16
BCSF,1.0,12.47,416261,397204,5.19,0.6,2026-06-16
HE,1.0,13.47,1455880,1435482,19.61,0.6,2026-06-16
HELP,1.0,4.29,516565,531596,2.22,1.9,2026-06-16
HL,1.0,16.72,22060805,22514748,368.86,-1.1,2026-06-16
RGNT,1.0,6.1,8384328,8625031,51.14,-22.8,2026-06-16
LUNL,1.0,12.11,1124245,1159769,13.61,-15.1,2026-06-16
LICN,1.0,3.42,590330,579648,2.02,17.9,2026-06-16
HOVR,1.0,2.18,1183469,1224363,2.58,-1.8,2026-06-16
SIBN,1.0,15.41,357304,343824,5.51,1.3,2026-06-16
SDOT,1.0,8.67,916984,948728,7.95,-62.3,2026-06-16
HTZ,1.0,4.99,5313381,5545480,26.51,-2.5,2026-06-16
VNDA,1.0,5.73,944890,923936,5.41,-2.6,2026-06-16
VOD,1.0,14.89,2824627,2827782,42.06,-1.7,2026-06-16
OEC,1.0,7.94,509546,492381,4.05,-2.0,2026-06-16
OFRM,1.0,19.07,549662,557787,10.48,2.7,2026-06-16
BBNX,1.0,13.95,1124346,1102697,15.68,-0.4,2026-06-16
VIR,1.0,8.61,1377850,1384766,11.86,-0.1,2026-06-16
VITL,1.0,10.7,1891223,1965149,20.24,0.3,2026-06-16
BLND,1.0,1.77,2531227,2527097,4.48,0.6,2026-06-16
GLDG,1.0,1.01,1100811,1118163,1.11,-1.9,2026-06-16
MBC,1.0,8.86,2991473,2987826,26.5,-4.1,2026-06-16
MCHB,1.0,14.96,448315,466041,6.71,-1.4,2026-06-16
RDWU,1.0,12.79,4025686,3855240,51.49,-12.1,2026-06-16
GPRE,1.0,14.8,1445574,1440073,21.39,3.9,2026-06-16
SLDE,1.0,16.91,708635,682304,11.98,0.8,2026-06-16
GNL,1.0,9.26,2444045,2543470,22.63,-1.1,2026-06-16
GOGO,1.0,3.59,1980498,1926566,7.11,-1.1,2026-06-16
HAYW,1.0,14.79,2313632,2275931,34.22,1.0,2026-06-16
PLUG,1.0,2.71,43652271,45874623,118.3,-1.1,2026-06-16
PPLT,1.0,16.42,2464170,2430823,40.46,0.0,2026-06-16
VFF,1.0,1.98,1242334,1191868,2.46,-3.4,2026-06-16
VFS,1.0,3.1,631349,657421,1.96,-2.2,2026-06-16
BSCV,1.0,16.45,438615,457870,7.22,0.0,2026-06-16
BSIN,1.0,1.02,2459033,2490653,2.51,0.0,2026-06-16
BMNR,1.0,16.21,38201965,37390430,619.25,-4.5,2026-06-16
BMNU,1.0,1.02,125925552,122701284,128.44,-8.9,2026-06-16
FWRD,1.0,13.77,1307393,1325093,18.0,1.8,2026-06-16
MFIC,1.0,10.11,579422,579908,5.86,0.5,2026-06-16
MGNX,1.0,3.88,548417,576444,2.13,-6.5,2026-06-16
GDOT,1.0,12.95,397478,384111,5.15,0.1,2026-06-16
GENB,1.0,13.37,631872,617426,8.45,-0.7,2026-06-16
GGB,1.0,4.62,17874618,17278023,82.58,-0.4,2026-06-16
GGLS,1.0,5.53,16980173,17392053,93.9,-1.1,2026-06-16
BNC,1.0,2.48,448549,450919,1.11,12.7,2026-06-16
BPRE,1.0,14.99,682827,684441,10.24,-0.4,2026-06-16
BRBR,1.0,8.83,4876408,5033826,43.06,-0.7,2026-06-16
UNIT,1.0,12.3,2117125,2165450,26.04,-3.1,2026-06-16
UPBD,1.0,18.89,805893,813587,15.22,1.8,2026-06-16
UTZ,1.0,7.24,1473228,1490873,10.67,0.0,2026-06-16
UWMC,1.0,2.43,28102004,28603250,68.29,3.4,2026-06-16
CAG,1.0,13.56,15601678,16389380,211.56,-0.2,2026-06-16
CAN,1.0,0.345,8912990,9310272,3.07,-1.5,2026-06-16
BUR,1.0,4.43,1661628,1720490,7.36,-1.8,2026-06-16
CERS,1.0,2.47,2179866,2176643,5.38,-3.1,2026-06-16
F,1.0,14.41,47489971,48104541,684.33,-2.6,2026-06-16
SPWR,1.0,0.758,3261433,3388219,2.47,-2.8,2026-06-16
FBRT,1.0,8.42,1409432,1347097,11.87,1.4,2026-06-16
FF,1.0,4.34,322472,317284,1.4,-1.4,2026-06-16
FLG,1.0,14.93,4962312,5065856,74.09,-1.8,2026-06-16
EVGO,1.0,2.0,3031860,3046588,6.06,-1.5,2026-06-16
CFFN,1.0,8.17,683268,680757,5.58,-0.2,2026-06-16
TZA,1.0,4.17,363123386,369600066,1514.22,3.5,2026-06-16
UAA,1.0,5.84,6332442,6101394,36.98,-2.7,2026-06-16
UIS,1.0,3.77,765702,775280,2.89,-0.8,2026-06-16
NGL,1.0,15.85,302096,297654,4.79,-0.8,2026-06-16
CIM,1.0,13.54,548394,557458,7.43,0.5,2026-06-16
CDTG,1.0,1.95,557527,553105,1.09,-22.0,2026-06-16
TTI,1.0,10.15,1189493,1228775,12.07,0.6,2026-06-16
TU,1.0,11.81,6300527,6395884,74.41,0.0,2026-06-16
STWD,1.0,16.96,3068665,2926266,52.04,0.5,2026-06-16
QS,1.0,6.92,14442605,15108900,99.94,-2.5,2026-06-16
QSI,1.0,0.954,3727901,3881162,3.56,-4.1,2026-06-16
QTEX,1.0,2.08,18905363,19721877,39.32,-5.5,2026-06-16
MNRO,1.0,16.0,1325535,1371075,21.21,-2.1,2026-06-16
EQX,1.0,11.54,15190911,15169840,175.3,1.3,2026-06-16
ECX,1.0,1.22,1213550,1179638,1.48,1.7,2026-06-16
EDD,1.0,5.72,332758,324417,1.9,0.4,2026-06-16
EROC,1.0,15.3,5732378,5950580,87.71,-4.4,2026-06-16
ERY,1.0,12.3,3009445,3133803,37.02,-1.0,2026-06-16
ET,1.0,18.91,8720775,8613539,164.91,0.9,2026-06-16
ETHU,1.0,15.0,6491620,6330445,97.37,-0.7,2026-06-16
CUB,1.0,10.86,917288,895343,9.96,-0.4,2026-06-16
NAGE,1.0,3.43,571587,553443,1.96,-2.3,2026-06-16
NAVN,1.0,19.03,5873167,5758075,111.77,-4.1,2026-06-16
QBTX,1.0,15.46,2395134,2384073,37.03,-15.2,2026-06-16
DRH,1.0,12.02,1374024,1430287,16.52,0.3,2026-06-16
TFSL,1.0,16.46,991802,966725,16.33,-0.4,2026-06-16
DSGN,1.0,10.72,626119,655625,6.71,-3.8,2026-06-16
TBCH,1.0,12.81,403787,387376,5.17,-2.1,2026-06-16
STUB,1.0,11.5,7721241,7595776,88.79,0.3,2026-06-16
STVN,1.0,16.51,505873,511707,8.35,-2.8,2026-06-16
NCNO,1.0,14.86,2666532,2730410,39.62,0.5,2026-06-16
NEA,1.0,11.56,886145,888723,10.24,0.0,2026-06-16
CRK,1.0,13.34,2717776,2828242,36.26,1.2,2026-06-16
TOON,1.0,1.25,3109432,3255734,3.89,9.6,2026-06-16
TRLV,1.0,9.4,1203982,1246938,11.32,-5.8,2026-06-16
TRTX,1.0,8.6,581465,570219,5.0,0.6,2026-06-16
CRNC,1.0,10.27,768760,801308,7.9,-5.3,2026-06-16
CRON,1.0,2.6,939056,984608,2.44,-1.1,2026-06-16
CWK,1.0,13.44,1602910,1644498,21.54,-0.5,2026-06-16
TLRY,1.0,4.88,3517969,3511053,17.17,-2.8,2026-06-16
TMCI,1.0,4.12,795529,801538,3.28,5.4,2026-06-16
TMQ,1.0,3.92,1896781,1911080,7.44,-2.7,2026-06-16
PSKY,1.0,10.3,7950145,7614140,81.89,-1.3,2026-06-16
PSO,1.0,15.29,777812,801614,11.89,0.6,2026-06-16
PTY,1.0,11.89,1044958,1025724,12.42,0.6,2026-06-16
DC,1.0,5.21,1747382,1816071,9.1,-0.4,2026-06-16
DEFT,1.0,0.579,4644032,4516861,2.69,-5.1,2026-06-16
DHC,1.0,8.79,1760152,1814324,15.47,-1.0,2026-06-16
PCN,1.0,11.82,321565,319793,3.8,0.3,2026-06-16
PDBC,1.0,16.67,6309681,6277141,105.18,0.0,2026-06-16
AI,1.0,10.93,6902396,7096750,75.44,0.3,2026-06-16
AIRJ,1.0,4.21,1568089,1517919,6.6,1.0,2026-06-16
AESI,1.0,16.36,2102242,2119766,34.39,-0.2,2026-06-16
ALDX,1.0,1.78,926922,938990,1.65,0.6,2026-06-16
RPC,1.0,8.37,340294,326006,2.85,-1.8,2026-06-16
KRNY,1.0,8.61,443485,430625,3.82,-0.2,2026-06-16
KYTX,1.0,7.92,598399,613811,4.74,-2.8,2026-06-16
ACP,1.0,5.32,372737,372585,1.98,0.2,2026-06-16
ACRE,1.0,4.88,396591,384805,1.94,1.2,2026-06-16
ZDGE,1.0,3.01,366057,363572,1.1,-8.2,2026-06-16
ZETA,1.0,19.73,8386396,8156054,165.46,1.2,2026-06-16
XPRO,1.0,15.45,1010770,971350,15.62,-0.2,2026-06-16
XXI,1.0,6.0,1136001,1139066,6.82,-0.8,2026-06-16
ZIP,0.9,3.36,511229,547753,1.72,-8.7,2026-06-16
YMAX,0.9,8.04,2128644,2297676,17.11,-2.0,2026-06-16
ACRS,0.9,4.34,1086083,1169474,4.71,-0.7,2026-06-16
ABR,0.9,5.16,2788083,3257934,14.39,0.0,2026-06-16
RVT,0.9,17.92,412172,438755,7.39,-1.5,2026-06-16
RSKD,0.9,4.97,1046623,1130860,5.2,0.4,2026-06-16
KOPN,0.9,4.86,5577534,6303100,27.11,-4.9,2026-06-16
ALT,0.9,2.62,2907175,3197599,7.62,-0.8,2026-06-16
ALOY,0.9,14.59,2660228,2901950,38.81,-6.7,2026-06-16
ALM,0.9,18.57,5070089,5665779,94.15,2.6,2026-06-16
AGNC,0.9,10.56,11449121,13439715,120.9,0.7,2026-06-16
AEO,0.9,17.54,4976532,5244570,87.29,-4.5,2026-06-16
AEG,0.9,8.65,4825931,5255076,41.74,0.6,2026-06-16
ADMA,0.9,8.58,3402360,3646718,29.19,1.5,2026-06-16
AIRO,0.9,7.9,421633,447616,3.33,-3.2,2026-06-16
PDYN,0.9,5.97,1785775,1976945,10.66,-7.0,2026-06-16
YALA,0.9,5.32,340983,365874,1.81,-0.6,2026-06-16
DEI,0.9,12.15,1773868,1963868,21.55,-1.3,2026-06-16
DCH,0.9,6.61,3374431,3923020,22.3,0.3,2026-06-16
PTLO,0.9,4.33,1294861,1508372,5.61,-2.0,2026-06-16
PTIR,0.9,12.47,3287092,3540149,40.99,-2.0,2026-06-16
TKC,0.9,6.12,1530376,1720874,9.37,-0.8,2026-06-16
DAMD,0.9,1.93,19569932,22622196,37.77,13.9,2026-06-16
CXDO,0.9,7.05,574896,659995,4.05,-4.1,2026-06-16
CWH,0.9,7.58,1903323,2081650,14.43,-1.8,2026-06-16
CRSR,0.9,8.39,2095833,2275799,17.58,-1.4,2026-06-16
TROX,0.9,7.59,2096250,2433190,15.91,-5.1,2026-06-16
TSLL,0.9,13.45,55306381,64632147,743.87,0.2,2026-06-16
CODX,0.9,3.84,349770,397033,1.34,1.6,2026-06-16
PRME,0.9,2.87,2151234,2481176,6.17,-1.0,2026-06-16
CMCO,0.9,13.92,862908,1004137,12.01,-7.6,2026-06-16
EGHT,0.9,1.81,1294830,1405741,2.34,2.3,2026-06-16
DXC,0.9,9.23,3926982,4483016,36.25,3.1,2026-06-16
DRIP,0.9,5.22,38065834,41758640,198.7,-1.3,2026-06-16
TENX,0.9,11.33,795067,854372,9.01,-1.5,2026-06-16
TE,0.9,8.63,32150112,37675735,277.46,-1.8,2026-06-16
QBTZ,0.9,4.16,5797921,6742457,24.12,12.7,2026-06-16
ECAT,0.9,15.42,473936,511631,7.31,-0.1,2026-06-16
ERAS,0.9,13.38,3929251,4153270,52.57,-7.3,2026-06-16
MSTY,0.9,17.23,1164862,1274302,20.07,-3.9,2026-06-16
MSOX,0.9,3.1,3076469,3392511,9.54,-4.3,2026-06-16
CLSK,0.9,17.26,17604421,20330914,303.85,1.6,2026-06-16
CIG,0.9,2.09,8814748,9673707,18.42,0.5,2026-06-16
CHYM,0.9,17.05,3827293,4031241,65.26,-3.1,2026-06-16
NRDY,0.9,0.84,1195586,1339322,1.0,-9.7,2026-06-16
NPKI,0.9,14.79,818802,889495,12.11,-0.5,2026-06-16
ULCC,0.9,6.51,4509083,4755154,29.35,-2.3,2026-06-16
CGBD,0.9,11.05,403924,468440,4.46,0.8,2026-06-16
FSM,0.9,9.69,4927815,5476228,47.75,0.9,2026-06-16
SOLZ,0.9,7.407,1115818,1235312,8.26,-0.4,2026-06-16
FPE,0.9,18.02,906903,1005289,16.34,0.1,2026-06-16
FIP,0.9,4.86,863894,968707,4.2,-2.8,2026-06-16
SRPT,0.9,15.78,2195676,2379322,34.65,0.1,2026-06-16
FBIO,0.9,2.93,375026,398999,1.1,3.5,2026-06-16
FATE,0.9,1.9,1862501,1974147,3.54,-6.4,2026-06-16
QXO,0.9,17.01,14545176,16949403,247.41,2.3,2026-06-16
QUCY,0.9,1.94,1913435,2025330,3.71,-4.9,2026-06-16
EVEX,0.9,2.78,942437,1023268,2.62,-6.1,2026-06-16
CCOI,0.9,16.05,927924,1035461,14.89,-2.5,2026-06-16
CCO,0.9,2.41,5612954,6035423,13.53,0.8,2026-06-16
USAS,0.9,5.88,4023560,4322782,23.66,1.4,2026-06-16
NMZ,0.9,10.33,714137,755589,7.38,-0.5,2026-06-16
NUV,0.9,9.12,470207,514857,4.29,0.0,2026-06-16
FSLY,0.9,17.38,5438581,5736778,94.52,-4.3,2026-06-16
MLKN,0.9,15.7,739698,831995,11.61,0.3,2026-06-16
MITK,0.9,17.07,730210,856614,12.46,3.1,2026-06-16
MGTX,0.9,9.71,499948,536097,4.85,-0.9,2026-06-16
RCKT,0.9,2.8,2171825,2432906,6.08,-1.8,2026-06-16
FNB,0.9,18.38,3777606,4386560,69.43,-0.5,2026-06-16
FMNB,0.9,14.38,346969,371822,4.99,-0.2,2026-06-16
FMC,0.9,11.6,3083847,3389801,35.77,1.0,2026-06-16
FVRR,0.9,9.88,523515,595485,5.17,0.0,2026-06-16
VERI,0.9,1.5,1991715,2217473,2.99,-2.6,2026-06-16
BSCT,0.9,18.64,469157,518887,8.75,0.1,2026-06-16
BSCQ,0.9,19.565,611147,703036,11.96,0.0,2026-06-16
PML,0.9,7.51,411147,468475,3.09,0.0,2026-06-16
OCTV,0.9,16.94,2021693,2151444,34.25,-4.1,2026-06-16
OCS,0.9,11.45,615721,702396,7.05,-1.2,2026-06-16
BEKE,0.9,16.12,3699005,4142785,59.63,-1.0,2026-06-16
BDN,0.9,3.2,1266660,1353043,4.05,-1.2,2026-06-16
GSOL,0.9,5.53,3893229,4469012,21.53,-0.5,2026-06-16
SLDB,0.9,7.07,1288440,1401092,9.11,-3.2,2026-06-16
RDW,0.9,13.5,46413225,53217413,626.58,-6.9,2026-06-16
MFA,0.9,9.38,1324280,1411014,12.42,-0.7,2026-06-16
MAT,0.9,14.13,3350962,3934676,47.35,-1.7,2026-06-16
SMR,0.9,9.89,31702271,33772018,313.54,-5.8,2026-06-16
SMPL,0.9,12.55,1497057,1619113,18.79,-0.2,2026-06-16
BIYA,0.9,0.52,2469013,2701638,1.28,-8.5,2026-06-16
VIPS,0.9,13.68,2262168,2650701,30.95,0.4,2026-06-16
BBCP,0.9,10.69,413563,460650,4.42,-1.5,2026-06-16
BBAI,0.9,3.96,29113187,32362354,115.29,-0.8,2026-06-16
OMDA,0.9,17.11,729887,857984,12.49,-1.3,2026-06-16
OMAH,0.9,18.88,717210,834971,13.54,0.1,2026-06-16
ODV,0.9,2.78,2021595,2185934,5.62,0.7,2026-06-16
VOR,0.9,14.11,749978,869672,10.58,0.9,2026-06-16
HTGC,0.9,15.65,1106920,1201103,17.32,0.3,2026-06-16
SHC,0.9,16.04,1859925,2186183,29.83,-1.7,2026-06-16
LFVN,0.9,6.04,850360,972876,5.14,-3.4,2026-06-16
LTRX,0.9,6.6,938459,1091077,6.19,-2.5,2026-06-16
LTBR,0.9,9.275,952163,1079354,8.83,-7.1,2026-06-16
HDSN,0.9,5.56,416686,457883,2.32,-0.7,2026-06-16
VLN,0.9,2.35,2624684,2835661,6.17,-4.5,2026-06-16
BDJ,0.9,9.4,587482,625560,5.52,0.3,2026-06-16
BCRX,0.9,8.92,3575476,3809125,31.89,-1.9,2026-06-16
VRDN,0.9,15.98,1260585,1332547,20.14,-1.9,2026-06-16
OCUL,0.9,8.94,2329712,2567015,20.83,-0.6,2026-06-16
ONDL,0.9,11.47,1385572,1563078,15.89,-3.2,2026-06-16
PLU,0.9,17.07,728738,783288,12.44,-11.5,2026-06-16
AUR,0.9,6.14,28246097,32352623,173.43,-3.5,2026-06-16
ATHM,0.9,18.18,782326,916517,14.22,-1.6,2026-06-16
IRWD,0.9,3.66,1825414,1939387,6.68,-2.4,2026-06-16
SBH,0.9,13.38,1148051,1314385,15.36,-2.5,2026-06-16
IE,0.9,11.53,2109326,2340667,24.32,0.3,2026-06-16
LPL,0.9,4.66,1859783,2120298,8.67,-1.5,2026-06-16
ATEC,0.9,8.44,2026118,2205515,17.1,1.0,2026-06-16
ASTL,0.9,4.91,601413,690883,2.95,0.0,2026-06-16
ASST,0.9,15.79,3697531,4293456,58.38,-4.1,2026-06-16
ASM,0.9,6.95,4771037,5445819,33.16,1.8,2026-06-16
WCMI,0.9,19.69,697166,787944,13.73,-0.9,2026-06-16
WAY,0.9,18.38,1623623,1794786,29.84,-1.2,2026-06-16
ASC,0.9,16.78,546149,596504,9.16,-0.5,2026-06-16
ARTV,0.9,8.91,796312,890047,7.1,-2.5,2026-06-16
ARRY,0.9,7.86,5832694,6652255,45.84,-3.3,2026-06-16
KODK,0.9,9.43,735088,825501,6.93,-0.4,2026-06-16
JELD,0.9,1.82,1283277,1367799,2.34,0.0,2026-06-16
JBLU,0.9,5.22,26181496,28423192,136.67,-4.0,2026-06-16
RXRX,0.9,3.18,15477040,16823751,49.22,-2.8,2026-06-16
RWT,0.9,5.27,1112782,1219541,5.86,0.0,2026-06-16
RWM,0.9,13.8,20623219,23406588,284.6,1.1,2026-06-16
RLJ,0.9,11.26,1642491,1906065,18.49,1.5,2026-06-16
RIVN,0.9,15.93,25457664,27043331,405.54,-3.7,2026-06-16
LFMD,0.9,4.82,798910,848122,3.85,-1.6,2026-06-16
LC,0.9,19.03,1721155,1923385,32.75,2.3,2026-06-16
RZLV,0.9,2.62,10091916,11172354,26.44,-3.0,2026-06-16
RYLD,0.9,15.88,411096,458920,6.53,-0.3,2026-06-16
ARLO,0.9,13.25,868249,992425,11.5,-1.0,2026-06-16
AMPL,0.9,6.65,1921285,2244793,12.78,-2.8,2026-06-16
WWW,0.9,17.74,850441,915108,15.09,-0.8,2026-06-16
WU,0.9,7.26,8674023,9372577,62.97,-0.4,2026-06-16
WTI,0.9,3.22,5207977,5846423,16.77,-1.8,2026-06-16
WT,0.9,18.47,3011961,3195344,55.63,-0.5,2026-06-16
OSUR,0.9,4.32,657838,732629,2.84,3.1,2026-06-16
PCG,0.9,16.74,12306660,14271946,206.01,0.8,2026-06-16
PAX,0.9,11.62,568273,602919,6.6,-0.1,2026-06-16
AMBP,0.9,4.36,1675038,1924533,7.3,2.5,2026-06-16
ACDC,0.9,6.56,1230170,1338213,8.07,-4.7,2026-06-16
ABCL,0.9,5.09,3648492,3960857,18.57,-2.7,2026-06-16
AAL,0.9,15.71,134505327,151685790,2113.08,0.8,2026-06-16
ABX,0.9,9.74,361028,395871,3.52,0.4,2026-06-16
ABSI,0.9,7.0,3835562,4508924,26.85,-4.0,2026-06-16
PDO,0.8,13.09,523290,623090,6.85,0.7,2026-06-16
ABTC,0.8,0.835,8863920,10863697,7.4,-2.6,2026-06-16
AIAI,0.8,14.86,404287,535555,6.01,2.2,2026-06-16
AIIO,0.8,2.53,1287610,1556537,3.26,-1.6,2026-06-16
ADT,0.8,6.72,7278032,9033445,48.91,0.0,2026-06-16
ADUR,0.8,14.55,589893,766560,8.58,0.4,2026-06-16
PDI,0.8,16.57,2369076,3095296,39.26,0.4,2026-06-16
DFH,0.8,14.96,505703,607427,7.57,0.1,2026-06-16
DGXX,0.8,6.73,5969939,7072324,40.18,-2.0,2026-06-16
CYH,0.8,3.14,1081123,1315600,3.39,1.3,2026-06-16
CYRX,0.8,14.71,483002,626975,7.1,-0.9,2026-06-16
NG,0.8,8.33,2668254,3327805,22.23,1.5,2026-06-16
NMG,0.8,1.57,797078,975409,1.25,-0.6,2026-06-16
NMR,0.8,8.91,1303675,1600389,11.62,0.6,2026-06-16
ONDG,0.8,4.26,1140142,1453003,4.86,-3.2,2026-06-16
ORC,0.8,6.68,3453221,4432977,23.07,0.8,2026-06-16
OKLL,0.8,6.07,9294141,11166654,56.42,-8.0,2026-06-16
OLMA,0.8,9.19,1207385,1488788,11.1,-6.9,2026-06-16
NX,0.8,16.53,387539,465796,6.41,-2.5,2026-06-16
NXE,0.8,10.62,4362589,5642368,46.33,1.0,2026-06-16
POET,0.8,12.645,24676433,31010856,312.03,-6.7,2026-06-16
APPS,0.8,9.4,6401890,8039447,60.18,-4.4,2026-06-16
NFGC,0.8,1.7,2156719,2666735,3.67,3.0,2026-06-16
MVIS,0.8,0.38,5728524,7499316,2.18,-2.5,2026-06-16
NAC,0.8,11.91,355575,419747,4.23,-0.7,2026-06-16
PYPG,0.8,5.3,653581,776825,3.46,4.7,2026-06-16
NUVB,0.8,5.12,3625160,4717192,18.56,-0.6,2026-06-16
NVCR,0.8,17.49,1022530,1263448,17.88,-0.6,2026-06-16
NNOX,0.8,1.72,734686,940962,1.26,-3.9,2026-06-16
NRDS,0.8,8.5,641924,760985,5.46,1.6,2026-06-16
NRIX,0.8,17.07,2675713,3357207,45.67,0.8,2026-06-16
DBI,0.8,6.49,873418,1153778,5.67,-4.7,2026-06-16
TMC,0.8,5.19,4807306,6008143,24.95,-2.9,2026-06-16
CRNT,0.8,2.86,567715,673213,1.62,-4.7,2026-06-16
CRCT,0.8,4.51,331847,396540,1.5,0.0,2026-06-16
CRF,0.8,7.06,964393,1194100,6.81,-0.4,2026-06-16
CRMG,0.8,4.41,1785539,2122834,7.87,-3.3,2026-06-16
DJT,0.8,8.16,3245249,4176654,26.48,-2.7,2026-06-16
DLTH,0.8,4.24,307741,370089,1.3,-10.5,2026-06-16
DNA,0.8,8.21,734574,912953,6.03,1.2,2026-06-16
DNN,0.8,3.33,20793141,25170969,69.24,0.6,2026-06-16
DNOW,0.8,13.49,2389207,2905569,32.23,-2.4,2026-06-16
DNP,0.8,10.78,529359,627727,5.71,0.7,2026-06-16
ATLX,0.8,3.85,577145,682905,2.22,-2.8,2026-06-16
ATOM,0.8,8.81,813518,1057577,7.17,-7.2,2026-06-16
AURA,0.8,6.28,496682,662114,3.12,-2.2,2026-06-16
ASAN,0.8,7.37,3821479,4945750,28.16,0.4,2026-06-16
WEAV,0.8,5.47,681710,812308,3.73,0.6,2026-06-16
WLTH,0.8,8.44,2333142,2936235,19.69,-4.1,2026-06-16
WNC,0.8,9.28,769241,991128,7.14,-2.3,2026-06-16
WOOF,0.8,2.78,1399138,1765633,3.89,0.0,2026-06-16
ANNX,0.8,4.52,2409029,3046597,10.89,-2.6,2026-06-16
NEXA,0.8,14.84,648515,802005,9.62,2.3,2026-06-16
MEI,0.8,11.55,326408,397112,3.77,-4.1,2026-06-16
MSFL,0.8,16.6,1105348,1465059,18.35,-0.8,2026-06-16
MSOS,0.8,4.83,6058904,8036268,29.26,-2.2,2026-06-16
MSTU,0.8,3.43,36541388,43124434,125.34,-10.0,2026-06-16
MSTX,0.8,15.75,3208941,4120730,50.54,-10.0,2026-06-16
MTA,0.8,7.68,396415,495111,3.04,-0.5,2026-06-16
QTTB,0.8,12.75,427793,533265,5.45,-0.7,2026-06-16
DOLE,0.8,14.36,676928,876750,9.72,0.6,2026-06-16
TDAY,0.8,7.76,1087313,1405995,8.44,1.8,2026-06-16
TDOC,0.8,7.57,2846578,3660440,21.55,2.7,2026-06-16
TDUP,0.8,5.29,1211235,1572009,6.41,1.7,2026-06-16
THM,0.8,2.32,759282,957798,1.76,3.1,2026-06-16
SVC,0.8,1.62,4255680,5354997,6.89,0.6,2026-06-16
DRN,0.8,11.19,1265494,1516853,14.16,-1.0,2026-06-16
DV,0.8,10.53,2134218,2645907,22.47,2.3,2026-06-16
RKLZ,0.8,2.83,14106354,18505427,39.92,4.4,2026-06-16
RKTO,0.8,1.17,4789854,6174546,5.6,21.8,2026-06-16
KREF,0.8,7.24,703409,834662,5.09,-0.3,2026-06-16
AUTL,0.8,1.49,877298,1148667,1.31,-0.7,2026-06-16
VTEX,0.8,3.63,902663,1081332,3.28,0.0,2026-06-16
VYGR,0.8,3.53,362770,468574,1.28,-3.6,2026-06-16
VZLA,0.8,3.69,5043225,6119557,18.61,1.1,2026-06-16
SVV,0.8,9.73,557563,690554,5.43,-4.2,2026-06-16
TSL,0.8,15.96,840669,1033089,13.42,0.3,2026-06-16
TSLQ,0.8,18.53,7433517,9453355,137.74,-0.3,2026-06-16
TSLT,0.8,18.67,2844849,3412801,53.11,0.1,2026-06-16
TSLX,0.8,16.59,551867,687775,9.16,1.1,2026-06-16
TTD,0.8,18.96,17319203,22411912,328.37,-1.4,2026-06-16
TTGT,0.8,3.68,320909,378194,1.18,-2.4,2026-06-16
TV,0.8,2.95,738263,945984,2.18,0.7,2026-06-16
CLBT,0.8,12.81,1095992,1446726,14.04,-1.2,2026-06-16
ESPR,0.8,3.16,7851825,9336148,24.81,0.3,2026-06-16
JQC,0.8,4.8,469953,562533,2.26,0.0,2026-06-16
RUM,0.8,7.39,2283137,2739081,16.87,-4.0,2026-06-16
RUN,0.8,12.64,6151128,7947428,77.75,1.6,2026-06-16
RXST,0.8,4.68,787984,1006961,3.69,-2.9,2026-06-16
LWLG,0.8,9.39,3484378,4230237,32.72,-5.4,2026-06-16
LYG,0.8,5.56,32068690,37976401,178.3,-0.5,2026-06-16
LZ,0.8,6.0,1564922,1964172,9.39,0.2,2026-06-16
LBTYK,0.8,11.6,870105,1054100,10.09,-0.2,2026-06-16
LDI,0.8,1.23,1597786,2071755,1.97,2.5,2026-06-16
LEG,0.8,10.85,1792522,2120440,19.45,-0.2,2026-06-16
ENVX,0.8,6.63,3868721,4913163,25.65,-5.6,2026-06-16
ECVT,0.8,12.85,1014175,1313468,13.03,-1.2,2026-06-16
EH,0.8,7.06,1429956,1821970,10.1,-4.6,2026-06-16
EVLV,0.8,5.92,2177482,2701635,12.89,-3.4,2026-06-16
EVTL,0.8,2.13,1718466,2223898,3.66,-2.3,2026-06-16
EVV,0.8,9.25,331825,429116,3.07,0.4,2026-06-16
BKKT,0.8,8.76,1419722,1671085,12.44,-0.2,2026-06-16
BLMN,0.8,7.63,1736647,2210429,13.25,-0.9,2026-06-16
BMNG,0.8,13.86,680703,902646,9.43,-9.2,2026-06-16
BGS,0.8,3.95,1443621,1770877,5.7,-1.2,2026-06-16
BILI,0.8,17.3,2075869,2535778,35.91,0.5,2026-06-16
BB,0.8,9.17,22520598,29050108,206.51,0.3,2026-06-16
KRP,0.8,14.75,629323,807785,9.28,0.0,2026-06-16
KULR,0.8,3.67,1511760,1860651,5.55,-8.5,2026-06-16
KVUE,0.8,18.43,11506212,14405968,212.06,0.8,2026-06-16
SRFM,0.8,1.12,2091354,2700059,2.34,0.0,2026-06-16
CLM,0.8,7.42,1572836,1867153,11.67,-0.9,2026-06-16
CLYM,0.8,10.71,864669,1145095,9.26,-7.0,2026-06-16
CMBT,0.8,15.08,1089126,1340908,16.42,-2.1,2026-06-16
CHA,0.8,11.52,531849,638785,6.13,-2.4,2026-06-16
GCTS,0.8,2.64,3266410,4276274,8.62,3.1,2026-06-16
GDXY,0.8,11.64,596875,795227,6.95,0.8,2026-06-16
IMNM,0.8,17.91,877499,1117723,15.72,-0.7,2026-06-16
SCZM,0.8,7.97,458274,583570,3.65,4.6,2026-06-16
SENS,0.8,7.23,508197,620364,3.67,-0.3,2026-06-16
JANX,0.8,13.7,617137,750183,8.45,-0.5,2026-06-16
JPC,0.8,7.82,679938,857045,5.32,-0.1,2026-06-16
IOVA,0.8,3.82,9003991,11279048,34.4,-6.1,2026-06-16
IPFX,0.8,10.61,428089,520162,4.54,-0.7,2026-06-16
IQ,0.8,1.04,3420163,4407739,3.56,-1.0,2026-06-16
IREZ,0.8,5.05,6626145,8685505,33.46,2.4,2026-06-16
ITUB,0.8,7.95,20413185,26863941,162.28,0.3,2026-06-16
GEMI,0.8,4.71,1479494,1842596,6.97,-6.7,2026-06-16
GENI,0.8,6.87,6061295,7286708,41.64,0.6,2026-06-16
FWRG,0.8,11.6,980187,1280068,11.37,-2.0,2026-06-16
FNKO,0.8,5.48,483910,601250,2.65,0.0,2026-06-16
FSCO,0.8,4.93,1078566,1422373,5.32,1.2,2026-06-16
SPIR,0.8,17.15,1225554,1486998,21.02,-5.5,2026-06-16
SPPP,0.8,14.24,389301,509208,5.54,0.1,2026-06-16
SLDP,0.8,2.74,3891558,4845411,10.66,-1.8,2026-06-16
GERN,0.8,1.18,10258721,12396945,12.11,1.7,2026-06-16
GLND,0.8,2.6,801719,972086,2.08,-1.5,2026-06-16
GLUE,0.8,17.76,795061,982950,14.12,-1.6,2026-06-16
GMRS,0.8,12.0,589815,717370,7.08,-0.8,2026-06-16
SMCX,0.8,9.42,5930609,7198931,55.87,-9.6,2026-06-16
SGML,0.8,14.8,2207269,2626257,32.67,-2.1,2026-06-16
UUUU,0.8,15.34,6482541,8336920,99.44,-3.1,2026-06-16
BRCB,0.8,7.42,488025,615170,3.62,-4.9,2026-06-16
VERU,0.8,3.13,688663,897222,2.16,-0.3,2026-06-16
VISN,0.8,12.61,4132964,5035467,52.12,-0.8,2026-06-16
IMRX,0.8,4.1,1135236,1465246,4.65,-2.1,2026-06-16
INDI,0.8,3.93,3813915,4975623,14.99,-4.4,2026-06-16
INR,0.8,12.84,412749,539100,5.3,2.9,2026-06-16
IHRT,0.8,3.99,572805,762893,2.29,0.3,2026-06-16
ILPT,0.8,8.65,358236,436980,3.1,-3.2,2026-06-16
GSBD,0.8,9.31,668016,877251,6.22,0.1,2026-06-16
GSIT,0.8,7.55,879337,1145960,6.64,-5.3,2026-06-16
GOOD,0.8,12.33,600999,761226,7.41,-0.1,2026-06-16
HYLN,0.8,7.43,5104689,6545587,37.93,1.8,2026-06-16
IAG,0.8,18.09,5719660,7372949,103.47,-0.5,2026-06-16
SG,0.8,9.15,4244572,5133907,38.84,4.0,2026-06-16
SGHC,0.8,13.65,3418387,4498609,46.66,-0.7,2026-06-16
SMCY,0.8,5.11,1065578,1408940,5.45,-4.1,2026-06-16
SNDQ,0.8,3.62,47418988,58245752,171.66,13.5,2026-06-16
UGP,0.8,4.69,2467612,3009191,11.57,0.0,2026-06-16
CALY,0.8,16.81,1997451,2449728,33.58,-2.0,2026-06-16
BVS,0.8,8.72,370729,487053,3.23,0.0,2026-06-16
USA,0.8,5.82,1349843,1629891,7.86,-0.9,2026-06-16
SHLS,0.8,9.96,4179664,5207276,41.63,-2.7,2026-06-16
SHOE,0.8,16.3,360055,446436,5.87,-3.1,2026-06-16
HBAN,0.8,17.32,20911070,26450856,362.18,0.1,2026-06-16
PFLT,0.8,7.85,933744,1120252,7.33,0.6,2026-06-16
PAGS,0.8,8.98,2122622,2620139,19.06,0.0,2026-06-16
PAL,0.8,7.86,312050,385268,2.45,-4.0,2026-06-16
ORGO,0.8,2.4,500994,640078,1.2,-0.8,2026-06-16
OXSQ,0.8,1.33,1200015,1554593,1.6,2.3,2026-06-16
PGEN,0.8,4.75,3576790,4596802,16.99,-1.2,2026-06-16
WVE,0.8,5.74,2325984,3030945,13.35,-4.0,2026-06-16
XERS,0.8,6.9,1471647,1937901,10.15,0.1,2026-06-16
XIFR,0.8,11.7,643903,838858,7.53,0.4,2026-06-16
AQN,0.8,6.01,3655115,4532888,21.97,0.2,2026-06-16
ARBE,0.8,0.85,1297390,1545218,1.1,-5.7,2026-06-16
AMCX,0.8,9.57,426211,509524,4.08,-1.0,2026-06-16
AMDD,0.8,3.085,18412787,22254689,56.8,6.9,2026-06-16
WRD,0.8,6.3,2423137,3030009,15.27,-3.1,2026-06-16
WSE,0.8,11.38,931862,1119963,10.6,0.8,2026-06-16
WTTR,0.8,18.2,1099435,1351629,20.01,-0.5,2026-06-16
ZBIO,0.8,18.19,392325,508262,7.14,-3.0,2026-06-16
YMM,0.8,8.03,5535943,6982363,44.45,-3.7,2026-06-16
ADBG,0.8,3.09,7479534,9191175,23.11,1.6,2026-06-16
XRX,0.7,3.29,2876837,4203256,9.46,-3.8,2026-06-16
XRP,0.7,13.64,380886,537673,5.2,-0.9,2026-06-16
AG,0.7,19.42,9315667,13860251,180.91,1.4,2026-06-16
WRN,0.7,2.58,1341919,1961755,3.46,0.8,2026-06-16
AMRX,0.7,16.25,1790770,2397309,29.1,-0.3,2026-06-16
AQST,0.7,4.26,1054290,1467360,4.49,1.4,2026-06-16
XMAX,0.7,8.19,728365,1111360,5.97,-2.4,2026-06-16
OWL,0.7,9.84,16941374,24435801,166.7,1.5,2026-06-16
ORIC,0.7,8.31,1151039,1738375,9.57,-1.0,2026-06-16
PBR.A,0.7,15.14,6732414,9256051,101.93,-0.0,2026-06-16
PATH,0.7,10.52,33455479,46233857,351.95,-1.9,2026-06-16
PAR,0.7,15.49,955946,1289322,14.81,1.4,2026-06-16
PACB,0.7,1.35,3742765,5025149,5.05,1.5,2026-06-16
UROY,0.7,3.1,1983955,2727819,6.15,2.6,2026-06-16
UPB,0.7,5.92,519892,732658,3.08,-3.0,2026-06-16
BZAI,0.7,1.55,2337138,3190989,3.62,-4.9,2026-06-16
BYND,0.7,0.684,24198318,35761644,16.56,-4.3,2026-06-16
CCCC,0.7,3.84,1542797,2089407,5.92,0.3,2026-06-16
CAL,0.7,13.39,551888,743556,7.39,-4.9,2026-06-16
CAI,0.7,17.98,1804635,2495395,32.45,-1.2,2026-06-16
SFIX,0.7,4.16,2243808,3125299,9.33,-1.4,2026-06-16
HRTX,0.7,0.382,2824004,4257654,1.08,-6.8,2026-06-16
IAUX,0.7,1.58,7133848,9595905,11.27,0.6,2026-06-16
HYT,0.7,8.55,548956,753357,4.69,0.1,2026-06-16
SID,0.7,1.21,2901719,4301492,3.51,-0.8,2026-06-16
GTM,0.7,2.8,6572554,9927740,18.4,-1.8,2026-06-16
GT,0.7,6.31,6626926,9428575,41.82,-4.5,2026-06-16
GROY,0.7,3.05,1550009,2071400,4.73,0.0,2026-06-16
HIMX,0.7,16.79,2400991,3630198,40.31,-4.4,2026-06-16
INV,0.7,6.01,891815,1232363,5.36,0.4,2026-06-16
VALE,0.7,15.98,16556652,23745758,264.58,0.2,2026-06-16
BOBS,0.7,13.9,507014,677988,7.05,-0.3,2026-06-16
BTCZ,0.7,5.395,18429090,25729734,99.42,1.0,2026-06-16
BSCU,0.7,16.71,433213,637778,7.24,0.1,2026-06-16
UUUG,0.7,5.986,309471,417687,1.85,-4.2,2026-06-16
SLS,0.7,7.53,4289510,6079356,32.3,-0.9,2026-06-16
SPRY,0.7,9.7,874818,1189117,8.49,-1.1,2026-06-16
SOXS,0.7,4.63,616261049,857883005,2853.29,15.0,2026-06-16
SAN,0.7,13.38,6087053,9282196,81.44,0.0,2026-06-16
S,0.7,15.03,4315864,6183275,64.87,-0.8,2026-06-16
JMIA,0.7,7.19,1059616,1503254,7.62,-2.8,2026-06-16
HSLV,0.7,5.11,366601,529057,1.87,-1.0,2026-06-16
SEM,0.7,16.61,952057,1321166,15.81,-0.4,2026-06-16
SBSW,0.7,10.76,4017695,5938142,43.23,-0.9,2026-06-16
GELS,0.7,1.23,2088510,3101780,2.57,6.0,2026-06-16
GDYN,0.7,6.37,1041953,1492554,6.64,0.0,2026-06-16
UAVS,0.7,0.893,1284798,1755538,1.15,-1.9,2026-06-16
UAMY,0.7,7.09,5858802,8406470,41.54,-3.9,2026-06-16
CGEM,0.7,13.55,1062328,1566407,14.39,-1.1,2026-06-16
CGAU,0.7,17.65,1381006,1986442,24.37,2.4,2026-06-16
CIK,0.7,2.5,407983,616931,1.02,0.4,2026-06-16
CHWY,0.7,18.87,9157926,12742198,172.81,-2.2,2026-06-16
CMPS,0.7,11.49,2055662,2808990,23.62,-2.0,2026-06-16
KSS,0.7,16.52,4286246,5820354,70.81,-2.3,2026-06-16
VLY,0.7,14.2,5918089,7956686,84.04,-1.5,2026-06-16
BCAT,0.7,15.68,668621,891852,10.48,-0.1,2026-06-16
BFLY,0.7,5.65,4105310,6122153,23.2,0.0,2026-06-16
BIZD,0.7,12.62,2359201,3153654,29.77,0.2,2026-06-16
BITO,0.7,8.92,202759041,271065314,1808.61,-0.6,2026-06-16
SANA,0.7,2.83,2006796,2868987,5.68,-1.0,2026-06-16
SPT,0.7,7.06,873748,1251546,6.17,-2.4,2026-06-16
EXK,0.7,9.3,5579767,8280027,51.89,1.1,2026-06-16
FLO,0.7,7.6,4122885,5941158,31.33,-0.8,2026-06-16
FJET,0.7,5.57,1602009,2393214,8.92,-2.3,2026-06-16
FINV,0.7,4.83,390513,545673,1.89,-3.4,2026-06-16
FIG,0.7,17.98,12867040,17510431,231.35,-1.6,2026-06-16
ENIC,0.7,4.66,432236,648708,2.01,1.1,2026-06-16
EVC,0.7,9.14,1554674,2145147,14.21,0.2,2026-06-16
ETHT,0.7,9.86,1696130,2561714,16.72,-1.0,2026-06-16
ETHA,0.7,13.54,23035181,34093653,311.9,-0.4,2026-06-16
LCID,0.7,5.02,10791723,15710104,54.17,-1.8,2026-06-16
LPTH,0.7,14.33,2606395,3576975,37.35,-3.8,2026-06-16
LI,0.7,14.04,2840629,4111641,39.88,-1.0,2026-06-16
IVVD,0.7,0.892,5002739,6892554,4.46,1.9,2026-06-16
KEP,0.7,13.23,990714,1498388,13.11,-1.6,2026-06-16
LABD,0.7,12.7,4474907,6106995,56.83,2.3,2026-06-16
ETH,0.7,17.06,2274177,3105328,38.8,-0.4,2026-06-16
CONL,0.7,5.82,14550458,20044389,84.68,-0.2,2026-06-16
COLD,0.7,14.62,3272869,4379496,47.85,0.5,2026-06-16
TRX,0.7,0.987,1617664,2235131,1.6,1.2,2026-06-16
TARA,0.7,3.81,510740,775714,1.95,-3.5,2026-06-16
SVRA,0.7,5.3,997667,1411667,5.29,-0.9,2026-06-16
RDGT,0.7,1.49,1254284,1688620,1.87,-11.8,2026-06-16
VTRS,0.7,16.04,6312134,8844691,101.25,-1.3,2026-06-16
VSTM,0.7,4.01,1512590,2043890,6.07,0.0,2026-06-16
AXIA,0.7,10.42,1321547,1895009,13.77,-0.5,2026-06-16
AVS,0.7,8.0,9221265,12897754,73.77,3.5,2026-06-16
AVO,0.7,11.58,1617986,2408320,18.74,-1.3,2026-06-16
VOXR,0.7,5.47,361340,517278,1.98,1.7,2026-06-16
VNET,0.7,9.03,3470249,4772340,31.34,-2.0,2026-06-16
RNAC,0.7,9.05,368196,526851,3.33,5.0,2026-06-16
DYN,0.7,18.07,1137496,1672601,20.55,-3.5,2026-06-16
DVLT,0.7,0.386,20466590,30852289,7.91,-0.9,2026-06-16
DSX,0.7,2.3,446320,618189,1.03,-5.0,2026-06-16
DRVN,0.7,13.36,846045,1150917,11.3,-0.6,2026-06-16
SUNE,0.7,2.86,2273687,3261715,6.5,10.0,2026-06-16
TGB,0.7,7.81,3662418,5359630,28.6,0.5,2026-06-16
TECS,0.7,6.76,9428007,13282950,63.73,7.3,2026-06-16
DQ,0.7,14.79,1011956,1552183,14.97,-4.2,2026-06-16
MOMO,0.7,5.73,691407,986329,3.96,-0.9,2026-06-16
MNKD,0.7,3.87,3164062,4274806,12.24,-3.2,2026-06-16
MUD,0.7,11.76,11337637,16383426,133.33,7.2,2026-06-16
MSTZ,0.7,8.95,13869611,20668859,124.13,8.9,2026-06-16
RGNX,0.7,6.93,967544,1295936,6.71,-2.0,2026-06-16
REPL,0.7,8.78,1550925,2337808,13.62,-1.4,2026-06-16
REAL,0.7,11.31,2051803,2919284,23.21,1.7,2026-06-16
MAX,0.7,9.99,516150,702306,5.16,0.5,2026-06-16
MATV,0.7,8.13,320606,480661,2.61,0.0,2026-06-16
NEWP,0.7,4.91,822148,1150805,4.04,-0.6,2026-06-16
WCT,0.7,1.69,649713,992314,1.1,13.0,2026-06-16
ARVN,0.7,7.42,519472,755034,3.85,-1.7,2026-06-16
ASTI,0.7,6.79,1411605,2171242,9.58,0.4,2026-06-16
ASTC,0.7,16.08,490535,698953,7.89,10.6,2026-06-16
ASPI,0.7,6.44,3311396,4720690,21.33,-2.6,2026-06-16
TRIN,0.7,16.9,793170,1130484,13.4,-0.1,2026-06-16
TOYO,0.7,12.34,517425,741370,6.39,2.4,2026-06-16
TOI,0.7,5.1,1244329,1840787,6.35,-2.1,2026-06-16
TNDM,0.7,16.69,1905533,2771656,31.8,-1.5,2026-06-16
NRXP,0.7,3.97,549211,758703,2.18,-2.7,2026-06-16
NRGV,0.7,4.06,3663645,5457756,14.87,-1.0,2026-06-16
NOWL,0.7,4.67,11624382,16030104,54.29,-3.3,2026-06-16
NVG,0.7,12.63,408939,547903,5.16,0.1,2026-06-16
NVD,0.7,4.89,43916888,62476090,214.75,3.4,2026-06-16
PWP,0.7,16.49,1148725,1586703,18.94,1.7,2026-06-16
NAD,0.7,11.9,456814,674608,5.44,-0.3,2026-06-16
ANVS,0.7,1.79,670957,1012625,1.2,0.6,2026-06-16
NUAI,0.7,5.44,5170886,6961731,28.13,-1.6,2026-06-16
OCFC,0.7,18.31,695680,1070034,12.74,-0.3,2026-06-16
OI,0.7,9.03,2446007,3334863,22.09,-0.6,2026-06-16
PICS,0.7,11.02,319851,431255,3.52,1.4,2026-06-16
CYPH,0.7,0.786,2943534,4494954,2.31,-1.8,2026-06-16
DFDV,0.7,3.2,770694,1062685,2.47,-5.3,2026-06-16
TK,0.7,12.11,343735,495836,4.16,-0.8,2026-06-16
TIGR,0.7,4.65,2610627,3587338,12.14,-1.7,2026-06-16
AES,0.7,14.64,5226545,8012056,76.52,-0.1,2026-06-16
AIRS,0.7,5.03,453093,610843,2.28,-1.2,2026-06-16
AIM,0.7,0.406,5524999,8417197,2.24,6.4,2026-06-16
PFFD,0.7,18.94,434955,615292,8.24,0.2,2026-06-16
PERI,0.7,8.63,401211,585493,3.46,1.2,2026-06-16
ACVA,0.7,6.27,1696387,2569120,10.64,-0.3,2026-06-16
PDM,0.7,9.21,1286458,1732297,11.85,0.3,2026-06-16
ALKT,0.6,15.55,910318,1506363,14.16,1.4,2026-06-16
ALLO,0.6,1.9,5045927,7833872,9.59,-2.6,2026-06-16
ADTN,0.6,14.79,1529486,2674779,22.62,-1.4,2026-06-16
DCTH,0.6,11.54,430918,704594,4.97,-3.7,2026-06-16
CX,0.6,12.98,3169255,5029749,41.14,-0.1,2026-06-16
DBO,0.6,19.0,548148,881695,10.41,-0.8,2026-06-16
CPNG,0.6,18.03,23250536,39116818,419.21,4.9,2026-06-16
CRMT,0.6,2.34,1388211,2523408,3.25,-4.5,2026-06-16
TNXP,0.6,11.63,372222,612245,4.33,1.0,2026-06-16
DXD,0.6,17.47,1352504,2400387,23.63,-0.5,2026-06-16
TAC,0.6,13.51,1726222,2861303,23.32,-0.3,2026-06-16
CRMD,0.6,8.66,847801,1364918,7.34,0.7,2026-06-16
CSIQ,0.6,16.69,1488180,2543889,24.84,0.4,2026-06-16
GGN,0.6,5.05,390015,607034,1.97,0.0,2026-06-16
SMMT,0.6,13.88,5505389,8578747,76.41,-1.8,2026-06-16
SPCE,0.6,3.35,28691823,49257325,96.12,-2.9,2026-06-16
CCUP,0.6,2.56,2102776,3753331,5.38,-7.6,2026-06-16
CLOV,0.6,4.94,8099183,12778355,40.01,2.5,2026-06-16
FUTG,0.6,3.443,1766658,3027353,6.08,-4.4,2026-06-16
EXG,0.6,9.59,326251,509385,3.13,-0.4,2026-06-16
ELPW,0.6,1.01,1386874,2194955,1.4,-4.7,2026-06-16
CLDT,0.6,13.04,312168,544112,4.07,2.1,2026-06-16
ETHE,0.6,14.52,1513520,2431005,21.98,-0.3,2026-06-16
CODI,0.6,10.14,718103,1271311,7.28,-1.8,2026-06-16
TSHA,0.6,5.85,1653824,2841293,9.67,-2.2,2026-06-16
AMZD,0.6,9.26,11915228,18863889,110.34,0.8,2026-06-16
MX,0.6,5.5,1582425,2569455,8.7,-5.0,2026-06-16
ASTN,0.6,5.85,4192066,6856685,24.52,7.1,2026-06-16
ARIS,0.6,17.33,1019217,1851962,17.66,-1.4,2026-06-16
NABL,0.6,3.19,1659853,2620221,5.29,0.3,2026-06-16
MSBT,0.6,18.83,316807,488016,5.97,-0.4,2026-06-16
QFIN,0.6,15.07,974444,1734530,14.68,-3.1,2026-06-16
QDEL,0.6,14.12,911104,1635890,12.86,-4.3,2026-06-16
NVDY,0.6,13.06,1515098,2627254,19.79,-1.1,2026-06-16
NVDX,0.6,18.46,4702582,8342991,86.81,-3.6,2026-06-16
NVDQ,0.6,11.23,3623728,6320745,40.69,3.6,2026-06-16
XP,0.6,15.68,4186981,7290255,65.65,-0.9,2026-06-16
CGNT,0.6,8.69,639433,986322,5.56,-1.6,2026-06-16
CATX,0.6,2.93,765604,1202293,2.24,-1.3,2026-06-16
UEC,0.6,11.67,9249855,15623821,107.95,-3.2,2026-06-16
SMRT,0.6,1.08,1252120,1992073,1.35,-4.4,2026-06-16
HPP,0.6,14.64,775229,1210016,11.35,1.9,2026-06-16
BSOL,0.6,10.0,1618222,2818195,16.18,-0.4,2026-06-16
BTX,0.6,9.16,536263,864875,4.91,-1.4,2026-06-16
BTGO,0.6,5.44,1033991,1787996,5.62,-2.5,2026-06-16
BNED,0.6,11.1,302939,516576,3.36,-2.9,2026-06-16
JBS,0.6,12.3,3922039,6369049,48.24,0.4,2026-06-16
IHS,0.6,8.26,1004574,1546043,8.3,0.0,2026-06-16
VFC,0.6,17.7,5321085,9011881,94.18,-1.7,2026-06-16
HLIT,0.6,14.8,1532433,2602383,22.68,-1.9,2026-06-16
GRRR,0.6,17.7,844362,1370848,14.95,3.3,2026-06-16
HNST,0.6,3.61,734547,1299560,2.65,1.1,2026-06-16
HMY,0.6,17.78,2991422,4817621,53.19,1.1,2026-06-16
CBRG,0.6,6.04,4358163,7829584,26.32,-5.0,2026-06-16
BBDC,0.6,8.42,400859,717534,3.38,-0.4,2026-06-16
BITX,0.6,13.08,5173484,8718634,67.67,-0.9,2026-06-16
IVA,0.6,3.58,474831,738426,1.7,-4.0,2026-06-16
KURA,0.6,9.4,1014441,1748589,9.54,-1.7,2026-06-16
AAPD,0.6,11.833,5678394,9620163,67.19,-1.4,2026-06-16
NB,0.6,5.19,2176228,3504304,11.29,-3.5,2026-06-16
AVTR,0.6,9.57,5365872,8308883,51.35,-1.4,2026-06-16
RETL,0.6,8.94,691897,1204468,6.19,-2.3,2026-06-16
VRRM,0.6,5.02,5246991,8150766,26.34,0.2,2026-06-16
MLCO,0.6,5.42,1720443,3124286,9.32,0.2,2026-06-16
MFG,0.6,9.76,2513142,4043349,24.53,-0.1,2026-06-16
BHVN,0.6,12.09,2375050,3854844,28.71,0.6,2026-06-16
LAB,0.6,0.832,2340276,3956310,1.95,-1.0,2026-06-16
RQI,0.6,12.78,942345,1452532,12.04,-0.3,2026-06-16
VNM,0.6,18.1,417158,688407,7.55,-0.4,2026-06-16
AMLX,0.6,15.05,1193217,1886057,17.96,-0.1,2026-06-16
NWL,0.6,4.74,8182252,13197602,38.78,-0.6,2026-06-16
ODD,0.6,11.4,902893,1471996,10.29,-1.6,2026-06-16
PLTK,0.6,3.35,1492993,2403290,5.0,-0.9,2026-06-16
KT,0.5,18.76,928633,2039547,17.42,0.2,2026-06-16
BITU,0.5,10.25,2788389,5723902,28.58,-1.0,2026-06-16
MSFD,0.5,13.7,454275,971254,6.22,0.4,2026-06-16
TAK,0.5,15.66,1715783,3175568,26.87,-0.3,2026-06-16
DNUT,0.5,3.85,1713559,3528970,6.6,-3.3,2026-06-16
TLS,0.5,4.53,487456,918667,2.21,0.7,2026-06-16
TIC,0.5,8.42,1057920,2064735,8.91,-1.3,2026-06-16
DRTS,0.5,9.35,370039,684694,3.46,-2.5,2026-06-16
CRCD,0.5,4.9,1494796,3102745,7.32,7.5,2026-06-16
ADCT,0.5,0.996,1284089,2478856,1.28,-6.9,2026-06-16
TLK,0.5,16.04,771106,1560305,12.37,-0.7,2026-06-16
SUZ,0.5,8.42,1478317,3020606,12.45,0.4,2026-06-16
BTDR,0.5,18.25,5770728,10596144,105.32,0.3,2026-06-16
FABC,0.5,3.43,420967,793460,1.44,1.2,2026-06-16
ETHW,0.5,12.83,420217,904504,5.39,-0.5,2026-06-16
TSDD,0.5,7.83,16390921,33908094,128.34,-0.4,2026-06-16
YMAG,0.5,11.96,743981,1388218,8.9,-0.3,2026-06-16
ZVRA,0.5,12.65,1259024,2476007,15.93,0.9,2026-06-16
ZGN,0.5,14.49,984909,1816360,14.27,-1.8,2026-06-16
MORT,0.5,10.22,470951,975888,4.81,0.8,2026-06-16
MRVI,0.5,5.01,1455978,2828440,7.29,1.0,2026-06-16
QID,0.5,14.01,13456662,28026393,188.53,3.2,2026-06-16
MNTS,0.5,9.31,3657015,6875293,34.05,-7.6,2026-06-16
ORCU,0.5,14.01,1203443,2206370,16.86,-1.5,2026-06-16
AMPG,0.5,8.78,5606159,11820085,49.22,17.1,2026-06-16
ARCO,0.5,8.69,554130,1163451,4.82,-1.3,2026-06-16
PRGO,0.5,10.67,2297033,4287203,24.51,-0.3,2026-06-16
RGTZ,0.5,3.51,10019284,20068350,35.17,11.1,2026-06-16
INDO,0.5,2.58,429119,787078,1.11,4.0,2026-06-16
JKS,0.5,19.66,565525,1050166,11.12,1.3,2026-06-16
IONZ,0.5,2.51,15929398,33857472,39.98,12.1,2026-06-16
IPWR,0.5,5.7,324617,601682,1.85,-8.4,2026-06-16
TWO,0.5,12.26,556342,1203257,6.82,0.2,2026-06-16
SIDU,0.5,3.23,11802020,22004896,38.12,-3.3,2026-06-16
STTK,0.5,4.33,642310,1375755,2.78,-7.3,2026-06-16
SRAD,0.5,15.82,2237850,4182589,35.4,-0.9,2026-06-16
ELDN,0.5,3.48,574423,1089464,2.0,0.9,2026-06-16
FETH,0.5,17.88,1057066,2108518,18.9,-0.4,2026-06-16
SSG,0.5,12.7,687937,1402398,8.74,7.7,2026-06-16
IEP,0.5,7.34,476023,876013,3.49,-0.3,2026-06-16
HLMN,0.5,7.83,1005564,1878636,7.87,-2.6,2026-06-16
HCAT,0.5,1.78,1020083,2193455,1.82,-3.3,2026-06-16
SHNY,0.5,10.12,393781,825696,3.99,-0.4,2026-06-16
BULL,0.5,6.72,8073752,14783455,54.26,-1.3,2026-06-16
HODL,0.5,18.56,595770,1280391,11.06,-0.5,2026-06-16
SGRY,0.5,15.14,574334,1118005,8.7,-0.7,2026-06-16
UVIX,0.5,3.27,23463262,48359626,76.72,0.0,2026-06-16
IRT,0.5,16.48,1587753,3383300,26.17,-1.1,2026-06-16
RERE,0.5,4.01,419798,886083,1.68,0.5,2026-06-16
MAMA,0.5,15.12,327193,620486,4.95,0.5,2026-06-16
MSW,0.5,1.42,768221,1436854,1.09,19.3,2026-06-16
MMED,0.5,14.7,460472,881095,6.77,-2.3,2026-06-16
XOS,0.4,3.31,721794,1696955,2.39,-0.6,2026-06-16
MMA,0.4,0.549,2651022,6288419,1.46,7.7,2026-06-16
DBGI,0.4,0.738,1778608,4828670,1.31,-8.9,2026-06-16
RUBI,0.4,0.422,5389766,14431136,2.27,-1.3,2026-06-16
QYLD,0.4,18.2,3025794,8045761,55.07,-0.1,2026-06-16
ENHA,0.4,3.66,665752,1617069,2.44,-3.7,2026-06-16
HTCO,0.4,4.37,527155,1330218,2.3,-8.8,2026-06-16
TSLG,0.4,6.63,14083740,36761413,93.38,0.3,2026-06-16
LSPD,0.4,9.6,819760,1832645,7.87,-2.6,2026-06-16
LRMR,0.4,3.4,926176,2369162,3.15,-5.3,2026-06-16
LESL,0.4,7.05,302988,746307,2.14,-1.4,2026-06-16
MASK,0.4,2.38,524307,1186646,1.25,3.9,2026-06-16
CSAN,0.3,2.59,961562,2982598,2.49,-0.4,2026-06-16
CPSH,0.3,7.29,1164269,3770317,8.49,4.9,2026-06-16
GLXG,0.3,2.24,1604029,4797692,3.59,28.0,2026-06-16
ZLAB,0.3,17.73,354982,1127871,6.29,-0.8,2026-06-16
SPDN,0.3,8.71,34538325,110490958,300.83,0.7,2026-06-16
STAK,0.3,5.5,360705,1086212,1.98,0.2,2026-06-16
EIDO,0.2,12.66,843169,3419422,10.67,-0.6,2026-06-16
CHAI,0.2,1.08,1798785,9902713,1.94,-12.2,2026-06-16
SMCZ,0.2,10.925,469443,1953091,5.13,9.5,2026-06-16
BYAH,0.1,1.5,1486845,16845011,2.23,18.1,2026-06-16
GMM,0.1,3.58,656291,10228027,2.35,4.7,2026-06-16
HKIT,0.1,0.412,5751100,75428089,2.37,-6.4,2026-06-16
MTEN,0.1,3.06,2803876,25957497,8.58,-6.4,2026-06-16
AZI,0.1,1.8,781696,8800585,1.41,1.7,2026-06-16
VSME,0.1,2.75,2179123,37677585,5.99,26.7,2026-06-16
BATL,0.1,1.25,3941340,30388476,4.93,0.0,2026-06-16
