signal_day,eval_day,ticker,ratio,verdict,candle_pos,gap_%,entry,outcome,gross_%,net_%,bucket,intraday_signal
2026-05-19,2026-05-20,GIPR,1963.1,강한매수,전고점돌파,-19.1,0.3469,open,15.71,13.21,05:30,정보부족
2026-05-19,2026-05-20,GIPR,1963.1,강한매수,전고점돌파,-19.1,0.3485,open,15.18,12.68,06:00,중립
2026-05-19,2026-05-20,GIPR,1963.1,강한매수,전고점돌파,-19.1,0.3446,open,16.48,13.98,06:30,중립
2026-05-19,2026-05-20,GIPR,1963.1,강한매수,전고점돌파,-19.1,0.3915,open,2.53,0.03,07:00,매수관심
2026-05-19,2026-05-20,GIPR,1963.1,강한매수,전고점돌파,-19.1,0.4182,open,-4.02,-6.52,07:30,중립
2026-05-19,2026-05-20,GIPR,1963.1,강한매수,전고점돌파,-19.1,0.3885,open,3.32,0.82,08:00,중립
2026-05-19,2026-05-20,GIPR,1963.1,강한매수,전고점돌파,-19.1,0.391,open,2.66,0.16,08:30,매도주의
2026-05-19,2026-05-20,GIPR,1963.1,강한매수,전고점돌파,-19.1,0.3845,open,4.4,1.9,09:00,중립
2026-05-19,2026-05-20,AMST,1528.1,매도주의,전고점돌파,-15.6,1.46,open,11.64,9.14,05:30,정보부족
2026-05-19,2026-05-20,AMST,1528.1,매도주의,전고점돌파,-15.6,1.47,open,10.88,8.38,06:00,중립
2026-05-19,2026-05-20,AMST,1528.1,매도주의,전고점돌파,-15.6,1.48,open,10.14,7.64,06:30,매수관심
2026-05-19,2026-05-20,AMST,1528.1,매도주의,전고점돌파,-15.6,1.4897,open,9.42,6.92,07:00,중립
2026-05-19,2026-05-20,AMST,1528.1,매도주의,전고점돌파,-15.6,1.53,open,6.54,4.04,07:30,매수관심
2026-05-19,2026-05-20,AMST,1528.1,매도주의,전고점돌파,-15.6,1.5,open,8.67,6.17,08:00,중립
2026-05-19,2026-05-20,AMST,1528.1,매도주의,전고점돌파,-15.6,1.48,open,10.14,7.64,08:30,중립
2026-05-19,2026-05-20,AMST,1528.1,매도주의,전고점돌파,-15.6,1.6,open,1.87,-0.63,09:00,강한매수
2026-05-19,2026-05-20,MTVA,1020.0,매수관심,전고점돌파,-0.6,1.8696,open,5.37,2.87,05:30,정보부족
2026-05-19,2026-05-20,MTVA,1020.0,매수관심,전고점돌파,-0.6,1.7801,open,10.67,8.17,06:00,강한매도
2026-05-19,2026-05-20,MTVA,1020.0,매수관심,전고점돌파,-0.6,1.77,open,11.3,8.8,06:30,중립
2026-05-19,2026-05-20,MTVA,1020.0,매수관심,전고점돌파,-0.6,1.79,open,10.06,7.56,07:00,중립
2026-05-19,2026-05-20,MTVA,1020.0,매수관심,전고점돌파,-0.6,1.8196,open,8.27,5.77,07:30,중립
2026-05-19,2026-05-20,MTVA,1020.0,매수관심,전고점돌파,-0.6,1.82,open,8.24,5.74,08:00,중립
2026-05-19,2026-05-20,MTVA,1020.0,매수관심,전고점돌파,-0.6,1.81,open,8.84,6.34,08:30,매도주의
2026-05-19,2026-05-20,MTVA,1020.0,매수관심,전고점돌파,-0.6,1.8696,open,5.37,2.87,09:00,강한매수
2026-05-19,2026-05-20,WNW,725.2,중립,전고점돌파,4.6,4.97,open,9.26,6.76,05:30,정보부족
2026-05-19,2026-05-20,WNW,725.2,중립,전고점돌파,4.6,4.67,open,16.27,13.77,06:00,강한매도
2026-05-19,2026-05-20,WNW,725.2,중립,전고점돌파,4.6,4.9,open,10.82,8.32,06:30,중립
2026-05-19,2026-05-20,WNW,725.2,중립,전고점돌파,4.6,4.82,open,12.66,10.16,07:00,중립
2026-05-19,2026-05-20,WNW,725.2,중립,전고점돌파,4.6,5.09,open,6.68,4.18,07:30,중립
2026-05-19,2026-05-20,WNW,725.2,중립,전고점돌파,4.6,5.02,open,8.17,5.67,08:00,중립
2026-05-19,2026-05-20,WNW,725.2,중립,전고점돌파,4.6,5.1,open,6.47,3.97,08:30,중립
2026-05-19,2026-05-20,WNW,725.2,중립,전고점돌파,4.6,5.01,open,8.38,5.88,09:00,매도주의
2026-05-19,2026-05-20,RUBI,462.9,강한매도,전저점이탈,-24.5,1.035,open,-11.58,-14.08,05:30,정보부족
2026-05-19,2026-05-20,RUBI,462.9,강한매도,전저점이탈,-24.5,0.911,open,0.45,-2.05,06:00,강한매도
2026-05-19,2026-05-20,RUBI,462.9,강한매도,전저점이탈,-24.5,0.9034,open,1.3,-1.2,06:30,강한매수
2026-05-19,2026-05-20,RUBI,462.9,강한매도,전저점이탈,-24.5,0.9031,open,1.33,-1.17,07:00,매도주의
2026-05-19,2026-05-20,RUBI,462.9,강한매도,전저점이탈,-24.5,0.9999,open,-8.48,-10.98,07:30,매수관심
2026-05-19,2026-05-20,RUBI,462.9,강한매도,전저점이탈,-24.5,0.9461,open,-3.28,-5.78,08:00,매도주의
2026-05-19,2026-05-20,RUBI,462.9,강한매도,전저점이탈,-24.5,0.9734,open,-5.99,-8.49,08:30,매수관심
2026-05-19,2026-05-20,RUBI,462.9,강한매도,전저점이탈,-24.5,0.8674,open,5.5,3.0,09:00,매도주의
2026-05-19,2026-05-20,CODX,286.0,중립,잔구간,-11.6,1.7416,open,15.99,13.49,05:30,정보부족
2026-05-19,2026-05-20,CODX,286.0,중립,잔구간,-11.6,1.71,open,18.13,15.63,06:00,중립
2026-05-19,2026-05-20,CODX,286.0,중립,잔구간,-11.6,1.76,open,14.77,12.27,06:30,매수관심
2026-05-19,2026-05-20,CODX,286.0,중립,잔구간,-11.6,1.805,open,11.91,9.41,07:00,매수관심
2026-05-19,2026-05-20,CODX,286.0,중립,잔구간,-11.6,1.96,open,3.06,0.56,07:30,강한매수
2026-05-19,2026-05-20,CODX,286.0,중립,잔구간,-11.6,1.89,open,6.88,4.38,08:00,중립
2026-05-19,2026-05-20,CODX,286.0,중립,잔구간,-11.6,1.99,open,1.51,-0.99,08:30,매수관심
2026-05-19,2026-05-20,CODX,286.0,중립,잔구간,-11.6,1.85,open,9.19,6.69,09:00,매도주의
2026-05-20,2026-05-21,MTVA,742.0,강한매수,전고점돌파,-2.4,2.82,open,-7.8,-10.3,05:30,정보부족
2026-05-20,2026-05-21,MTVA,742.0,강한매수,전고점돌파,-2.4,2.72,open,-4.41,-6.91,06:00,중립
2026-05-20,2026-05-21,MTVA,742.0,강한매수,전고점돌파,-2.4,2.7495,open,-5.44,-7.94,06:30,중립
2026-05-20,2026-05-21,MTVA,742.0,강한매수,전고점돌파,-2.4,2.72,open,-4.41,-6.91,07:00,중립
2026-05-20,2026-05-21,MTVA,742.0,강한매수,전고점돌파,-2.4,2.69,open,-3.35,-5.85,07:30,중립
2026-05-20,2026-05-21,MTVA,742.0,강한매수,전고점돌파,-2.4,2.64,open,-1.52,-4.02,08:00,매도주의
2026-05-20,2026-05-21,MTVA,742.0,강한매수,전고점돌파,-2.4,2.62,open,-0.76,-3.26,08:30,매도주의
2026-05-20,2026-05-21,MTVA,742.0,강한매수,전고점돌파,-2.4,2.62,open,-0.76,-3.26,09:00,매도주의
2026-05-20,2026-05-21,PHGE,701.6,중립,잔구간,3.9,0.62,open,8.27,5.77,05:30,정보부족
2026-05-20,2026-05-21,PHGE,701.6,중립,잔구간,3.9,0.6255,open,7.32,4.82,06:00,중립
2026-05-20,2026-05-21,PHGE,701.6,중립,잔구간,3.9,0.6236,open,7.65,5.15,06:30,중립
2026-05-20,2026-05-21,PHGE,701.6,중립,잔구간,3.9,0.624,open,7.58,5.08,07:00,중립
2026-05-20,2026-05-21,PHGE,701.6,중립,잔구간,3.9,0.6153,open,9.1,6.6,07:30,중립
2026-05-20,2026-05-21,PHGE,701.6,중립,잔구간,3.9,0.6355,open,5.63,3.13,08:00,중립
2026-05-20,2026-05-21,PHGE,701.6,중립,잔구간,3.9,0.6405,open,4.81,2.31,08:30,매수관심
2026-05-20,2026-05-21,PHGE,701.6,중립,잔구간,3.9,0.62,open,8.27,5.77,09:00,중립
2026-05-20,2026-05-21,CAPS,334.7,매수관심,전고점돌파,-17.4,0.318,open,4.03,1.53,05:30,정보부족
2026-05-20,2026-05-21,CAPS,334.7,매수관심,전고점돌파,-17.4,0.3299,open,0.27,-2.23,06:00,매수관심
2026-05-20,2026-05-21,CAPS,334.7,매수관심,전고점돌파,-17.4,0.345,open,-4.12,-6.62,06:30,매수관심
2026-05-20,2026-05-21,CAPS,334.7,매수관심,전고점돌파,-17.4,0.332,open,-0.36,-2.86,07:00,중립
2026-05-20,2026-05-21,CAPS,334.7,매수관심,전고점돌파,-17.4,0.334,open,-0.96,-3.46,07:30,중립
2026-05-20,2026-05-21,CAPS,334.7,매수관심,전고점돌파,-17.4,0.334,open,-0.96,-3.46,08:00,매도주의
2026-05-20,2026-05-21,CAPS,334.7,매수관심,전고점돌파,-17.4,0.3313,open,-0.15,-2.65,08:30,중립
2026-05-20,2026-05-21,CAPS,334.7,매수관심,전고점돌파,-17.4,0.3247,open,1.88,-0.62,09:00,중립
2026-05-20,2026-05-21,MWC,209.4,매도주의,잔구간,0.4,7.18,open,-1.67,-4.17,05:30,정보부족
2026-05-20,2026-05-21,MWC,209.4,매도주의,잔구간,0.4,7.17,open,-1.53,-4.03,06:00,중립
2026-05-20,2026-05-21,MWC,209.4,매도주의,잔구간,0.4,7.13,open,-0.98,-3.48,06:30,중립
2026-05-20,2026-05-21,MWC,209.4,매도주의,잔구간,0.4,7.135,open,-1.05,-3.55,07:00,강한매수
2026-05-20,2026-05-21,MWC,209.4,매도주의,잔구간,0.4,7.11,open,-0.7,-3.2,07:30,중립
2026-05-20,2026-05-21,MWC,209.4,매도주의,잔구간,0.4,7.24,open,-2.49,-4.99,08:00,매수관심
2026-05-20,2026-05-21,MWC,209.4,매도주의,잔구간,0.4,7.1618,open,-1.42,-3.92,08:30,매도주의
2026-05-20,2026-05-21,MWC,209.4,매도주의,잔구간,0.4,7.02,open,0.57,-1.93,09:00,매도주의
2026-05-20,2026-05-21,JYD,208.3,매도주의,전저점이탈,-16.6,0.7505,open,2.0,-0.5,05:30,정보부족
2026-05-20,2026-05-21,JYD,208.3,매도주의,전저점이탈,-16.6,0.75,open,2.07,-0.43,06:00,매도주의
2026-05-20,2026-05-21,JYD,208.3,매도주의,전저점이탈,-16.6,0.8043,open,-4.82,-7.32,06:30,매수관심
2026-05-20,2026-05-21,JYD,208.3,매도주의,전저점이탈,-16.6,0.779,open,-1.73,-4.23,07:00,매도주의
2026-05-20,2026-05-21,JYD,208.3,매도주의,전저점이탈,-16.6,0.7928,open,-3.44,-5.94,07:30,중립
2026-05-20,2026-05-21,JYD,208.3,매도주의,전저점이탈,-16.6,0.8107,open,-5.58,-8.08,08:00,강한매수
2026-05-20,2026-05-21,JYD,208.3,매도주의,전저점이탈,-16.6,0.8017,open,-4.52,-7.02,08:30,강한매수
2026-05-20,2026-05-21,JYD,208.3,매도주의,전저점이탈,-16.6,0.78,open,-1.86,-4.36,09:00,중립
2026-05-20,2026-05-21,VIDA,207.1,강한매수,전고점돌파,19.5,4.96,open,-12.3,-14.8,05:30,정보부족
2026-05-20,2026-05-21,VIDA,207.1,강한매수,전고점돌파,19.5,4.92,open,-11.59,-14.09,06:00,강한매수
2026-05-20,2026-05-21,VIDA,207.1,강한매수,전고점돌파,19.5,4.95,open,-12.12,-14.62,06:30,강한매수
2026-05-20,2026-05-21,VIDA,207.1,강한매수,전고점돌파,19.5,4.95,open,-12.12,-14.62,07:00,매수관심
2026-05-20,2026-05-21,VIDA,207.1,강한매수,전고점돌파,19.5,4.75,open,-8.42,-10.92,07:30,중립
2026-05-20,2026-05-21,VIDA,207.1,강한매수,전고점돌파,19.5,4.74,open,-8.23,-10.73,08:00,중립
2026-05-20,2026-05-21,VIDA,207.1,강한매수,전고점돌파,19.5,4.3468,open,0.07,-2.43,08:30,강한매도
2026-05-20,2026-05-21,VIDA,207.1,강한매수,전고점돌파,19.5,4.29,open,1.4,-1.1,09:00,중립
2026-05-21,2026-05-22,NCPL,726.7,강한매수,전고점돌파,-6.1,0.7698,open,1.33,-1.17,05:30,정보부족
2026-05-21,2026-05-22,NCPL,726.7,강한매수,전고점돌파,-6.1,0.7656,open,1.88,-0.62,06:00,중립
2026-05-21,2026-05-22,NCPL,726.7,강한매수,전고점돌파,-6.1,0.774,open,0.78,-1.72,06:30,중립
2026-05-21,2026-05-22,NCPL,726.7,강한매수,전고점돌파,-6.1,0.79,open,-1.27,-3.77,07:00,매수관심
2026-05-21,2026-05-22,NCPL,726.7,강한매수,전고점돌파,-6.1,0.7736,open,0.83,-1.67,07:30,매도주의
2026-05-21,2026-05-22,NCPL,726.7,강한매수,전고점돌파,-6.1,0.789,open,-1.14,-3.64,08:00,매수관심
2026-05-21,2026-05-22,NCPL,726.7,강한매수,전고점돌파,-6.1,0.79,open,-1.27,-3.77,08:30,매수관심
2026-05-21,2026-05-22,NCPL,726.7,강한매수,전고점돌파,-6.1,0.8313,open,-6.17,-8.67,09:00,강한매수
2026-05-21,2026-05-22,NIVF,658.0,중립,잔구간,-17.1,0.9289,open,11.96,9.46,05:30,정보부족
2026-05-21,2026-05-22,NIVF,658.0,중립,잔구간,-17.1,0.955,open,8.9,6.4,06:00,중립
2026-05-21,2026-05-22,NIVF,658.0,중립,잔구간,-17.1,0.9201,open,13.03,10.53,06:30,매도주의
2026-05-21,2026-05-22,NIVF,658.0,중립,잔구간,-17.1,0.94,open,10.64,8.14,07:00,매수관심
2026-05-21,2026-05-22,NIVF,658.0,중립,잔구간,-17.1,0.9501,open,9.46,6.96,07:30,매수관심
2026-05-21,2026-05-22,NIVF,658.0,중립,잔구간,-17.1,0.95,open,9.47,6.97,08:00,중립
2026-05-21,2026-05-22,NIVF,658.0,중립,잔구간,-17.1,1.0003,open,3.97,1.47,08:30,강한매수
2026-05-21,2026-05-22,NIVF,658.0,중립,잔구간,-17.1,0.9968,open,4.33,1.83,09:00,중립
2026-05-21,2026-05-22,WHLR,554.9,중립,잔구간,-14.0,1.11,open,7.21,4.71,05:30,정보부족
2026-05-21,2026-05-22,WHLR,554.9,중립,잔구간,-14.0,1.13,open,5.31,2.81,06:00,중립
2026-05-21,2026-05-22,WHLR,554.9,중립,잔구간,-14.0,1.11,open,7.21,4.71,06:30,매도주의
2026-05-21,2026-05-22,WHLR,554.9,중립,잔구간,-14.0,1.14,open,4.39,1.89,07:00,매수관심
2026-05-21,2026-05-22,WHLR,554.9,중립,잔구간,-14.0,1.14,open,4.39,1.89,07:30,매도주의
2026-05-21,2026-05-22,WHLR,554.9,중립,잔구간,-14.0,1.13,open,5.31,2.81,08:00,중립
2026-05-21,2026-05-22,WHLR,554.9,중립,잔구간,-14.0,1.1314,open,5.18,2.68,08:30,매수관심
2026-05-21,2026-05-22,WHLR,554.9,중립,잔구간,-14.0,1.17,open,1.71,-0.79,09:00,강한매수
2026-05-21,2026-05-22,CODX,218.5,강한매수,전고점돌파,-2.7,3.61,open,-7.06,-9.56,05:30,정보부족
2026-05-21,2026-05-22,CODX,218.5,강한매수,전고점돌파,-2.7,3.61,open,-7.06,-9.56,06:00,매수관심
2026-05-21,2026-05-22,CODX,218.5,강한매수,전고점돌파,-2.7,3.654,open,-8.18,-10.68,06:30,매수관심
2026-05-21,2026-05-22,CODX,218.5,강한매수,전고점돌파,-2.7,3.68,open,-8.83,-11.33,07:00,중립
2026-05-21,2026-05-22,CODX,218.5,강한매수,전고점돌파,-2.7,3.575,open,-6.15,-8.65,07:30,매도주의
2026-05-21,2026-05-22,CODX,218.5,강한매수,전고점돌파,-2.7,3.58,open,-6.28,-8.78,08:00,중립
2026-05-21,2026-05-22,CODX,218.5,강한매수,전고점돌파,-2.7,3.53,open,-4.96,-7.46,08:30,매도주의
2026-05-21,2026-05-22,CODX,218.5,강한매수,전고점돌파,-2.7,3.4913,open,-3.9,-6.4,09:00,중립
2026-05-21,2026-05-22,SBFM,191.7,중립,잔구간,-12.0,4.545,open,-1.39,-3.89,05:30,정보부족
2026-05-21,2026-05-22,SBFM,191.7,중립,잔구간,-12.0,4.532,open,-1.1,-3.6,06:00,매도주의
2026-05-21,2026-05-22,SBFM,191.7,중립,잔구간,-12.0,4.66,open,-3.82,-6.32,06:30,매수관심
2026-05-21,2026-05-22,SBFM,191.7,중립,잔구간,-12.0,4.684,open,-4.31,-6.81,07:00,중립
2026-05-21,2026-05-22,SBFM,191.7,중립,잔구간,-12.0,4.58,open,-2.14,-4.64,07:30,중립
2026-05-21,2026-05-22,SBFM,191.7,중립,잔구간,-12.0,4.55,open,-1.49,-3.99,08:00,중립
2026-05-21,2026-05-22,SBFM,191.7,중립,잔구간,-12.0,4.579,open,-2.12,-4.62,08:30,중립
2026-05-21,2026-05-22,SBFM,191.7,중립,잔구간,-12.0,4.54,open,-1.28,-3.78,09:00,중립
2026-05-21,2026-05-22,ORIS,133.8,강한매수,완만한상승,-6.9,0.447,open,2.91,0.41,05:30,정보부족
2026-05-21,2026-05-22,ORIS,133.8,강한매수,완만한상승,-6.9,0.4361,open,5.48,2.98,06:00,매도주의
2026-05-21,2026-05-22,ORIS,133.8,강한매수,완만한상승,-6.9,0.432,open,6.48,3.98,06:30,매수관심
2026-05-21,2026-05-22,ORIS,133.8,강한매수,완만한상승,-6.9,0.445,open,3.37,0.87,07:00,강한매수
2026-05-21,2026-05-22,ORIS,133.8,강한매수,완만한상승,-6.9,0.4569,open,0.68,-1.82,07:30,중립
2026-05-21,2026-05-22,ORIS,133.8,강한매수,완만한상승,-6.9,0.454,open,1.32,-1.18,08:00,매도주의
2026-05-21,2026-05-22,ORIS,133.8,강한매수,완만한상승,-6.9,0.4456,open,3.23,0.73,08:30,매도주의
2026-05-21,2026-05-22,ORIS,133.8,강한매수,완만한상승,-6.9,0.4466,open,3.0,0.5,09:00,매수관심
2026-05-22,2026-05-26,FUTG,249.4,중립,전저점이탈,15.9,3.57,open,5.04,2.54,05:30,정보부족
2026-05-22,2026-05-26,FUTG,249.4,중립,전저점이탈,15.9,3.56,open,5.34,2.84,06:00,매도주의
2026-05-22,2026-05-26,FUTG,249.4,중립,전저점이탈,15.9,3.55,open,5.63,3.13,06:30,중립
2026-05-22,2026-05-26,FUTG,249.4,중립,전저점이탈,15.9,3.53,open,6.23,3.73,07:00,중립
2026-05-22,2026-05-26,FUTG,249.4,중립,전저점이탈,15.9,3.51,open,6.84,4.34,07:30,중립
2026-05-22,2026-05-26,FUTG,249.4,중립,전저점이탈,15.9,3.56,open,5.34,2.84,08:00,강한매수
2026-05-22,2026-05-26,FUTG,249.4,중립,전저점이탈,15.9,3.55,open,5.63,3.13,08:30,중립
2026-05-22,2026-05-26,FUTG,249.4,중립,전저점이탈,15.9,3.64,open,3.02,0.52,09:00,강한매수
2026-05-22,2026-05-26,VCIG,247.3,강한매수,전고점돌파,21.8,1.62,open,2.16,-0.34,05:30,정보부족
2026-05-22,2026-05-26,VCIG,247.3,강한매수,전고점돌파,21.8,1.6312,open,1.46,-1.04,06:00,중립
2026-05-22,2026-05-26,VCIG,247.3,강한매수,전고점돌파,21.8,1.72,open,-3.78,-6.28,06:30,강한매수
2026-05-22,2026-05-26,VCIG,247.3,강한매수,전고점돌파,21.8,1.665,open,-0.6,-3.1,07:00,매도주의
2026-05-22,2026-05-26,VCIG,247.3,강한매수,전고점돌파,21.8,1.67,open,-0.9,-3.4,07:30,매수관심
2026-05-22,2026-05-26,VCIG,247.3,강한매수,전고점돌파,21.8,1.59,open,4.09,1.59,08:00,매도주의
2026-05-22,2026-05-26,VCIG,247.3,강한매수,전고점돌파,21.8,1.57,open,5.41,2.91,08:30,중립
2026-05-22,2026-05-26,VCIG,247.3,강한매수,전고점돌파,21.8,1.65,open,0.3,-2.2,09:00,강한매수
2026-05-22,2026-05-26,MTVA,195.6,강한매수,전고점돌파,-10.7,3.4393,open,-2.54,-5.04,05:30,정보부족
2026-05-22,2026-05-26,MTVA,195.6,강한매수,전고점돌파,-10.7,3.4236,open,-2.09,-4.59,06:00,중립
2026-05-22,2026-05-26,MTVA,195.6,강한매수,전고점돌파,-10.7,3.48,open,-3.68,-6.18,06:30,강한매수
2026-05-22,2026-05-26,MTVA,195.6,강한매수,전고점돌파,-10.7,3.47,open,-3.4,-5.9,07:00,중립
2026-05-22,2026-05-26,MTVA,195.6,강한매수,전고점돌파,-10.7,3.41,open,-1.7,-4.2,07:30,중립
2026-05-22,2026-05-26,MTVA,195.6,강한매수,전고점돌파,-10.7,3.38,open,-0.83,-3.33,08:00,중립
2026-05-22,2026-05-26,MTVA,195.6,강한매수,전고점돌파,-10.7,3.375,open,-0.68,-3.18,08:30,매도주의
2026-05-22,2026-05-26,MTVA,195.6,강한매수,전고점돌파,-10.7,3.33,open,0.66,-1.84,09:00,매도주의
2026-05-22,2026-05-26,AIDX,142.7,강한매도,전저점이탈,-3.4,0.9466,open,15.15,12.65,05:30,정보부족
2026-05-22,2026-05-26,AIDX,142.7,강한매도,전저점이탈,-3.4,0.9503,open,14.7,12.2,06:00,매수관심
2026-05-22,2026-05-26,AIDX,142.7,강한매도,전저점이탈,-3.4,0.9516,open,14.54,12.04,06:30,중립
2026-05-22,2026-05-26,AIDX,142.7,강한매도,전저점이탈,-3.4,0.98,open,11.22,8.72,07:00,강한매수
2026-05-22,2026-05-26,AIDX,142.7,강한매도,전저점이탈,-3.4,0.982,open,11.0,8.5,07:30,중립
2026-05-22,2026-05-26,AIDX,142.7,강한매도,전저점이탈,-3.4,1.01,open,7.92,5.42,08:00,매수관심
2026-05-22,2026-05-26,AIDX,142.7,강한매도,전저점이탈,-3.4,1.05,open,3.81,1.31,08:30,중립
2026-05-22,2026-05-26,AIDX,142.7,강한매도,전저점이탈,-3.4,1.01,open,7.92,5.42,09:00,강한매도
2026-05-22,2026-05-26,NXL,94.2,중립,잔구간,-2.0,0.3702,open,2.38,-0.12,05:30,정보부족
2026-05-22,2026-05-26,NXL,94.2,중립,잔구간,-2.0,0.3728,open,1.66,-0.84,06:00,매수관심
2026-05-22,2026-05-26,NXL,94.2,중립,잔구간,-2.0,0.3735,open,1.47,-1.03,06:30,매도주의
2026-05-22,2026-05-26,NXL,94.2,중립,잔구간,-2.0,0.374,open,1.34,-1.16,07:00,매수관심
2026-05-22,2026-05-26,NXL,94.2,중립,잔구간,-2.0,0.3752,open,1.01,-1.49,07:30,매수관심
2026-05-22,2026-05-26,NXL,94.2,중립,잔구간,-2.0,0.3735,open,1.47,-1.03,08:00,매수관심
2026-05-22,2026-05-26,NXL,94.2,중립,잔구간,-2.0,0.38,open,-0.26,-2.76,08:30,중립
2026-05-22,2026-05-26,NXL,94.2,중립,잔구간,-2.0,0.376,open,0.8,-1.7,09:00,중립
2026-05-22,2026-05-26,NGEN,92.6,강한매도,전저점이탈,4.8,2.1799,open,1.38,-1.12,05:30,정보부족
2026-05-22,2026-05-26,NGEN,92.6,강한매도,전저점이탈,4.8,2.22,open,-0.45,-2.95,06:00,매수관심
2026-05-22,2026-05-26,NGEN,92.6,강한매도,전저점이탈,4.8,2.165,open,2.08,-0.42,06:30,매도주의
2026-05-22,2026-05-26,NGEN,92.6,강한매도,전저점이탈,4.8,2.1639,open,2.13,-0.37,07:00,강한매수
2026-05-22,2026-05-26,NGEN,92.6,강한매도,전저점이탈,4.8,2.1613,open,2.25,-0.25,07:30,매도주의
2026-05-22,2026-05-26,NGEN,92.6,강한매도,전저점이탈,4.8,2.25,open,-1.78,-4.28,08:00,강한매수
2026-05-22,2026-05-26,NGEN,92.6,강한매도,전저점이탈,4.8,2.18,open,1.38,-1.12,08:30,매도주의
2026-05-22,2026-05-26,NGEN,92.6,강한매도,전저점이탈,4.8,2.23,open,-0.9,-3.4,09:00,강한매수
2026-05-26,2026-05-27,VCIG,551.3,강한매수,전고점돌파,29.3,3.75,open,-8.53,-11.03,05:30,정보부족
2026-05-26,2026-05-27,VCIG,551.3,강한매수,전고점돌파,29.3,3.44,open,-0.29,-2.79,06:00,매도주의
2026-05-26,2026-05-27,VCIG,551.3,강한매수,전고점돌파,29.3,3.4993,open,-1.98,-4.48,06:30,중립
2026-05-26,2026-05-27,VCIG,551.3,강한매수,전고점돌파,29.3,3.48,open,-1.44,-3.94,07:00,중립
2026-05-26,2026-05-27,VCIG,551.3,강한매수,전고점돌파,29.3,3.421,open,0.26,-2.24,07:30,중립
2026-05-26,2026-05-27,VCIG,551.3,강한매수,전고점돌파,29.3,3.43,open,0.0,-2.5,08:00,중립
2026-05-26,2026-05-27,VCIG,551.3,강한매수,전고점돌파,29.3,3.6,open,-4.72,-7.22,08:30,강한매수
2026-05-26,2026-05-27,VCIG,551.3,강한매수,전고점돌파,29.3,3.5605,open,-3.67,-6.17,09:00,매도주의
2026-05-26,2026-05-27,UZX,170.7,중립,전고점돌파,5.4,0.8115,open,29.39,26.89,05:30,정보부족
2026-05-26,2026-05-27,UZX,170.7,중립,전고점돌파,5.4,0.8209,open,27.91,25.41,06:00,매수관심
2026-05-26,2026-05-27,UZX,170.7,중립,전고점돌파,5.4,0.8894,open,18.06,15.56,06:30,강한매수
2026-05-26,2026-05-27,UZX,170.7,중립,전고점돌파,5.4,1.16,open,-9.48,-11.98,07:00,강한매수
2026-05-26,2026-05-27,UZX,170.7,중립,전고점돌파,5.4,1.0903,open,-3.7,-6.2,07:30,중립
2026-05-26,2026-05-27,UZX,170.7,중립,전고점돌파,5.4,1.1687,open,-10.16,-12.66,08:00,강한매수
2026-05-26,2026-05-27,UZX,170.7,중립,전고점돌파,5.4,1.06,open,-0.94,-3.44,08:30,매도주의
2026-05-26,2026-05-27,UZX,170.7,중립,전고점돌파,5.4,1.025,open,2.44,-0.06,09:00,중립
2026-05-26,2026-05-27,PHGE,148.5,강한매수,전고점돌파,-23.5,1.24,open,20.16,17.66,05:30,정보부족
2026-05-26,2026-05-27,PHGE,148.5,강한매수,전고점돌파,-23.5,1.26,open,18.25,15.75,06:00,중립
2026-05-26,2026-05-27,PHGE,148.5,강한매수,전고점돌파,-23.5,1.2897,open,15.53,13.03,06:30,중립
2026-05-26,2026-05-27,PHGE,148.5,강한매수,전고점돌파,-23.5,1.335,open,11.61,9.11,07:00,강한매수
2026-05-26,2026-05-27,PHGE,148.5,강한매수,전고점돌파,-23.5,1.33,open,12.03,9.53,07:30,중립
2026-05-26,2026-05-27,PHGE,148.5,강한매수,전고점돌파,-23.5,1.3,open,14.62,12.12,08:00,매도주의
2026-05-26,2026-05-27,PHGE,148.5,강한매수,전고점돌파,-23.5,1.3,open,14.62,12.12,08:30,중립
2026-05-26,2026-05-27,PHGE,148.5,강한매수,전고점돌파,-23.5,1.29,open,15.5,13.0,09:00,중립
2026-05-26,2026-05-27,AEMD,134.7,매수관심,전고점돌파,32.2,3.24,open,-12.65,-15.15,05:30,정보부족
2026-05-26,2026-05-27,AEMD,134.7,매수관심,전고점돌파,32.2,3.0522,open,-7.28,-9.78,06:00,매도주의
2026-05-26,2026-05-27,AEMD,134.7,매수관심,전고점돌파,32.2,2.9796,open,-5.02,-7.52,06:30,중립
2026-05-26,2026-05-27,AEMD,134.7,매수관심,전고점돌파,32.2,3.13,open,-9.58,-12.08,07:00,매수관심
2026-05-26,2026-05-27,AEMD,134.7,매수관심,전고점돌파,32.2,2.74,open,3.28,0.78,07:30,매도주의
2026-05-26,2026-05-27,AEMD,134.7,매수관심,전고점돌파,32.2,2.8,open,1.07,-1.43,08:00,중립
2026-05-26,2026-05-27,AEMD,134.7,매수관심,전고점돌파,32.2,2.7,open,4.81,2.31,08:30,중립
2026-05-26,2026-05-27,AEMD,134.7,매수관심,전고점돌파,32.2,2.72,open,4.04,1.54,09:00,중립
2026-05-26,2026-05-27,OTLK,114.6,중립,전고점돌파,-0.4,0.3986,open,5.87,3.37,05:30,정보부족
2026-05-26,2026-05-27,OTLK,114.6,중립,전고점돌파,-0.4,0.3981,open,6.0,3.5,06:00,중립
2026-05-26,2026-05-27,OTLK,114.6,중립,전고점돌파,-0.4,0.403,open,4.71,2.21,06:30,중립
2026-05-26,2026-05-27,OTLK,114.6,중립,전고점돌파,-0.4,0.4081,open,3.41,0.91,07:00,매수관심
2026-05-26,2026-05-27,OTLK,114.6,중립,전고점돌파,-0.4,0.4005,open,5.37,2.87,07:30,중립
2026-05-26,2026-05-27,OTLK,114.6,중립,전고점돌파,-0.4,0.4006,open,5.34,2.84,08:00,중립
2026-05-26,2026-05-27,OTLK,114.6,중립,전고점돌파,-0.4,0.4028,open,4.77,2.27,08:30,중립
2026-05-26,2026-05-27,OTLK,114.6,중립,전고점돌파,-0.4,0.3927,open,7.46,4.96,09:00,매도주의
2026-05-26,2026-05-27,SNGX,113.0,강한매수,전고점돌파,107.6,1.065,open,-7.39,-9.89,05:30,정보부족
2026-05-26,2026-05-27,SNGX,113.0,강한매수,전고점돌파,107.6,1.1,open,-10.34,-12.84,06:00,중립
2026-05-26,2026-05-27,SNGX,113.0,강한매수,전고점돌파,107.6,1.11,open,-11.14,-13.64,06:30,매수관심
2026-05-26,2026-05-27,SNGX,113.0,강한매수,전고점돌파,107.6,1.06,open,-6.95,-9.45,07:00,매도주의
2026-05-26,2026-05-27,SNGX,113.0,강한매수,전고점돌파,107.6,1.03,open,-4.24,-6.74,07:30,중립
2026-05-26,2026-05-27,SNGX,113.0,강한매수,전고점돌파,107.6,0.986,open,0.03,-2.47,08:00,매도주의
2026-05-26,2026-05-27,SNGX,113.0,강한매수,전고점돌파,107.6,1.0203,open,-3.33,-5.83,08:30,강한매수
2026-05-26,2026-05-27,SNGX,113.0,강한매수,전고점돌파,107.6,1.015,open,-2.83,-5.33,09:00,중립
2026-05-27,2026-05-28,BRTX,345.6,중립,전고점돌파,-7.6,0.4001,open,-1.25,-3.75,05:30,정보부족
2026-05-27,2026-05-28,BRTX,345.6,중립,전고점돌파,-7.6,0.3908,open,1.1,-1.4,06:00,매도주의
2026-05-27,2026-05-28,BRTX,345.6,중립,전고점돌파,-7.6,0.3925,open,0.66,-1.84,06:30,중립
2026-05-27,2026-05-28,BRTX,345.6,중립,전고점돌파,-7.6,0.3845,open,2.76,0.26,07:00,매도주의
2026-05-27,2026-05-28,BRTX,345.6,중립,전고점돌파,-7.6,0.3871,open,2.07,-0.43,07:30,매수관심
2026-05-27,2026-05-28,BRTX,345.6,중립,전고점돌파,-7.6,0.3777,open,4.61,2.11,08:00,중립
2026-05-27,2026-05-28,BRTX,345.6,중립,전고점돌파,-7.6,0.387,open,2.09,-0.41,08:30,중립
2026-05-27,2026-05-28,BRTX,345.6,중립,전고점돌파,-7.6,0.3934,open,0.43,-2.07,09:00,중립
2026-05-27,2026-05-28,RCT,299.2,중립,전고점돌파,-12.0,0.6601,open,-4.58,-7.08,05:30,정보부족
2026-05-27,2026-05-28,RCT,299.2,중립,전고점돌파,-12.0,0.6251,open,0.77,-1.73,06:00,강한매도
2026-05-27,2026-05-28,RCT,299.2,중립,전고점돌파,-12.0,0.619,open,1.76,-0.74,06:30,매도주의
2026-05-27,2026-05-28,RCT,299.2,중립,전고점돌파,-12.0,0.6311,open,-0.19,-2.69,07:00,중립
2026-05-27,2026-05-28,RCT,299.2,중립,전고점돌파,-12.0,0.6273,open,0.41,-2.09,07:30,매도주의
2026-05-27,2026-05-28,RCT,299.2,중립,전고점돌파,-12.0,0.6209,open,1.45,-1.05,08:00,중립
2026-05-27,2026-05-28,RCT,299.2,중립,전고점돌파,-12.0,0.6324,open,-0.4,-2.9,08:30,매수관심
2026-05-27,2026-05-28,RCT,299.2,중립,전고점돌파,-12.0,0.636,open,-0.96,-3.46,09:00,강한매수
2026-05-27,2026-05-28,SNGX,297.1,중립,전고점돌파,-1.3,0.8544,open,-4.03,-6.53,05:30,정보부족
2026-05-27,2026-05-28,SNGX,297.1,중립,전고점돌파,-1.3,0.832,open,-1.44,-3.94,06:00,중립
2026-05-27,2026-05-28,SNGX,297.1,중립,전고점돌파,-1.3,0.8302,open,-1.23,-3.73,06:30,매도주의
2026-05-27,2026-05-28,SNGX,297.1,중립,전고점돌파,-1.3,0.8298,open,-1.18,-3.68,07:00,매도주의
2026-05-27,2026-05-28,SNGX,297.1,중립,전고점돌파,-1.3,0.792,open,3.54,1.04,07:30,매도주의
2026-05-27,2026-05-28,SNGX,297.1,중립,전고점돌파,-1.3,0.7839,open,4.61,2.11,08:00,중립
2026-05-27,2026-05-28,SNGX,297.1,중립,전고점돌파,-1.3,0.8104,open,1.18,-1.32,08:30,중립
2026-05-27,2026-05-28,SNGX,297.1,중립,전고점돌파,-1.3,0.8263,open,-0.76,-3.26,09:00,중립
2026-05-27,2026-05-28,LGHL,254.4,매수관심,전고점돌파,-4.6,0.93,open,-9.68,-12.18,05:30,정보부족
2026-05-27,2026-05-28,LGHL,254.4,매수관심,전고점돌파,-4.6,0.931,open,-9.77,-12.27,06:00,강한매도
2026-05-27,2026-05-28,LGHL,254.4,매수관심,전고점돌파,-4.6,0.8925,open,-5.88,-8.38,06:30,강한매도
2026-05-27,2026-05-28,LGHL,254.4,매수관심,전고점돌파,-4.6,0.8656,open,-2.96,-5.46,07:00,강한매도
2026-05-27,2026-05-28,LGHL,254.4,매수관심,전고점돌파,-4.6,0.8571,open,-2.0,-4.5,07:30,중립
2026-05-27,2026-05-28,LGHL,254.4,매수관심,전고점돌파,-4.6,0.8322,open,0.94,-1.56,08:00,중립
2026-05-27,2026-05-28,LGHL,254.4,매수관심,전고점돌파,-4.6,0.8537,open,-1.6,-4.1,08:30,중립
2026-05-27,2026-05-28,LGHL,254.4,매수관심,전고점돌파,-4.6,0.8415,open,-0.18,-2.68,09:00,중립
2026-05-27,2026-05-28,ATPC,226.6,매도주의,잔구간,86.0,5.3,open,8.87,6.37,05:30,정보부족
2026-05-27,2026-05-28,ATPC,226.6,매도주의,잔구간,86.0,5.0195,open,14.95,12.45,06:00,중립
2026-05-27,2026-05-28,ATPC,226.6,매도주의,잔구간,86.0,5.47,open,5.48,2.98,06:30,중립
2026-05-27,2026-05-28,ATPC,226.6,매도주의,잔구간,86.0,6.22,open,-7.23,-9.73,07:00,매수관심
2026-05-27,2026-05-28,ATPC,226.6,매도주의,잔구간,86.0,5.74,open,0.52,-1.98,07:30,매도주의
2026-05-27,2026-05-28,ATPC,226.6,매도주의,잔구간,86.0,5.98,open,-3.51,-6.01,08:00,중립
2026-05-27,2026-05-28,ATPC,226.6,매도주의,잔구간,86.0,6.29,open,-8.27,-10.77,08:30,매수관심
2026-05-27,2026-05-28,ATPC,226.6,매도주의,잔구간,86.0,5.9,open,-2.2,-4.7,09:00,중립
2026-05-28,2026-05-29,MASK,1323.6,강한매수,전고점돌파,24.7,5.15,open,-4.85,-7.35,05:30,정보부족
2026-05-28,2026-05-29,MASK,1323.6,강한매수,전고점돌파,24.7,4.8297,open,1.46,-1.04,06:00,중립
2026-05-28,2026-05-29,MASK,1323.6,강한매수,전고점돌파,24.7,4.61,open,6.29,3.79,06:30,매도주의
2026-05-28,2026-05-29,MASK,1323.6,강한매수,전고점돌파,24.7,4.78,open,2.51,0.01,07:00,매수관심
2026-05-28,2026-05-29,MASK,1323.6,강한매수,전고점돌파,24.7,4.9,open,0.0,-2.5,07:30,매수관심
2026-05-28,2026-05-29,MASK,1323.6,강한매수,전고점돌파,24.7,5.23,open,-6.31,-8.81,08:00,매수관심
2026-05-28,2026-05-29,MASK,1323.6,강한매수,전고점돌파,24.7,4.7205,open,3.8,1.3,08:30,매도주의
2026-05-28,2026-05-29,MASK,1323.6,강한매수,전고점돌파,24.7,4.92,open,-0.41,-2.91,09:00,강한매수
2026-05-28,2026-05-29,PRFX,211.6,중립,완만한상승,221.9,4.41,open,7.48,4.98,05:30,정보부족
2026-05-28,2026-05-29,PRFX,211.6,중립,완만한상승,221.9,4.45,open,6.52,4.02,06:00,매수관심
2026-05-28,2026-05-29,PRFX,211.6,중립,완만한상승,221.9,4.3572,open,8.79,6.29,06:30,매도주의
2026-05-28,2026-05-29,PRFX,211.6,중립,완만한상승,221.9,4.23,open,12.06,9.56,07:00,중립
2026-05-28,2026-05-29,PRFX,211.6,중립,완만한상승,221.9,4.5005,open,5.32,2.82,07:30,중립
2026-05-28,2026-05-29,PRFX,211.6,중립,완만한상승,221.9,4.7202,open,0.42,-2.08,08:00,중립
2026-05-28,2026-05-29,PRFX,211.6,중립,완만한상승,221.9,4.41,open,7.48,4.98,08:30,매도주의
2026-05-28,2026-05-29,PRFX,211.6,중립,완만한상승,221.9,4.59,open,3.27,0.77,09:00,강한매수
2026-05-28,2026-05-29,ATPC,182.3,중립,전고점돌파,-0.1,6.065,open,-7.17,-9.67,05:30,정보부족
2026-05-28,2026-05-29,ATPC,182.3,중립,전고점돌파,-0.1,5.82,open,-3.26,-5.76,06:00,중립
2026-05-28,2026-05-29,ATPC,182.3,중립,전고점돌파,-0.1,5.94,open,-5.22,-7.72,06:30,매수관심
2026-05-28,2026-05-29,ATPC,182.3,중립,전고점돌파,-0.1,5.84,open,-3.6,-6.1,07:00,매도주의
2026-05-28,2026-05-29,ATPC,182.3,중립,전고점돌파,-0.1,5.564,open,1.19,-1.31,07:30,강한매도
2026-05-28,2026-05-29,ATPC,182.3,중립,전고점돌파,-0.1,5.62,open,0.18,-2.32,08:00,중립
2026-05-28,2026-05-29,ATPC,182.3,중립,전고점돌파,-0.1,5.655,open,-0.44,-2.94,08:30,중립
2026-05-28,2026-05-29,ATPC,182.3,중립,전고점돌파,-0.1,5.55,open,1.44,-1.06,09:00,중립
2026-05-28,2026-05-29,CGTL,181.8,강한매수,전고점돌파,-28.4,0.5003,open,-1.5,-4.0,05:30,정보부족
2026-05-28,2026-05-29,CGTL,181.8,강한매수,전고점돌파,-28.4,0.5084,open,-3.07,-5.57,06:00,중립
2026-05-28,2026-05-29,CGTL,181.8,강한매수,전고점돌파,-28.4,0.5043,open,-2.28,-4.78,06:30,중립
2026-05-28,2026-05-29,CGTL,181.8,강한매수,전고점돌파,-28.4,0.498,open,-1.04,-3.54,07:00,매도주의
2026-05-28,2026-05-29,CGTL,181.8,강한매수,전고점돌파,-28.4,0.4827,open,2.09,-0.41,07:30,매도주의
2026-05-28,2026-05-29,CGTL,181.8,강한매수,전고점돌파,-28.4,0.495,open,-0.44,-2.94,08:00,매수관심
2026-05-28,2026-05-29,CGTL,181.8,강한매수,전고점돌파,-28.4,0.4816,open,2.33,-0.17,08:30,매도주의
2026-05-28,2026-05-29,CGTL,181.8,강한매수,전고점돌파,-28.4,0.48,open,2.67,0.17,09:00,매도주의
2026-05-28,2026-05-29,NEXR,168.7,중립,잔구간,42.2,1.65,open,-4.24,-6.74,05:30,정보부족
2026-05-28,2026-05-29,NEXR,168.7,중립,잔구간,42.2,1.6892,open,-6.46,-8.96,06:00,중립
2026-05-28,2026-05-29,NEXR,168.7,중립,잔구간,42.2,1.64,open,-3.66,-6.16,06:30,중립
2026-05-28,2026-05-29,NEXR,168.7,중립,잔구간,42.2,1.7904,open,-11.75,-14.25,07:00,매수관심
2026-05-28,2026-05-29,NEXR,168.7,중립,잔구간,42.2,1.58,open,0.0,-2.5,07:30,매도주의
2026-05-28,2026-05-29,NEXR,168.7,중립,잔구간,42.2,1.61,open,-1.86,-4.36,08:00,중립
2026-05-28,2026-05-29,NEXR,168.7,중립,잔구간,42.2,1.5398,open,2.61,0.11,08:30,매도주의
2026-05-28,2026-05-29,NEXR,168.7,중립,잔구간,42.2,1.5687,open,0.72,-1.78,09:00,강한매수
2026-05-28,2026-05-29,DYAI,131.4,중립,수횡파,1.1,0.7177,open,1.71,-0.79,05:30,정보부족
2026-05-28,2026-05-29,DYAI,131.4,중립,수횡파,1.1,0.68,open,7.35,4.85,06:00,정보부족
2026-05-28,2026-05-29,DYAI,131.4,중립,수횡파,1.1,0.673,open,8.47,5.97,06:30,정보부족
2026-05-28,2026-05-29,DYAI,131.4,중립,수횡파,1.1,0.72,open,1.39,-1.11,07:00,강한매수
2026-05-28,2026-05-29,DYAI,131.4,중립,수횡파,1.1,0.69,open,5.8,3.3,07:30,강한매도
2026-05-28,2026-05-29,DYAI,131.4,중립,수횡파,1.1,0.6749,open,8.16,5.66,08:00,강한매도
2026-05-28,2026-05-29,DYAI,131.4,중립,수횡파,1.1,0.69,open,5.8,3.3,08:30,매수관심
2026-05-28,2026-05-29,DYAI,131.4,중립,수횡파,1.1,0.7025,open,3.91,1.41,09:00,강한매수
2026-05-29,2026-06-01,NEXR,896.9,매도주의,잔구간,1.5,1.38,open,-3.62,-6.12,05:30,정보부족
2026-05-29,2026-06-01,NEXR,896.9,매도주의,잔구간,1.5,1.3455,open,-1.15,-3.65,06:00,강한매수
2026-05-29,2026-06-01,NEXR,896.9,매도주의,잔구간,1.5,1.3,open,2.31,-0.19,06:30,중립
2026-05-29,2026-06-01,NEXR,896.9,매도주의,잔구간,1.5,1.33,open,0.0,-2.5,07:00,강한매수
2026-05-29,2026-06-01,NEXR,896.9,매도주의,잔구간,1.5,1.311,open,1.45,-1.05,07:30,매도주의
2026-05-29,2026-06-01,NEXR,896.9,매도주의,잔구간,1.5,1.3,open,2.31,-0.19,08:00,매도주의
2026-05-29,2026-06-01,NEXR,896.9,매도주의,잔구간,1.5,1.264,open,5.22,2.72,08:30,매도주의
2026-05-29,2026-06-01,NEXR,896.9,매도주의,잔구간,1.5,1.2884,open,3.23,0.73,09:00,매수관심
2026-05-29,2026-06-01,DEVS,559.9,매수관심,전고점돌파,-9.2,0.2723,open,22.33,19.83,05:30,정보부족
2026-05-29,2026-06-01,DEVS,559.9,매수관심,전고점돌파,-9.2,0.2576,open,29.31,26.81,06:00,중립
2026-05-29,2026-06-01,DEVS,559.9,매수관심,전고점돌파,-9.2,0.2613,open,27.48,24.98,06:30,매수관심
2026-05-29,2026-06-01,DEVS,559.9,매수관심,전고점돌파,-9.2,0.2637,open,26.32,23.82,07:00,매수관심
2026-05-29,2026-06-01,DEVS,559.9,매수관심,전고점돌파,-9.2,0.255,open,30.63,28.13,07:30,중립
2026-05-29,2026-06-01,DEVS,559.9,매수관심,전고점돌파,-9.2,0.28,open,18.96,16.46,08:00,강한매수
2026-05-29,2026-06-01,DEVS,559.9,매수관심,전고점돌파,-9.2,0.2763,open,20.56,18.06,08:30,중립
2026-05-29,2026-06-01,DEVS,559.9,매수관심,전고점돌파,-9.2,0.3085,open,7.97,5.47,09:00,강한매수
2026-05-29,2026-06-01,PRFX,499.1,중립,전고점돌파,-25.3,2.24,open,4.91,2.41,05:30,정보부족
2026-05-29,2026-06-01,PRFX,499.1,중립,전고점돌파,-25.3,2.26,open,3.98,1.48,06:00,중립
2026-05-29,2026-06-01,PRFX,499.1,중립,전고점돌파,-25.3,2.27,open,3.52,1.02,06:30,중립
2026-05-29,2026-06-01,PRFX,499.1,중립,전고점돌파,-25.3,2.25,open,4.44,1.94,07:00,중립
2026-05-29,2026-06-01,PRFX,499.1,중립,전고점돌파,-25.3,2.3099,open,1.74,-0.76,07:30,중립
2026-05-29,2026-06-01,PRFX,499.1,중립,전고점돌파,-25.3,2.2701,open,3.52,1.02,08:00,중립
2026-05-29,2026-06-01,PRFX,499.1,중립,전고점돌파,-25.3,2.219,open,5.9,3.4,08:30,중립
2026-05-29,2026-06-01,PRFX,499.1,중립,전고점돌파,-25.3,2.17,open,8.29,5.79,09:00,중립
2026-05-29,2026-06-01,HCWC,423.7,강한매수,전고점돌파,45.0,0.4827,open,-14.54,-17.04,05:30,정보부족
2026-05-29,2026-06-01,HCWC,423.7,강한매수,전고점돌파,45.0,0.4826,open,-14.53,-17.03,06:00,매도주의
2026-05-29,2026-06-01,HCWC,423.7,강한매수,전고점돌파,45.0,0.487,open,-15.3,-17.8,06:30,매수관심
2026-05-29,2026-06-01,HCWC,423.7,강한매수,전고점돌파,45.0,0.4677,open,-11.8,-14.3,07:00,중립
2026-05-29,2026-06-01,HCWC,423.7,강한매수,전고점돌파,45.0,0.4616,open,-10.64,-13.14,07:30,중립
2026-05-29,2026-06-01,HCWC,423.7,강한매수,전고점돌파,45.0,0.453,open,-8.94,-11.44,08:00,매도주의
2026-05-29,2026-06-01,HCWC,423.7,강한매수,전고점돌파,45.0,0.4236,open,-2.62,-5.12,08:30,매도주의
2026-05-29,2026-06-01,HCWC,423.7,강한매수,전고점돌파,45.0,0.4078,open,1.15,-1.35,09:00,강한매수
2026-05-29,2026-06-01,GMEX,336.1,강한매도,전저점이탈,-13.6,1.2703,open,2.34,-0.16,05:30,정보부족
2026-05-29,2026-06-01,GMEX,336.1,강한매도,전저점이탈,-13.6,1.3276,open,-2.08,-4.58,06:00,매수관심
2026-05-29,2026-06-01,GMEX,336.1,강한매도,전저점이탈,-13.6,1.2603,open,3.15,0.65,06:30,매도주의
2026-05-29,2026-06-01,GMEX,336.1,강한매도,전저점이탈,-13.6,1.29,open,0.78,-1.72,07:00,매수관심
2026-05-29,2026-06-01,GMEX,336.1,강한매도,전저점이탈,-13.6,1.3,open,0.0,-2.5,07:30,강한매수
2026-05-29,2026-06-01,GMEX,336.1,강한매도,전저점이탈,-13.6,1.26,open,3.17,0.67,08:00,매도주의
2026-05-29,2026-06-01,GMEX,336.1,강한매도,전저점이탈,-13.6,1.2697,open,2.39,-0.11,08:30,매수관심
2026-05-29,2026-06-01,GMEX,336.1,강한매도,전저점이탈,-13.6,1.25,open,4.0,1.5,09:00,매도주의
2026-05-29,2026-06-01,CMND,245.4,중립,전고점돌파,-25.1,2.68,open,7.46,4.96,05:30,정보부족
2026-05-29,2026-06-01,CMND,245.4,중립,전고점돌파,-25.1,2.66,open,8.27,5.77,06:00,중립
2026-05-29,2026-06-01,CMND,245.4,중립,전고점돌파,-25.1,2.58,open,11.63,9.13,06:30,강한매도
2026-05-29,2026-06-01,CMND,245.4,중립,전고점돌파,-25.1,2.59,open,11.2,8.7,07:00,중립
2026-05-29,2026-06-01,CMND,245.4,중립,전고점돌파,-25.1,2.6,open,10.77,8.27,07:30,중립
2026-05-29,2026-06-01,CMND,245.4,중립,전고점돌파,-25.1,2.76,open,4.35,1.85,08:00,매수관심
2026-05-29,2026-06-01,CMND,245.4,중립,전고점돌파,-25.1,2.87,open,0.35,-2.15,08:30,강한매수
2026-05-29,2026-06-01,CMND,245.4,중립,전고점돌파,-25.1,2.83,open,1.77,-0.73,09:00,강한매수
2026-06-01,2026-06-02,HKIT,1624.4,강한매수,전고점돌파,-23.9,5.01,open,-66.67,-69.17,05:30,정보부족
2026-06-01,2026-06-02,HKIT,1624.4,강한매수,전고점돌파,-23.9,5.1,open,-67.25,-69.75,06:00,중립
2026-06-01,2026-06-02,HKIT,1624.4,강한매수,전고점돌파,-23.9,5.01,open,-66.67,-69.17,06:30,중립
2026-06-01,2026-06-02,HKIT,1624.4,강한매수,전고점돌파,-23.9,5.025,open,-66.77,-69.27,07:00,매도주의
2026-06-01,2026-06-02,HKIT,1624.4,강한매수,전고점돌파,-23.9,5.24,open,-68.13,-70.63,07:30,중립
2026-06-01,2026-06-02,HKIT,1624.4,강한매수,전고점돌파,-23.9,5.1996,open,-67.88,-70.38,08:00,중립
2026-06-01,2026-06-02,HKIT,1624.4,강한매수,전고점돌파,-23.9,4.9014,open,-65.93,-68.43,08:30,강한매도
2026-06-01,2026-06-02,HKIT,1624.4,강한매수,전고점돌파,-23.9,5.04,open,-66.87,-69.37,09:00,강한매수
2026-06-01,2026-06-02,GNTA,1053.6,중립,전고점돌파,0.0,1.65,open,-3.64,-6.14,05:30,정보부족
2026-06-01,2026-06-02,GNTA,1053.6,중립,전고점돌파,0.0,1.59,open,0.0,-2.5,06:00,매도주의
2026-06-01,2026-06-02,GNTA,1053.6,중립,전고점돌파,0.0,1.64,open,-3.05,-5.55,06:30,중립
2026-06-01,2026-06-02,GNTA,1053.6,중립,전고점돌파,0.0,1.65,open,-3.64,-6.14,07:00,매수관심
2026-06-01,2026-06-02,GNTA,1053.6,중립,전고점돌파,0.0,1.585,open,0.32,-2.18,07:30,매도주의
2026-06-01,2026-06-02,GNTA,1053.6,중립,전고점돌파,0.0,1.54,open,3.25,0.75,08:00,강한매도
2026-06-01,2026-06-02,GNTA,1053.6,중립,전고점돌파,0.0,1.5,open,6.0,3.5,08:30,강한매수
2026-06-01,2026-06-02,GNTA,1053.6,중립,전고점돌파,0.0,1.51,open,5.3,2.8,09:00,중립
2026-06-01,2026-06-02,ANY,969.9,강한매수,전고점돌파,6.2,4.27,open,-2.46,-4.96,05:30,정보부족
2026-06-01,2026-06-02,ANY,969.9,강한매수,전고점돌파,6.2,4.26,open,-2.23,-4.73,06:00,중립
2026-06-01,2026-06-02,ANY,969.9,강한매수,전고점돌파,6.2,4.34,open,-4.03,-6.53,06:30,중립
2026-06-01,2026-06-02,ANY,969.9,강한매수,전고점돌파,6.2,5.055,open,-17.61,-20.11,07:00,매수관심
2026-06-01,2026-06-02,ANY,969.9,강한매수,전고점돌파,6.2,4.6361,open,-10.16,-12.66,07:30,중립
2026-06-01,2026-06-02,ANY,969.9,강한매수,전고점돌파,6.2,4.54,open,-8.26,-10.76,08:00,중립
2026-06-01,2026-06-02,ANY,969.9,강한매수,전고점돌파,6.2,4.12,open,1.09,-1.41,08:30,매도주의
2026-06-01,2026-06-02,ANY,969.9,강한매수,전고점돌파,6.2,4.24,open,-1.77,-4.27,09:00,중립
2026-06-01,2026-06-02,HCWC,313.1,중립,전고점돌파,-12.9,0.32,open,-4.69,-7.19,05:30,정보부족
2026-06-01,2026-06-02,HCWC,313.1,중립,전고점돌파,-12.9,0.3102,open,-1.68,-4.18,06:00,매도주의
2026-06-01,2026-06-02,HCWC,313.1,중립,전고점돌파,-12.9,0.3006,open,1.46,-1.04,06:30,매도주의
2026-06-01,2026-06-02,HCWC,313.1,중립,전고점돌파,-12.9,0.3097,open,-1.52,-4.02,07:00,매수관심
2026-06-01,2026-06-02,HCWC,313.1,중립,전고점돌파,-12.9,0.3131,open,-2.59,-5.09,07:30,강한매수
2026-06-01,2026-06-02,HCWC,313.1,중립,전고점돌파,-12.9,0.31,open,-1.61,-4.11,08:00,중립
2026-06-01,2026-06-02,HCWC,313.1,중립,전고점돌파,-12.9,0.3051,open,-0.03,-2.53,08:30,중립
2026-06-01,2026-06-02,HCWC,313.1,중립,전고점돌파,-12.9,0.3077,open,-0.88,-3.38,09:00,중립
2026-06-01,2026-06-02,MASK,190.5,중립,잔구간,-3.7,5.25,open,-5.9,-8.4,05:30,정보부족
2026-06-01,2026-06-02,MASK,190.5,중립,잔구간,-3.7,5.23,open,-5.54,-8.04,06:00,중립
2026-06-01,2026-06-02,MASK,190.5,중립,잔구간,-3.7,5.01,open,-1.4,-3.9,06:30,매도주의
2026-06-01,2026-06-02,MASK,190.5,중립,잔구간,-3.7,4.99,open,-1.0,-3.5,07:00,매도주의
2026-06-01,2026-06-02,MASK,190.5,중립,잔구간,-3.7,5.12,open,-3.52,-6.02,07:30,중립
2026-06-01,2026-06-02,MASK,190.5,중립,잔구간,-3.7,5.15,open,-4.08,-6.58,08:00,중립
2026-06-01,2026-06-02,MASK,190.5,중립,잔구간,-3.7,4.975,open,-0.7,-3.2,08:30,중립
2026-06-01,2026-06-02,MASK,190.5,중립,잔구간,-3.7,4.92,open,0.41,-2.09,09:00,강한매도
2026-06-01,2026-06-02,MTEK,101.1,매도주의,전저점이탈,3.4,1.21,open,-9.09,-11.59,05:30,정보부족
2026-06-01,2026-06-02,MTEK,101.1,매도주의,전저점이탈,3.4,1.15,open,-4.35,-6.85,06:00,매도주의
2026-06-01,2026-06-02,MTEK,101.1,매도주의,전저점이탈,3.4,1.17,open,-5.98,-8.48,06:30,매수관심
2026-06-01,2026-06-02,MTEK,101.1,매도주의,전저점이탈,3.4,1.21,open,-9.09,-11.59,07:00,강한매수
2026-06-01,2026-06-02,MTEK,101.1,매도주의,전저점이탈,3.4,1.1709,open,-6.06,-8.56,07:30,매도주의
2026-06-01,2026-06-02,MTEK,101.1,매도주의,전저점이탈,3.4,1.14,open,-3.51,-6.01,08:00,중립
2026-06-01,2026-06-02,MTEK,101.1,매도주의,전저점이탈,3.4,1.15,open,-4.35,-6.85,08:30,매수관심
2026-06-01,2026-06-02,MTEK,101.1,매도주의,전저점이탈,3.4,1.12,open,-1.79,-4.29,09:00,강한매도
2026-06-02,2026-06-03,BJDX,679.7,중립,전고점돌파,-9.9,3.91,open,-1.41,-3.91,05:30,정보부족
2026-06-02,2026-06-03,BJDX,679.7,중립,전고점돌파,-9.9,3.91,open,-1.41,-3.91,06:00,매도주의
2026-06-02,2026-06-03,BJDX,679.7,중립,전고점돌파,-9.9,3.86,open,-0.13,-2.63,06:30,매도주의
2026-06-02,2026-06-03,BJDX,679.7,중립,전고점돌파,-9.9,3.865,open,-0.26,-2.76,07:00,중립
2026-06-02,2026-06-03,BJDX,679.7,중립,전고점돌파,-9.9,3.8208,open,0.9,-1.6,07:30,중립
2026-06-02,2026-06-03,BJDX,679.7,중립,전고점돌파,-9.9,3.79,open,1.72,-0.78,08:00,중립
2026-06-02,2026-06-03,BJDX,679.7,중립,전고점돌파,-9.9,3.79,open,1.72,-0.78,08:30,중립
2026-06-02,2026-06-03,BJDX,679.7,중립,전고점돌파,-9.9,3.75,open,2.8,0.3,09:00,강한매도
2026-06-02,2026-06-03,GXAI,538.7,매도주의,전고점돌파,-3.7,1.31,open,8.4,5.9,05:30,정보부족
2026-06-02,2026-06-03,GXAI,538.7,매도주의,전고점돌파,-3.7,1.28,open,10.94,8.44,06:00,중립
2026-06-02,2026-06-03,GXAI,538.7,매도주의,전고점돌파,-3.7,1.33,open,6.77,4.27,06:30,중립
2026-06-02,2026-06-03,GXAI,538.7,매도주의,전고점돌파,-3.7,1.3301,open,6.76,4.26,07:00,매수관심
2026-06-02,2026-06-03,GXAI,538.7,매도주의,전고점돌파,-3.7,1.31,open,8.4,5.9,07:30,중립
2026-06-02,2026-06-03,GXAI,538.7,매도주의,전고점돌파,-3.7,1.325,open,7.17,4.67,08:00,중립
2026-06-02,2026-06-03,GXAI,538.7,매도주의,전고점돌파,-3.7,1.349,open,5.26,2.76,08:30,중립
2026-06-02,2026-06-03,GXAI,538.7,매도주의,전고점돌파,-3.7,1.37,open,3.65,1.15,09:00,매수관심
2026-06-02,2026-06-03,LASE,361.8,강한매수,전고점돌파,26.9,3.07,open,14.5,12.0,05:30,정보부족
2026-06-02,2026-06-03,LASE,361.8,강한매수,전고점돌파,26.9,2.9505,open,19.13,16.63,06:00,매도주의
2026-06-02,2026-06-03,LASE,361.8,강한매수,전고점돌파,26.9,3.04,open,15.63,13.13,06:30,강한매수
2026-06-02,2026-06-03,LASE,361.8,강한매수,전고점돌파,26.9,3.12,open,12.66,10.16,07:00,중립
2026-06-02,2026-06-03,LASE,361.8,강한매수,전고점돌파,26.9,3.12,open,12.66,10.16,07:30,중립
2026-06-02,2026-06-03,LASE,361.8,강한매수,전고점돌파,26.9,3.66,open,-3.96,-6.46,08:00,강한매수
2026-06-02,2026-06-03,LASE,361.8,강한매수,전고점돌파,26.9,3.419,open,2.81,0.31,08:30,매도주의
2026-06-02,2026-06-03,LASE,361.8,강한매수,전고점돌파,26.9,3.135,open,12.12,9.62,09:00,중립
2026-06-02,2026-06-03,XOS,346.1,매도주의,잔구간,260.1,8.03,open,-19.3,-21.8,05:30,정보부족
2026-06-02,2026-06-03,XOS,346.1,매도주의,잔구간,260.1,7.5843,open,-14.56,-17.06,06:00,중립
2026-06-02,2026-06-03,XOS,346.1,매도주의,잔구간,260.1,7.48,open,-13.37,-15.87,06:30,중립
2026-06-02,2026-06-03,XOS,346.1,매도주의,잔구간,260.1,8.25,open,-21.45,-23.95,07:00,매수관심
2026-06-02,2026-06-03,XOS,346.1,매도주의,잔구간,260.1,7.55,open,-14.17,-16.67,07:30,매도주의
2026-06-02,2026-06-03,XOS,346.1,매도주의,잔구간,260.1,7.51,open,-13.72,-16.22,08:00,중립
2026-06-02,2026-06-03,XOS,346.1,매도주의,잔구간,260.1,7.1,open,-8.73,-11.23,08:30,중립
2026-06-02,2026-06-03,XOS,346.1,매도주의,잔구간,260.1,6.68,open,-2.99,-5.49,09:00,매도주의
2026-06-02,2026-06-03,LOBO,297.2,중립,전고점돌파,-7.3,0.8166,open,5.31,2.81,05:30,정보부족
2026-06-02,2026-06-03,LOBO,297.2,중립,전고점돌파,-7.3,0.801,open,7.37,4.87,06:00,중립
2026-06-02,2026-06-03,LOBO,297.2,중립,전고점돌파,-7.3,0.815,open,5.52,3.02,06:30,강한매수
2026-06-02,2026-06-03,LOBO,297.2,중립,전고점돌파,-7.3,0.8102,open,6.15,3.65,07:00,매수관심
2026-06-02,2026-06-03,LOBO,297.2,중립,전고점돌파,-7.3,0.8,open,7.5,5.0,07:30,중립
2026-06-02,2026-06-03,LOBO,297.2,중립,전고점돌파,-7.3,0.8279,open,3.88,1.38,08:00,매수관심
2026-06-02,2026-06-03,LOBO,297.2,중립,전고점돌파,-7.3,0.8421,open,2.13,-0.37,08:30,중립
2026-06-02,2026-06-03,LOBO,297.2,중립,전고점돌파,-7.3,0.8434,open,1.97,-0.53,09:00,중립
2026-06-02,2026-06-03,HKIT,237.0,강한매도,전저점이탈,-8.1,0.57,open,-12.11,-14.61,05:30,정보부족
2026-06-02,2026-06-03,HKIT,237.0,강한매도,전저점이탈,-8.1,0.49,open,2.24,-0.26,06:00,강한매도
2026-06-02,2026-06-03,HKIT,237.0,강한매도,전저점이탈,-8.1,0.486,open,3.09,0.59,06:30,중립
2026-06-02,2026-06-03,HKIT,237.0,강한매도,전저점이탈,-8.1,0.4871,open,2.85,0.35,07:00,중립
2026-06-02,2026-06-03,HKIT,237.0,강한매도,전저점이탈,-8.1,0.4888,open,2.5,-0.0,07:30,중립
2026-06-02,2026-06-03,HKIT,237.0,강한매도,전저점이탈,-8.1,0.4851,open,3.28,0.78,08:00,매수관심
2026-06-02,2026-06-03,HKIT,237.0,강한매도,전저점이탈,-8.1,0.5003,open,0.14,-2.36,08:30,중립
2026-06-02,2026-06-03,HKIT,237.0,강한매도,전저점이탈,-8.1,0.5336,open,-6.11,-8.61,09:00,강한매수
2026-06-03,2026-06-04,SELX,2037.5,매수관심,전고점돌파,-12.1,0.4001,open,9.97,7.47,05:30,정보부족
2026-06-03,2026-06-04,SELX,2037.5,매수관심,전고점돌파,-12.1,0.401,open,9.73,7.23,06:00,매도주의
2026-06-03,2026-06-04,SELX,2037.5,매수관심,전고점돌파,-12.1,0.4,open,10.0,7.5,06:30,매수관심
2026-06-03,2026-06-04,SELX,2037.5,매수관심,전고점돌파,-12.1,0.4387,open,0.3,-2.2,07:00,매수관심
2026-06-03,2026-06-04,SELX,2037.5,매수관심,전고점돌파,-12.1,0.4236,open,3.87,1.37,07:30,강한매수
2026-06-03,2026-06-04,SELX,2037.5,매수관심,전고점돌파,-12.1,0.4036,open,9.02,6.52,08:00,매도주의
2026-06-03,2026-06-04,SELX,2037.5,매수관심,전고점돌파,-12.1,0.4011,open,9.7,7.2,08:30,매도주의
2026-06-03,2026-06-04,SELX,2037.5,매수관심,전고점돌파,-12.1,0.4274,open,2.95,0.45,09:00,강한매수
2026-06-03,2026-06-04,XOS,1881.6,강한매수,전고점돌파,-13.1,6.48,open,-13.43,-15.93,05:30,정보부족
2026-06-03,2026-06-04,XOS,1881.6,강한매수,전고점돌파,-13.1,6.6,open,-15.0,-17.5,06:00,중립
2026-06-03,2026-06-04,XOS,1881.6,강한매수,전고점돌파,-13.1,6.1595,open,-8.92,-11.42,06:30,강한매도
2026-06-03,2026-06-04,XOS,1881.6,강한매수,전고점돌파,-13.1,6.25,open,-10.24,-12.74,07:00,중립
2026-06-03,2026-06-04,XOS,1881.6,강한매수,전고점돌파,-13.1,6.22,open,-9.81,-12.31,07:30,중립
2026-06-03,2026-06-04,XOS,1881.6,강한매수,전고점돌파,-13.1,6.2,open,-9.52,-12.02,08:00,중립
2026-06-03,2026-06-04,XOS,1881.6,강한매수,전고점돌파,-13.1,5.9644,open,-5.94,-8.44,08:30,중립
2026-06-03,2026-06-04,XOS,1881.6,강한매수,전고점돌파,-13.1,5.7192,open,-1.91,-4.41,09:00,매도주의
2026-06-03,2026-06-04,WCT,606.5,강한매수,전고점돌파,-20.2,2.05,open,-2.44,-4.94,05:30,정보부족
2026-06-03,2026-06-04,WCT,606.5,강한매수,전고점돌파,-20.2,2.03,open,-1.48,-3.98,06:00,중립
2026-06-03,2026-06-04,WCT,606.5,강한매수,전고점돌파,-20.2,1.97,open,1.52,-0.98,06:30,중립
2026-06-03,2026-06-04,WCT,606.5,강한매수,전고점돌파,-20.2,2.12,open,-5.66,-8.16,07:00,중립
2026-06-03,2026-06-04,WCT,606.5,강한매수,전고점돌파,-20.2,2.05,open,-2.44,-4.94,07:30,중립
2026-06-03,2026-06-04,WCT,606.5,강한매수,전고점돌파,-20.2,2.05,open,-2.44,-4.94,08:00,중립
2026-06-03,2026-06-04,WCT,606.5,강한매수,전고점돌파,-20.2,2.06,open,-2.91,-5.41,08:30,중립
2026-06-03,2026-06-04,WCT,606.5,강한매수,전고점돌파,-20.2,2.05,open,-2.44,-4.94,09:00,매도주의
2026-06-03,2026-06-04,SDOT,259.6,중립,전고점돌파,-7.4,6.2512,open,0.78,-1.72,05:30,정보부족
2026-06-03,2026-06-04,SDOT,259.6,중립,전고점돌파,-7.4,6.27,open,0.48,-2.02,06:00,중립
2026-06-03,2026-06-04,SDOT,259.6,중립,전고점돌파,-7.4,6.02,open,4.65,2.15,06:30,강한매도
2026-06-03,2026-06-04,SDOT,259.6,중립,전고점돌파,-7.4,5.75,open,9.57,7.07,07:00,강한매도
2026-06-03,2026-06-04,SDOT,259.6,중립,전고점돌파,-7.4,5.85,open,7.69,5.19,07:30,중립
2026-06-03,2026-06-04,SDOT,259.6,중립,전고점돌파,-7.4,5.79,open,8.81,6.31,08:00,중립
2026-06-03,2026-06-04,SDOT,259.6,중립,전고점돌파,-7.4,6.08,open,3.62,1.12,08:30,매수관심
2026-06-03,2026-06-04,SDOT,259.6,중립,전고점돌파,-7.4,6.19,open,1.78,-0.72,09:00,매도주의
2026-06-03,2026-06-04,LASE,259.4,중립,전고점돌파,-9.9,2.8206,open,-1.26,-3.76,05:30,정보부족
2026-06-03,2026-06-04,LASE,259.4,중립,전고점돌파,-9.9,2.91,open,-4.3,-6.8,06:00,중립
2026-06-03,2026-06-04,LASE,259.4,중립,전고점돌파,-9.9,2.75,open,1.27,-1.23,06:30,매도주의
2026-06-03,2026-06-04,LASE,259.4,중립,전고점돌파,-9.9,2.605,open,6.91,4.41,07:00,매도주의
2026-06-03,2026-06-04,LASE,259.4,중립,전고점돌파,-9.9,2.93,open,-4.95,-7.45,07:30,매수관심
2026-06-03,2026-06-04,LASE,259.4,중립,전고점돌파,-9.9,2.8197,open,-1.23,-3.73,08:00,중립
2026-06-03,2026-06-04,LASE,259.4,중립,전고점돌파,-9.9,2.8,open,-0.54,-3.04,08:30,매도주의
2026-06-03,2026-06-04,LASE,259.4,중립,전고점돌파,-9.9,2.8095,open,-0.87,-3.37,09:00,중립
2026-06-03,2026-06-04,ANY,195.7,강한매수,전고점돌파,-15.8,4.76,open,0.0,-2.5,05:30,정보부족
2026-06-03,2026-06-04,ANY,195.7,강한매수,전고점돌파,-15.8,4.76,open,0.0,-2.5,06:00,중립
2026-06-03,2026-06-04,ANY,195.7,강한매수,전고점돌파,-15.8,4.75,open,0.21,-2.29,06:30,매도주의
2026-06-03,2026-06-04,ANY,195.7,강한매수,전고점돌파,-15.8,4.7,open,1.28,-1.22,07:00,강한매도
2026-06-03,2026-06-04,ANY,195.7,강한매수,전고점돌파,-15.8,4.99,open,-4.61,-7.11,07:30,매수관심
2026-06-03,2026-06-04,ANY,195.7,강한매수,전고점돌파,-15.8,4.9338,open,-3.52,-6.02,08:00,중립
2026-06-03,2026-06-04,ANY,195.7,강한매수,전고점돌파,-15.8,4.895,open,-2.76,-5.26,08:30,중립
2026-06-03,2026-06-04,ANY,195.7,강한매수,전고점돌파,-15.8,4.751,open,0.19,-2.31,09:00,매도주의
2026-06-04,2026-06-05,VERU,1324.6,강한매수,전고점돌파,-10.6,3.78,open,11.64,9.14,05:30,정보부족
2026-06-04,2026-06-05,VERU,1324.6,강한매수,전고점돌파,-10.6,3.84,open,9.9,7.4,06:00,중립
2026-06-04,2026-06-05,VERU,1324.6,강한매수,전고점돌파,-10.6,3.56,open,18.54,16.04,06:30,강한매도
2026-06-04,2026-06-05,VERU,1324.6,강한매수,전고점돌파,-10.6,3.68,open,14.67,12.17,07:00,강한매수
2026-06-04,2026-06-05,VERU,1324.6,강한매수,전고점돌파,-10.6,3.8693,open,9.06,6.56,07:30,강한매수
2026-06-04,2026-06-05,VERU,1324.6,강한매수,전고점돌파,-10.6,3.81,open,10.76,8.26,08:00,중립
2026-06-04,2026-06-05,VERU,1324.6,강한매수,전고점돌파,-10.6,3.86,open,9.33,6.83,08:30,매수관심
2026-06-04,2026-06-05,VERU,1324.6,강한매수,전고점돌파,-10.6,4.32,open,-2.31,-4.81,09:00,강한매수
2026-06-04,2026-06-05,TWAV,528.6,매도주의,전고점돌파,0.0,1.6103,open,9.92,7.42,05:30,정보부족
2026-06-04,2026-06-05,TWAV,528.6,매도주의,전고점돌파,0.0,1.68,open,5.36,2.86,06:00,중립
2026-06-04,2026-06-05,TWAV,528.6,매도주의,전고점돌파,0.0,1.64,open,7.93,5.43,06:30,중립
2026-06-04,2026-06-05,TWAV,528.6,매도주의,전고점돌파,0.0,1.75,open,1.14,-1.36,07:00,강한매수
2026-06-04,2026-06-05,TWAV,528.6,매도주의,전고점돌파,0.0,1.64,open,7.93,5.43,07:30,매도주의
2026-06-04,2026-06-05,TWAV,528.6,매도주의,전고점돌파,0.0,1.625,open,8.92,6.42,08:00,중립
2026-06-04,2026-06-05,TWAV,528.6,매도주의,전고점돌파,0.0,1.66,open,6.63,4.13,08:30,매수관심
2026-06-04,2026-06-05,TWAV,528.6,매도주의,전고점돌파,0.0,1.6595,open,6.66,4.16,09:00,매수관심
2026-06-04,2026-06-05,INDP,452.1,강한매수,전고점돌파,-36.0,3.04,open,5.92,3.42,05:30,정보부족
2026-06-04,2026-06-05,INDP,452.1,강한매수,전고점돌파,-36.0,3.06,open,5.23,2.73,06:00,중립
2026-06-04,2026-06-05,INDP,452.1,강한매수,전고점돌파,-36.0,3.06,open,5.23,2.73,06:30,매도주의
2026-06-04,2026-06-05,INDP,452.1,강한매수,전고점돌파,-36.0,3.13,open,2.88,0.38,07:00,강한매수
2026-06-04,2026-06-05,INDP,452.1,강한매수,전고점돌파,-36.0,3.09,open,4.21,1.71,07:30,중립
2026-06-04,2026-06-05,INDP,452.1,강한매수,전고점돌파,-36.0,3.08,open,4.55,2.05,08:00,중립
2026-06-04,2026-06-05,INDP,452.1,강한매수,전고점돌파,-36.0,3.05,open,5.57,3.07,08:30,강한매수
2026-06-04,2026-06-05,INDP,452.1,강한매수,전고점돌파,-36.0,2.92,open,10.27,7.77,09:00,매도주의
2026-06-04,2026-06-05,RMSG,224.9,강한매수,완만한상승,35.5,1.49,open,119.13,116.63,05:30,정보부족
2026-06-04,2026-06-05,RMSG,224.9,강한매수,완만한상승,35.5,1.65,open,97.88,95.38,06:00,강한매수
2026-06-04,2026-06-05,RMSG,224.9,강한매수,완만한상승,35.5,1.54,open,112.01,109.51,06:30,중립
2026-06-04,2026-06-05,RMSG,224.9,강한매수,완만한상승,35.5,1.56,open,109.29,106.79,07:00,매수관심
2026-06-04,2026-06-05,RMSG,224.9,강한매수,완만한상승,35.5,1.82,open,79.4,76.9,07:30,매수관심
2026-06-04,2026-06-05,RMSG,224.9,강한매수,완만한상승,35.5,1.82,open,79.4,76.9,08:00,중립
2026-06-04,2026-06-05,RMSG,224.9,강한매수,완만한상승,35.5,2.09,open,56.22,53.72,08:30,매수관심
2026-06-04,2026-06-05,RMSG,224.9,강한매수,완만한상승,35.5,3.12,open,4.65,2.15,09:00,강한매수
2026-06-04,2026-06-05,XOS,154.4,중립,잔구간,-8.7,4.82,open,4.56,2.06,05:30,정보부족
2026-06-04,2026-06-05,XOS,154.4,중립,잔구간,-8.7,4.8,open,5.0,2.5,06:00,강한매수
2026-06-04,2026-06-05,XOS,154.4,중립,잔구간,-8.7,4.67,open,7.92,5.42,06:30,강한매도
2026-06-04,2026-06-05,XOS,154.4,중립,잔구간,-8.7,4.63,open,8.86,6.36,07:00,매도주의
2026-06-04,2026-06-05,XOS,154.4,중립,잔구간,-8.7,4.84,open,4.13,1.63,07:30,중립
2026-06-04,2026-06-05,XOS,154.4,중립,잔구간,-8.7,4.7055,open,7.11,4.61,08:00,중립
2026-06-04,2026-06-05,XOS,154.4,중립,잔구간,-8.7,4.74,open,6.33,3.83,08:30,중립
2026-06-04,2026-06-05,XOS,154.4,중립,잔구간,-8.7,5.0511,open,-0.22,-2.72,09:00,매수관심
2026-06-04,2026-06-05,SBEV,122.3,중립,잔구간,-29.4,0.2361,open,12.24,9.74,05:30,정보부족
2026-06-04,2026-06-05,SBEV,122.3,중립,잔구간,-29.4,0.2469,open,7.33,4.83,06:00,매수관심
2026-06-04,2026-06-05,SBEV,122.3,중립,잔구간,-29.4,0.2374,open,11.63,9.13,06:30,중립
2026-06-04,2026-06-05,SBEV,122.3,중립,잔구간,-29.4,0.2492,open,6.34,3.84,07:00,중립
2026-06-04,2026-06-05,SBEV,122.3,중립,잔구간,-29.4,0.2411,open,9.91,7.41,07:30,중립
2026-06-04,2026-06-05,SBEV,122.3,중립,잔구간,-29.4,0.2498,open,6.08,3.58,08:00,중립
2026-06-04,2026-06-05,SBEV,122.3,중립,잔구간,-29.4,0.2447,open,8.3,5.8,08:30,중립
2026-06-04,2026-06-05,SBEV,122.3,중립,잔구간,-29.4,0.253,open,4.74,2.24,09:00,강한매수
2026-06-05,2026-06-08,BCDA,1859.2,중립,전고점돌파,-13.9,0.887,open,16.12,13.62,05:30,정보부족
2026-06-05,2026-06-08,BCDA,1859.2,중립,전고점돌파,-13.9,0.8654,open,19.02,16.52,06:00,중립
2026-06-05,2026-06-08,BCDA,1859.2,중립,전고점돌파,-13.9,0.877,open,17.45,14.95,06:30,중립
2026-06-05,2026-06-08,BCDA,1859.2,중립,전고점돌파,-13.9,0.909,open,13.31,10.81,07:00,중립
2026-06-05,2026-06-08,BCDA,1859.2,중립,전고점돌파,-13.9,0.8906,open,15.65,13.15,07:30,매수관심
2026-06-05,2026-06-08,BCDA,1859.2,중립,전고점돌파,-13.9,0.8989,open,14.58,12.08,08:00,매도주의
2026-06-05,2026-06-08,BCDA,1859.2,중립,전고점돌파,-13.9,0.958,open,7.52,5.02,08:30,강한매수
2026-06-05,2026-06-08,BCDA,1859.2,중립,전고점돌파,-13.9,0.9783,open,5.28,2.78,09:00,중립
2026-06-05,2026-06-08,RMSG,1366.3,매도주의,전고점돌파,-46.3,0.982,open,41.55,39.05,05:30,정보부족
2026-06-05,2026-06-08,RMSG,1366.3,매도주의,전고점돌파,-46.3,1.0,open,39.0,36.5,06:00,중립
2026-06-05,2026-06-08,RMSG,1366.3,매도주의,전고점돌파,-46.3,1.05,open,32.38,29.88,06:30,매수관심
2026-06-05,2026-06-08,RMSG,1366.3,매도주의,전고점돌파,-46.3,1.2,open,15.83,13.33,07:00,매수관심
2026-06-05,2026-06-08,RMSG,1366.3,매도주의,전고점돌파,-46.3,1.27,open,9.45,6.95,07:30,매수관심
2026-06-05,2026-06-08,RMSG,1366.3,매도주의,전고점돌파,-46.3,1.32,open,5.3,2.8,08:00,매수관심
2026-06-05,2026-06-08,RMSG,1366.3,매도주의,전고점돌파,-46.3,1.3,open,6.92,4.42,08:30,중립
2026-06-05,2026-06-08,RMSG,1366.3,매도주의,전고점돌파,-46.3,1.25,open,11.2,8.7,09:00,매도주의
2026-06-05,2026-06-08,SCAG,807.5,강한매수,전고점돌파,-37.2,0.5292,open,-5.93,-8.43,05:30,정보부족
2026-06-05,2026-06-08,SCAG,807.5,강한매수,전고점돌파,-37.2,0.5291,open,-5.92,-8.42,06:00,매도주의
2026-06-05,2026-06-08,SCAG,807.5,강한매수,전고점돌파,-37.2,0.5036,open,-1.15,-3.65,06:30,강한매도
2026-06-05,2026-06-08,SCAG,807.5,강한매수,전고점돌파,-37.2,0.5235,open,-4.91,-7.41,07:00,매수관심
2026-06-05,2026-06-08,SCAG,807.5,강한매수,전고점돌파,-37.2,0.5035,open,-1.13,-3.63,07:30,매도주의
2026-06-05,2026-06-08,SCAG,807.5,강한매수,전고점돌파,-37.2,0.5094,open,-2.28,-4.78,08:00,중립
2026-06-05,2026-06-08,SCAG,807.5,강한매수,전고점돌파,-37.2,0.4913,open,1.32,-1.18,08:30,매도주의
2026-06-05,2026-06-08,SCAG,807.5,강한매수,전고점돌파,-37.2,0.47,open,5.91,3.41,09:00,중립
2026-06-05,2026-06-08,VVOS,690.6,중립,전고점돌파,-12.0,0.761,open,7.75,5.25,05:30,정보부족
2026-06-05,2026-06-08,VVOS,690.6,중립,전고점돌파,-12.0,0.774,open,5.94,3.44,06:00,중립
2026-06-05,2026-06-08,VVOS,690.6,중립,전고점돌파,-12.0,0.762,open,7.61,5.11,06:30,중립
2026-06-05,2026-06-08,VVOS,690.6,중립,전고점돌파,-12.0,0.7945,open,3.21,0.71,07:00,중립
2026-06-05,2026-06-08,VVOS,690.6,중립,전고점돌파,-12.0,0.8048,open,1.89,-0.61,07:30,강한매수
2026-06-05,2026-06-08,VVOS,690.6,중립,전고점돌파,-12.0,0.82,open,0.0,-2.5,08:00,강한매수
2026-06-05,2026-06-08,VVOS,690.6,중립,전고점돌파,-12.0,0.7999,open,2.51,0.01,08:30,중립
2026-06-05,2026-06-08,VVOS,690.6,중립,전고점돌파,-12.0,0.7982,open,2.73,0.23,09:00,중립
2026-06-05,2026-06-08,SMTK,381.7,매도주의,전고점돌파,42.1,0.5808,open,6.63,4.13,05:30,정보부족
2026-06-05,2026-06-08,SMTK,381.7,매도주의,전고점돌파,42.1,0.5816,open,6.48,3.98,06:00,매도주의
2026-06-05,2026-06-08,SMTK,381.7,매도주의,전고점돌파,42.1,0.6272,open,-1.26,-3.76,06:30,중립
2026-06-05,2026-06-08,SMTK,381.7,매도주의,전고점돌파,42.1,0.6728,open,-7.95,-10.45,07:00,강한매도
2026-06-05,2026-06-08,SMTK,381.7,매도주의,전고점돌파,42.1,0.6879,open,-9.97,-12.47,07:30,중립
2026-06-05,2026-06-08,SMTK,381.7,매도주의,전고점돌파,42.1,0.622,open,-0.43,-2.93,08:00,매도주의
2026-06-05,2026-06-08,SMTK,381.7,매도주의,전고점돌파,42.1,0.5849,open,5.88,3.38,08:30,중립
2026-06-05,2026-06-08,SMTK,381.7,매도주의,전고점돌파,42.1,0.5874,open,5.43,2.93,09:00,매수관심
2026-06-05,2026-06-08,CMND,240.7,중립,잔구간,-21.1,3.14,open,2.87,0.37,05:30,정보부족
2026-06-05,2026-06-08,CMND,240.7,중립,잔구간,-21.1,3.17,open,1.89,-0.61,06:00,중립
2026-06-05,2026-06-08,CMND,240.7,중립,잔구간,-21.1,3.16,open,2.22,-0.28,06:30,매수관심
2026-06-05,2026-06-08,CMND,240.7,중립,잔구간,-21.1,3.245,open,-0.46,-2.96,07:00,강한매수
2026-06-05,2026-06-08,CMND,240.7,중립,잔구간,-21.1,3.22,open,0.31,-2.19,07:30,중립
2026-06-05,2026-06-08,CMND,240.7,중립,잔구간,-21.1,3.15,open,2.54,0.04,08:00,매도주의
2026-06-05,2026-06-08,CMND,240.7,중립,잔구간,-21.1,3.12,open,3.53,1.03,08:30,중립
2026-06-05,2026-06-08,CMND,240.7,중립,잔구간,-21.1,3.2,open,0.94,-1.56,09:00,강한매수
2026-06-08,2026-06-09,SUNE,3951.1,강한매수,전고점돌파,-15.5,4.971,open,10.44,7.94,05:30,정보부족
2026-06-08,2026-06-09,SUNE,3951.1,강한매수,전고점돌파,-15.5,5.23,open,4.97,2.47,06:00,중립
2026-06-08,2026-06-09,SUNE,3951.1,강한매수,전고점돌파,-15.5,4.94,open,11.13,8.63,06:30,매도주의
2026-06-08,2026-06-09,SUNE,3951.1,강한매수,전고점돌파,-15.5,6.08,open,-9.7,-12.2,07:00,매수관심
2026-06-08,2026-06-09,SUNE,3951.1,강한매수,전고점돌파,-15.5,5.72,open,-4.02,-6.52,07:30,매도주의
2026-06-08,2026-06-09,SUNE,3951.1,강한매수,전고점돌파,-15.5,5.57,open,-1.44,-3.94,08:00,중립
2026-06-08,2026-06-09,SUNE,3951.1,강한매수,전고점돌파,-15.5,5.58,open,-1.61,-4.11,08:30,중립
2026-06-08,2026-06-09,SUNE,3951.1,강한매수,전고점돌파,-15.5,5.692,open,-3.55,-6.05,09:00,매수관심
2026-06-08,2026-06-09,CHAI,690.7,중립,잔구간,473.2,4.7,open,-24.04,-26.54,05:30,정보부족
2026-06-08,2026-06-09,CHAI,690.7,중립,잔구간,473.2,4.805,open,-25.7,-28.2,06:00,중립
2026-06-08,2026-06-09,CHAI,690.7,중립,잔구간,473.2,4.96,open,-28.02,-30.52,06:30,매수관심
2026-06-08,2026-06-09,CHAI,690.7,중립,잔구간,473.2,4.72,open,-24.36,-26.86,07:00,중립
2026-06-08,2026-06-09,CHAI,690.7,중립,잔구간,473.2,4.9646,open,-28.09,-30.59,07:30,매수관심
2026-06-08,2026-06-09,CHAI,690.7,중립,잔구간,473.2,3.9728,open,-10.14,-12.64,08:00,매도주의
2026-06-08,2026-06-09,CHAI,690.7,중립,잔구간,473.2,3.1299,open,14.06,11.56,08:30,강한매도
2026-06-08,2026-06-09,CHAI,690.7,중립,잔구간,473.2,3.93,open,-9.16,-11.66,09:00,강한매수
2026-06-08,2026-06-09,CCTG,478.2,중립,완만한상승,482.2,2.79,open,69.18,66.68,05:30,정보부족
2026-06-08,2026-06-09,CCTG,478.2,중립,완만한상승,482.2,2.34,open,101.71,99.21,06:00,매도주의
2026-06-08,2026-06-09,CCTG,478.2,중립,완만한상승,482.2,1.875,open,151.73,149.23,06:30,매도주의
2026-06-08,2026-06-09,CCTG,478.2,중립,완만한상승,482.2,1.89,open,149.74,147.24,07:00,중립
2026-06-08,2026-06-09,CCTG,478.2,중립,완만한상승,482.2,2.61,open,80.84,78.34,07:30,중립
2026-06-08,2026-06-09,CCTG,478.2,중립,완만한상승,482.2,2.1194,open,122.7,120.2,08:00,중립
2026-06-08,2026-06-09,CCTG,478.2,중립,완만한상승,482.2,2.35,open,100.85,98.35,08:30,중립
2026-06-08,2026-06-09,CCTG,478.2,중립,완만한상승,482.2,2.94,open,60.54,58.04,09:00,매수관심
2026-06-08,2026-06-09,SMTK,433.4,강한매수,전고점돌파,-16.7,0.6999,open,-21.63,-24.13,05:30,정보부족
2026-06-08,2026-06-09,SMTK,433.4,강한매수,전고점돌파,-16.7,0.6728,open,-18.48,-20.98,06:00,강한매도
2026-06-08,2026-06-09,SMTK,433.4,강한매수,전고점돌파,-16.7,0.6628,open,-17.25,-19.75,06:30,매도주의
2026-06-08,2026-06-09,SMTK,433.4,강한매수,전고점돌파,-16.7,0.66,open,-16.89,-19.39,07:00,중립
2026-06-08,2026-06-09,SMTK,433.4,강한매수,전고점돌파,-16.7,0.58,open,-5.43,-7.93,07:30,강한매도
2026-06-08,2026-06-09,SMTK,433.4,강한매수,전고점돌파,-16.7,0.5299,open,3.51,1.01,08:00,매도주의
2026-06-08,2026-06-09,SMTK,433.4,강한매수,전고점돌파,-16.7,0.512,open,7.13,4.63,08:30,중립
2026-06-08,2026-06-09,SMTK,433.4,강한매수,전고점돌파,-16.7,0.55,open,-0.27,-2.77,09:00,매수관심
2026-06-08,2026-06-09,FRSX,407.2,매도주의,전저점이탈,11.4,1.56,open,-2.88,-5.38,05:30,정보부족
2026-06-08,2026-06-09,FRSX,407.2,매도주의,전저점이탈,11.4,1.575,open,-3.81,-6.31,06:00,중립
2026-06-08,2026-06-09,FRSX,407.2,매도주의,전저점이탈,11.4,1.64,open,-7.62,-10.12,06:30,강한매수
2026-06-08,2026-06-09,FRSX,407.2,매도주의,전저점이탈,11.4,1.69,open,-10.36,-12.86,07:00,중립
2026-06-08,2026-06-09,FRSX,407.2,매도주의,전저점이탈,11.4,1.6,open,-5.31,-7.81,07:30,매도주의
2026-06-08,2026-06-09,FRSX,407.2,매도주의,전저점이탈,11.4,1.6,open,-5.31,-7.81,08:00,중립
2026-06-08,2026-06-09,FRSX,407.2,매도주의,전저점이탈,11.4,1.57,open,-3.5,-6.0,08:30,중립
2026-06-08,2026-06-09,FRSX,407.2,매도주의,전저점이탈,11.4,1.6076,open,-5.76,-8.26,09:00,강한매수
2026-06-08,2026-06-09,PAVS,198.6,중립,잔구간,-9.3,0.8533,open,81.65,79.15,05:30,정보부족
2026-06-08,2026-06-09,PAVS,198.6,중립,잔구간,-9.3,0.8367,open,85.25,82.75,06:00,중립
2026-06-08,2026-06-09,PAVS,198.6,중립,잔구간,-9.3,0.8809,open,75.96,73.46,06:30,매도주의
2026-06-08,2026-06-09,PAVS,198.6,중립,잔구간,-9.3,0.9,open,72.22,69.72,07:00,중립
2026-06-08,2026-06-09,PAVS,198.6,중립,잔구간,-9.3,0.8655,open,79.09,76.59,07:30,중립
2026-06-08,2026-06-09,PAVS,198.6,중립,잔구간,-9.3,0.8579,open,80.67,78.17,08:00,매수관심
2026-06-08,2026-06-09,PAVS,198.6,중립,잔구간,-9.3,4.42,open,-64.93,-67.43,08:30,강한매수
2026-06-08,2026-06-09,PAVS,198.6,중립,잔구간,-9.3,2.1698,open,-28.56,-31.06,09:00,매도주의
2026-06-09,2026-06-10,PAVS,2177.4,매도주의,잔구간,13.7,1.1602,open,-23.31,-25.81,05:30,정보부족
2026-06-09,2026-06-10,PAVS,2177.4,매도주의,잔구간,13.7,1.16,open,-23.29,-25.79,06:00,중립
2026-06-09,2026-06-10,PAVS,2177.4,매도주의,잔구간,13.7,1.12,open,-20.55,-23.05,06:30,중립
2026-06-09,2026-06-10,PAVS,2177.4,매도주의,잔구간,13.7,1.04,open,-14.44,-16.94,07:00,매도주의
2026-06-09,2026-06-10,PAVS,2177.4,매도주의,잔구간,13.7,1.0573,open,-15.84,-18.34,07:30,중립
2026-06-09,2026-06-10,PAVS,2177.4,매도주의,잔구간,13.7,1.0001,open,-11.03,-13.53,08:00,매도주의
2026-06-09,2026-06-10,PAVS,2177.4,매도주의,잔구간,13.7,0.8301,open,7.19,4.69,08:30,강한매도
2026-06-09,2026-06-10,PAVS,2177.4,매도주의,잔구간,13.7,0.8544,open,4.14,1.64,09:00,중립
2026-06-09,2026-06-10,CHAI,1935.9,매도주의,전고점돌파,-17.2,1.54,open,-11.69,-14.19,05:30,정보부족
2026-06-09,2026-06-10,CHAI,1935.9,매도주의,전고점돌파,-17.2,1.48,open,-8.11,-10.61,06:00,매도주의
2026-06-09,2026-06-10,CHAI,1935.9,매도주의,전고점돌파,-17.2,1.52,open,-10.53,-13.03,06:30,중립
2026-06-09,2026-06-10,CHAI,1935.9,매도주의,전고점돌파,-17.2,1.57,open,-13.38,-15.88,07:00,강한매수
2026-06-09,2026-06-10,CHAI,1935.9,매도주의,전고점돌파,-17.2,1.5,open,-9.33,-11.83,07:30,매도주의
2026-06-09,2026-06-10,CHAI,1935.9,매도주의,전고점돌파,-17.2,1.48,open,-8.11,-10.61,08:00,중립
2026-06-09,2026-06-10,CHAI,1935.9,매도주의,전고점돌파,-17.2,1.3414,open,1.39,-1.11,08:30,중립
2026-06-09,2026-06-10,CHAI,1935.9,매도주의,전고점돌파,-17.2,1.34,open,1.49,-1.01,09:00,중립
2026-06-09,2026-06-10,CCTG,1389.9,매도주의,전고점돌파,-17.4,1.47,open,-23.13,-25.63,05:30,정보부족
2026-06-09,2026-06-10,CCTG,1389.9,매도주의,전고점돌파,-17.4,1.32,open,-14.39,-16.89,06:00,매도주의
2026-06-09,2026-06-10,CCTG,1389.9,매도주의,전고점돌파,-17.4,1.255,open,-9.96,-12.46,06:30,매도주의
2026-06-09,2026-06-10,CCTG,1389.9,매도주의,전고점돌파,-17.4,1.29,open,-12.4,-14.9,07:00,강한매수
2026-06-09,2026-06-10,CCTG,1389.9,매도주의,전고점돌파,-17.4,0.9899,open,14.15,11.65,07:30,강한매도
2026-06-09,2026-06-10,CCTG,1389.9,매도주의,전고점돌파,-17.4,1.07,open,5.61,3.11,08:00,강한매수
2026-06-09,2026-06-10,CCTG,1389.9,매도주의,전고점돌파,-17.4,1.06,open,6.6,4.1,08:30,중립
2026-06-09,2026-06-10,CCTG,1389.9,매도주의,전고점돌파,-17.4,1.0298,open,9.73,7.23,09:00,매도주의
2026-06-09,2026-06-10,DSS,939.3,중립,완만한상승,-7.6,0.464,open,7.16,4.66,05:30,정보부족
2026-06-09,2026-06-10,DSS,939.3,중립,완만한상승,-7.6,0.5,open,-0.56,-3.06,06:00,중립
2026-06-09,2026-06-10,DSS,939.3,중립,완만한상승,-7.6,0.5233,open,-4.99,-7.49,06:30,강한매수
2026-06-09,2026-06-10,DSS,939.3,중립,완만한상승,-7.6,0.498,open,-0.16,-2.66,07:00,중립
2026-06-09,2026-06-10,DSS,939.3,중립,완만한상승,-7.6,0.5377,open,-7.53,-10.03,07:30,매수관심
2026-06-09,2026-06-10,DSS,939.3,중립,완만한상승,-7.6,0.5266,open,-5.58,-8.08,08:00,중립
2026-06-09,2026-06-10,DSS,939.3,중립,완만한상승,-7.6,0.491,open,1.26,-1.24,08:30,매도주의
2026-06-09,2026-06-10,DSS,939.3,중립,완만한상승,-7.6,0.5035,open,-1.25,-3.75,09:00,매수관심
2026-06-09,2026-06-10,MPU,792.8,중립,잔구간,-9.8,0.3152,open,2.79,0.29,05:30,정보부족
2026-06-09,2026-06-10,MPU,792.8,중립,잔구간,-9.8,0.3115,open,4.01,1.51,06:00,중립
2026-06-09,2026-06-10,MPU,792.8,중립,잔구간,-9.8,0.316,open,2.53,0.03,06:30,중립
2026-06-09,2026-06-10,MPU,792.8,중립,잔구간,-9.8,0.323,open,0.31,-2.19,07:00,매도주의
2026-06-09,2026-06-10,MPU,792.8,중립,잔구간,-9.8,0.2945,open,10.02,7.52,07:30,강한매도
2026-06-09,2026-06-10,MPU,792.8,중립,잔구간,-9.8,0.3032,open,6.86,4.36,08:00,강한매수
2026-06-09,2026-06-10,MPU,792.8,중립,잔구간,-9.8,0.302,open,7.28,4.78,08:30,중립
2026-06-09,2026-06-10,MPU,792.8,중립,잔구간,-9.8,0.3151,open,2.82,0.32,09:00,강한매수
2026-06-09,2026-06-10,AHMA,622.5,중립,전고점돌파,-9.5,1.33,open,-0.75,-3.25,05:30,정보부족
2026-06-09,2026-06-10,AHMA,622.5,중립,전고점돌파,-9.5,1.32,open,0.0,-2.5,06:00,매도주의
2026-06-09,2026-06-10,AHMA,622.5,중립,전고점돌파,-9.5,1.305,open,1.15,-1.35,06:30,매도주의
2026-06-09,2026-06-10,AHMA,622.5,중립,전고점돌파,-9.5,1.35,open,-2.22,-4.72,07:00,매수관심
2026-06-09,2026-06-10,AHMA,622.5,중립,전고점돌파,-9.5,1.28,open,3.13,0.63,07:30,중립
2026-06-09,2026-06-10,AHMA,622.5,중립,전고점돌파,-9.5,1.27,open,3.94,1.44,08:00,중립
2026-06-09,2026-06-10,AHMA,622.5,중립,전고점돌파,-9.5,1.2984,open,1.66,-0.84,08:30,중립
2026-06-09,2026-06-10,AHMA,622.5,중립,전고점돌파,-9.5,1.29,open,2.33,-0.17,09:00,중립
2026-06-10,2026-06-11,VSME,3818.5,중립,전고점돌파,-22.4,1.59,open,-14.47,-16.97,05:30,정보부족
2026-06-10,2026-06-11,VSME,3818.5,중립,전고점돌파,-22.4,1.54,open,-11.69,-14.19,06:00,매도주의
2026-06-10,2026-06-11,VSME,3818.5,중립,전고점돌파,-22.4,1.51,open,-9.93,-12.43,06:30,중립
2026-06-10,2026-06-11,VSME,3818.5,중립,전고점돌파,-22.4,1.5398,open,-11.68,-14.18,07:00,중립
2026-06-10,2026-06-11,VSME,3818.5,중립,전고점돌파,-22.4,1.53,open,-11.11,-13.61,07:30,중립
2026-06-10,2026-06-11,VSME,3818.5,중립,전고점돌파,-22.4,1.5,open,-9.33,-11.83,08:00,매도주의
2026-06-10,2026-06-11,VSME,3818.5,중립,전고점돌파,-22.4,1.48,open,-8.11,-10.61,08:30,중립
2026-06-10,2026-06-11,VSME,3818.5,중립,전고점돌파,-22.4,1.38,open,-1.45,-3.95,09:00,강한매도
2026-06-10,2026-06-11,GCDT,730.9,중립,완만한상승,-1.2,0.85,open,-2.35,-4.85,05:30,정보부족
2026-06-10,2026-06-11,GCDT,730.9,중립,완만한상승,-1.2,0.88,open,-5.68,-8.18,06:00,중립
2026-06-10,2026-06-11,GCDT,730.9,중립,완만한상승,-1.2,0.8824,open,-5.94,-8.44,06:30,매수관심
2026-06-10,2026-06-11,GCDT,730.9,중립,완만한상승,-1.2,0.95,open,-12.63,-15.13,07:00,강한매수
2026-06-10,2026-06-11,GCDT,730.9,중립,완만한상승,-1.2,0.8513,open,-2.5,-5.0,07:30,매도주의
2026-06-10,2026-06-11,GCDT,730.9,중립,완만한상승,-1.2,0.8536,open,-2.76,-5.26,08:00,매수관심
2026-06-10,2026-06-11,GCDT,730.9,중립,완만한상승,-1.2,0.831,open,-0.12,-2.62,08:30,매도주의
2026-06-10,2026-06-11,GCDT,730.9,중립,완만한상승,-1.2,0.863,open,-3.82,-6.32,09:00,매수관심
2026-06-10,2026-06-11,CHOW,646.1,중립,잔구간,-16.6,0.6097,open,-5.69,-8.19,05:30,정보부족
2026-06-10,2026-06-11,CHOW,646.1,중립,잔구간,-16.6,0.565,open,1.77,-0.73,06:00,매도주의
2026-06-10,2026-06-11,CHOW,646.1,중립,잔구간,-16.6,0.567,open,1.41,-1.09,06:30,중립
2026-06-10,2026-06-11,CHOW,646.1,중립,잔구간,-16.6,0.596,open,-3.52,-6.02,07:00,강한매수
2026-06-10,2026-06-11,CHOW,646.1,중립,잔구간,-16.6,0.5535,open,3.88,1.38,07:30,중립
2026-06-10,2026-06-11,CHOW,646.1,중립,잔구간,-16.6,0.5803,open,-0.91,-3.41,08:00,강한매수
2026-06-10,2026-06-11,CHOW,646.1,중립,잔구간,-16.6,0.5799,open,-0.84,-3.34,08:30,중립
2026-06-10,2026-06-11,CHOW,646.1,중립,잔구간,-16.6,0.5288,open,8.74,6.24,09:00,매도주의
2026-06-10,2026-06-11,FLD,622.4,매도주의,잔구간,-11.3,0.6274,open,-1.98,-4.48,05:30,정보부족
2026-06-10,2026-06-11,FLD,622.4,매도주의,잔구간,-11.3,0.632,open,-2.69,-5.19,06:00,매수관심
2026-06-10,2026-06-11,FLD,622.4,매도주의,잔구간,-11.3,0.6236,open,-1.38,-3.88,06:30,중립
2026-06-10,2026-06-11,FLD,622.4,매도주의,잔구간,-11.3,0.6199,open,-0.79,-3.29,07:00,중립
2026-06-10,2026-06-11,FLD,622.4,매도주의,잔구간,-11.3,0.6501,open,-5.4,-7.9,07:30,중립
2026-06-10,2026-06-11,FLD,622.4,매도주의,잔구간,-11.3,0.6222,open,-1.16,-3.66,08:00,매도주의
2026-06-10,2026-06-11,FLD,622.4,매도주의,잔구간,-11.3,0.6401,open,-3.92,-6.42,08:30,중립
2026-06-10,2026-06-11,FLD,622.4,매도주의,잔구간,-11.3,0.6285,open,-2.15,-4.65,09:00,중립
2026-06-10,2026-06-11,PAVS,497.6,매도주의,전저점부근,-20.0,0.3999,open,-21.26,-23.76,05:30,정보부족
2026-06-10,2026-06-11,PAVS,497.6,매도주의,전저점부근,-20.0,0.3805,open,-17.24,-19.74,06:00,매도주의
2026-06-10,2026-06-11,PAVS,497.6,매도주의,전저점부근,-20.0,0.3813,open,-17.41,-19.91,06:30,중립
2026-06-10,2026-06-11,PAVS,497.6,매도주의,전저점부근,-20.0,0.3937,open,-20.02,-22.52,07:00,강한매수
2026-06-10,2026-06-11,PAVS,497.6,매도주의,전저점부근,-20.0,0.32,open,-1.59,-4.09,07:30,강한매도
2026-06-10,2026-06-11,PAVS,497.6,매도주의,전저점부근,-20.0,0.2906,open,8.36,5.86,08:00,강한매도
2026-06-10,2026-06-11,PAVS,497.6,매도주의,전저점부근,-20.0,0.29,open,8.59,6.09,08:30,중립
2026-06-10,2026-06-11,PAVS,497.6,매도주의,전저점부근,-20.0,0.3132,open,0.54,-1.96,09:00,매수관심
2026-06-10,2026-06-11,CCHH,442.6,중립,잔구간,156.0,0.8857,open,14.6,12.1,05:30,정보부족
2026-06-10,2026-06-11,CCHH,442.6,중립,잔구간,156.0,0.7167,open,41.62,39.12,06:00,강한매도
2026-06-10,2026-06-11,CCHH,442.6,중립,잔구간,156.0,0.9901,open,2.51,0.01,06:30,매수관심
2026-06-10,2026-06-11,CCHH,442.6,중립,잔구간,156.0,0.837,open,21.27,18.77,07:00,매도주의
2026-06-10,2026-06-11,CCHH,442.6,중립,잔구간,156.0,1.0,open,1.5,-1.0,07:30,중립
2026-06-10,2026-06-11,CCHH,442.6,중립,잔구간,156.0,0.9623,open,5.48,2.98,08:00,매도주의
2026-06-10,2026-06-11,CCHH,442.6,중립,잔구간,156.0,0.9875,open,2.78,0.28,08:30,중립
2026-06-10,2026-06-11,CCHH,442.6,중립,잔구간,156.0,1.04,open,-2.4,-4.9,09:00,강한매수
2026-06-11,2026-06-12,CCHH,2091.7,매도주의,전고점돌파,-6.8,0.4846,open,0.95,-1.55,05:30,정보부족
2026-06-11,2026-06-12,CCHH,2091.7,매도주의,전고점돌파,-6.8,0.482,open,1.49,-1.01,06:00,중립
2026-06-11,2026-06-12,CCHH,2091.7,매도주의,전고점돌파,-6.8,0.494,open,-0.97,-3.47,06:30,중립
2026-06-11,2026-06-12,CCHH,2091.7,매도주의,전고점돌파,-6.8,0.5114,open,-4.34,-6.84,07:00,중립
2026-06-11,2026-06-12,CCHH,2091.7,매도주의,전고점돌파,-6.8,0.4919,open,-0.55,-3.05,07:30,매도주의
2026-06-11,2026-06-12,CCHH,2091.7,매도주의,전고점돌파,-6.8,0.4903,open,-0.22,-2.72,08:00,강한매수
2026-06-11,2026-06-12,CCHH,2091.7,매도주의,전고점돌파,-6.8,0.4869,open,0.47,-2.03,08:30,중립
2026-06-11,2026-06-12,CCHH,2091.7,매도주의,전고점돌파,-6.8,0.4704,open,4.0,1.5,09:00,강한매도
2026-06-11,2026-06-12,RKDA,1348.0,매도주의,잔구간,-4.2,1.025,open,-4.39,-6.89,05:30,정보부족
2026-06-11,2026-06-12,RKDA,1348.0,매도주의,잔구간,-4.2,0.9957,open,-1.58,-4.08,06:00,매도주의
2026-06-11,2026-06-12,RKDA,1348.0,매도주의,잔구간,-4.2,0.9866,open,-0.67,-3.17,06:30,매도주의
2026-06-11,2026-06-12,RKDA,1348.0,매도주의,잔구간,-4.2,0.9998,open,-1.98,-4.48,07:00,중립
2026-06-11,2026-06-12,RKDA,1348.0,매도주의,잔구간,-4.2,1.0,open,-2.0,-4.5,07:30,매도주의
2026-06-11,2026-06-12,RKDA,1348.0,매도주의,잔구간,-4.2,0.9916,open,-1.17,-3.67,08:00,중립
2026-06-11,2026-06-12,RKDA,1348.0,매도주의,잔구간,-4.2,0.995,open,-1.51,-4.01,08:30,강한매수
2026-06-11,2026-06-12,RKDA,1348.0,매도주의,잔구간,-4.2,0.9802,open,-0.02,-2.52,09:00,매도주의
2026-06-11,2026-06-12,EDHL,478.8,매도주의,완만한상승,39.0,8.3101,open,1.8,-0.7,05:30,정보부족
2026-06-11,2026-06-12,EDHL,478.8,매도주의,완만한상승,39.0,10.96,open,-22.81,-25.31,06:00,강한매수
2026-06-11,2026-06-12,EDHL,478.8,매도주의,완만한상승,39.0,9.04,open,-6.42,-8.92,06:30,매도주의
2026-06-11,2026-06-12,EDHL,478.8,매도주의,완만한상승,39.0,9.32,open,-9.23,-11.73,07:00,중립
2026-06-11,2026-06-12,EDHL,478.8,매도주의,완만한상승,39.0,8.6643,open,-2.36,-4.86,07:30,중립
2026-06-11,2026-06-12,EDHL,478.8,매도주의,완만한상승,39.0,8.7104,open,-2.87,-5.37,08:00,중립
2026-06-11,2026-06-12,EDHL,478.8,매도주의,완만한상승,39.0,8.42,open,0.48,-2.02,08:30,매도주의
2026-06-11,2026-06-12,EDHL,478.8,매도주의,완만한상승,39.0,8.31,open,1.81,-0.69,09:00,매도주의
2026-06-11,2026-06-12,TOVX,280.3,중립,전고점돌파,-13.0,0.267,open,6.52,4.02,05:30,정보부족
2026-06-11,2026-06-12,TOVX,280.3,중립,전고점돌파,-13.0,0.2667,open,6.64,4.14,06:00,매도주의
2026-06-11,2026-06-12,TOVX,280.3,중립,전고점돌파,-13.0,0.2654,open,7.16,4.66,06:30,매도주의
2026-06-11,2026-06-12,TOVX,280.3,중립,전고점돌파,-13.0,0.2805,open,1.39,-1.11,07:00,매수관심
2026-06-11,2026-06-12,TOVX,280.3,중립,전고점돌파,-13.0,0.2808,open,1.28,-1.22,07:30,중립
2026-06-11,2026-06-12,TOVX,280.3,중립,전고점돌파,-13.0,0.2803,open,1.46,-1.04,08:00,중립
2026-06-11,2026-06-12,TOVX,280.3,중립,전고점돌파,-13.0,0.275,open,3.42,0.92,08:30,중립
2026-06-11,2026-06-12,TOVX,280.3,중립,전고점돌파,-13.0,0.27,open,5.33,2.83,09:00,중립
2026-06-11,2026-06-12,GLXG,165.8,중립,전고점돌파,-15.9,1.75,open,-0.57,-3.07,05:30,정보부족
2026-06-11,2026-06-12,GLXG,165.8,중립,전고점돌파,-15.9,1.74,open,0.0,-2.5,06:00,중립
2026-06-11,2026-06-12,GLXG,165.8,중립,전고점돌파,-15.9,1.75,open,-0.57,-3.07,06:30,강한매수
2026-06-11,2026-06-12,GLXG,165.8,중립,전고점돌파,-15.9,1.75,open,-0.57,-3.07,07:00,매도주의
2026-06-11,2026-06-12,GLXG,165.8,중립,전고점돌파,-15.9,1.71,open,1.75,-0.75,07:30,강한매수
2026-06-11,2026-06-12,GLXG,165.8,중립,전고점돌파,-15.9,1.6707,open,4.15,1.65,08:00,중립
2026-06-11,2026-06-12,GLXG,165.8,중립,전고점돌파,-15.9,1.63,open,6.75,4.25,08:30,중립
2026-06-11,2026-06-12,GLXG,165.8,중립,전고점돌파,-15.9,1.7791,open,-2.2,-4.7,09:00,중립
2026-06-11,2026-06-12,VSME,155.6,매도주의,잔구간,115.3,2.39,open,-26.15,-28.65,05:30,정보부족
2026-06-11,2026-06-12,VSME,155.6,매도주의,잔구간,115.3,1.87,open,-5.61,-8.11,06:00,매도주의
2026-06-11,2026-06-12,VSME,155.6,매도주의,잔구간,115.3,2.0396,open,-13.46,-15.96,06:30,매수관심
2026-06-11,2026-06-12,VSME,155.6,매도주의,잔구간,115.3,1.915,open,-7.83,-10.33,07:00,중립
2026-06-11,2026-06-12,VSME,155.6,매도주의,잔구간,115.3,1.9204,open,-8.09,-10.59,07:30,중립
2026-06-11,2026-06-12,VSME,155.6,매도주의,잔구간,115.3,1.7603,open,0.27,-2.23,08:00,매도주의
2026-06-11,2026-06-12,VSME,155.6,매도주의,잔구간,115.3,1.65,open,6.97,4.47,08:30,강한매도
2026-06-11,2026-06-12,VSME,155.6,매도주의,잔구간,115.3,1.7,open,3.82,1.32,09:00,중립
2026-06-12,2026-06-15,CAST,928.3,강한매수,전고점돌파,250.3,5.43,open,-10.87,-13.37,05:30,정보부족
2026-06-12,2026-06-15,CAST,928.3,강한매수,전고점돌파,250.3,5.86,open,-17.41,-19.91,06:00,중립
2026-06-12,2026-06-15,CAST,928.3,강한매수,전고점돌파,250.3,5.4,open,-10.37,-12.87,06:30,중립
2026-06-12,2026-06-15,CAST,928.3,강한매수,전고점돌파,250.3,5.37,open,-9.87,-12.37,07:00,매도주의
2026-06-12,2026-06-15,CAST,928.3,강한매수,전고점돌파,250.3,5.53,open,-12.48,-14.98,07:30,중립
2026-06-12,2026-06-15,CAST,928.3,강한매수,전고점돌파,250.3,5.03,open,-3.78,-6.28,08:00,매도주의
2026-06-12,2026-06-15,CAST,928.3,강한매수,전고점돌파,250.3,4.44,open,9.01,6.51,08:30,중립
2026-06-12,2026-06-15,CAST,928.3,강한매수,전고점돌파,250.3,4.9098,open,-1.42,-3.92,09:00,중립
2026-06-12,2026-06-15,CUPR,701.5,중립,전고점돌파,-4.8,3.78,open,189.68,187.18,05:30,정보부족
2026-06-12,2026-06-15,CUPR,701.5,중립,전고점돌파,-4.8,3.76,open,191.22,188.72,06:00,매도주의
2026-06-12,2026-06-15,CUPR,701.5,중립,전고점돌파,-4.8,3.76,open,191.22,188.72,06:30,중립
2026-06-12,2026-06-15,CUPR,701.5,중립,전고점돌파,-4.8,3.76,open,191.22,188.72,07:00,중립
2026-06-12,2026-06-15,CUPR,701.5,중립,전고점돌파,-4.8,3.63,open,201.65,199.15,07:30,매도주의
2026-06-12,2026-06-15,CUPR,701.5,중립,전고점돌파,-4.8,3.87,open,182.95,180.45,08:00,매수관심
2026-06-12,2026-06-15,CUPR,701.5,중립,전고점돌파,-4.8,3.81,open,187.4,184.9,08:30,중립
2026-06-12,2026-06-15,CUPR,701.5,중립,전고점돌파,-4.8,3.94,open,177.92,175.42,09:00,강한매수
2026-06-12,2026-06-15,AIDX,493.4,강한매수,전고점돌파,-18.3,0.7863,open,-1.54,-4.04,05:30,정보부족
2026-06-12,2026-06-15,AIDX,493.4,강한매수,전고점돌파,-18.3,0.7867,open,-1.59,-4.09,06:00,중립
2026-06-12,2026-06-15,AIDX,493.4,강한매수,전고점돌파,-18.3,0.8125,open,-4.71,-7.21,06:30,중립
2026-06-12,2026-06-15,AIDX,493.4,강한매수,전고점돌파,-18.3,0.8069,open,-4.05,-6.55,07:00,중립
2026-06-12,2026-06-15,AIDX,493.4,강한매수,전고점돌파,-18.3,0.794,open,-2.49,-4.99,07:30,중립
2026-06-12,2026-06-15,AIDX,493.4,강한매수,전고점돌파,-18.3,0.7916,open,-2.2,-4.7,08:00,매도주의
2026-06-12,2026-06-15,AIDX,493.4,강한매수,전고점돌파,-18.3,0.7878,open,-1.73,-4.23,08:30,매도주의
2026-06-12,2026-06-15,AIDX,493.4,강한매수,전고점돌파,-18.3,0.7878,open,-1.73,-4.23,09:00,중립
2026-06-12,2026-06-15,DSY,372.7,매도주의,완만한상승,3.5,5.05,open,0.99,-1.51,05:30,정보부족
2026-06-12,2026-06-15,DSY,372.7,매도주의,완만한상승,3.5,5.04,open,1.19,-1.31,06:00,중립
2026-06-12,2026-06-15,DSY,372.7,매도주의,완만한상승,3.5,4.97,open,2.62,0.12,06:30,매도주의
2026-06-12,2026-06-15,DSY,372.7,매도주의,완만한상승,3.5,5.0,open,2.0,-0.5,07:00,중립
2026-06-12,2026-06-15,DSY,372.7,매도주의,완만한상승,3.5,5.03,open,1.39,-1.11,07:30,중립
2026-06-12,2026-06-15,DSY,372.7,매도주의,완만한상승,3.5,4.96,open,2.82,0.32,08:00,매도주의
2026-06-12,2026-06-15,DSY,372.7,매도주의,완만한상승,3.5,4.95,open,3.03,0.53,08:30,매도주의
2026-06-12,2026-06-15,DSY,372.7,매도주의,완만한상승,3.5,4.7686,open,6.95,4.45,09:00,강한매도
2026-06-12,2026-06-15,UBXG,292.8,강한매수,전고점돌파,-2.0,7.71,open,8.3,5.8,05:30,정보부족
2026-06-12,2026-06-15,UBXG,292.8,강한매수,전고점돌파,-2.0,7.7697,open,7.47,4.97,06:00,강한매수
2026-06-12,2026-06-15,UBXG,292.8,강한매수,전고점돌파,-2.0,7.88,open,5.96,3.46,06:30,매수관심
2026-06-12,2026-06-15,UBXG,292.8,강한매수,전고점돌파,-2.0,7.9,open,5.7,3.2,07:00,강한매수
2026-06-12,2026-06-15,UBXG,292.8,강한매수,전고점돌파,-2.0,8.4881,open,-1.63,-4.13,07:30,강한매수
2026-06-12,2026-06-15,UBXG,292.8,강한매수,전고점돌파,-2.0,7.89,open,5.83,3.33,08:00,중립
2026-06-12,2026-06-15,UBXG,292.8,강한매수,전고점돌파,-2.0,7.98,open,4.64,2.14,08:30,중립
2026-06-12,2026-06-15,UBXG,292.8,강한매수,전고점돌파,-2.0,8.3989,open,-0.58,-3.08,09:00,강한매수
2026-06-12,2026-06-15,BYAH,255.1,매도주의,잔구간,34.7,1.98,open,-1.01,-3.51,05:30,정보부족
2026-06-12,2026-06-15,BYAH,255.1,매도주의,잔구간,34.7,1.86,open,5.38,2.88,06:00,매도주의
2026-06-12,2026-06-15,BYAH,255.1,매도주의,잔구간,34.7,1.9296,open,1.58,-0.92,06:30,매수관심
2026-06-12,2026-06-15,BYAH,255.1,매도주의,잔구간,34.7,1.87,open,4.81,2.31,07:00,매도주의
2026-06-12,2026-06-15,BYAH,255.1,매도주의,잔구간,34.7,1.82,open,7.69,5.19,07:30,중립
2026-06-12,2026-06-15,BYAH,255.1,매도주의,잔구간,34.7,1.8396,open,6.54,4.04,08:00,매수관심
2026-06-12,2026-06-15,BYAH,255.1,매도주의,잔구간,34.7,1.79,open,9.5,7.0,08:30,강한매도
2026-06-12,2026-06-15,BYAH,255.1,매도주의,잔구간,34.7,1.7997,open,8.91,6.41,09:00,매수관심
2026-06-15,2026-06-16,CAST,673.7,중립,전고점돌파,-20.0,3.0,open,13.33,10.83,05:30,정보부족
2026-06-15,2026-06-16,CAST,673.7,중립,전고점돌파,-20.0,3.035,open,12.03,9.53,06:00,중립
2026-06-15,2026-06-16,CAST,673.7,중립,전고점돌파,-20.0,3.06,open,11.11,8.61,06:30,중립
2026-06-15,2026-06-16,CAST,673.7,중립,전고점돌파,-20.0,3.2011,open,6.21,3.71,07:00,매수관심
2026-06-15,2026-06-16,CAST,673.7,중립,전고점돌파,-20.0,3.32,open,2.41,-0.09,07:30,매수관심
2026-06-15,2026-06-16,CAST,673.7,중립,전고점돌파,-20.0,3.25,open,4.62,2.12,08:00,중립
2026-06-15,2026-06-16,CAST,673.7,중립,전고점돌파,-20.0,3.04,open,11.84,9.34,08:30,매도주의
2026-06-15,2026-06-16,CAST,673.7,중립,전고점돌파,-20.0,3.16,open,7.59,5.09,09:00,강한매수
2026-06-15,2026-06-16,HLP,439.0,매수관심,완만한상승,-11.7,0.4688,open,9.15,6.65,05:30,정보부족
2026-06-15,2026-06-16,HLP,439.0,매수관심,완만한상승,-11.7,0.4599,open,11.26,8.76,06:00,중립
2026-06-15,2026-06-16,HLP,439.0,매수관심,완만한상승,-11.7,0.479,open,6.83,4.33,06:30,중립
2026-06-15,2026-06-16,HLP,439.0,매수관심,완만한상승,-11.7,0.479,open,6.83,4.33,07:00,중립
2026-06-15,2026-06-16,HLP,439.0,매수관심,완만한상승,-11.7,0.4625,open,10.64,8.14,07:30,매도주의
2026-06-15,2026-06-16,HLP,439.0,매수관심,완만한상승,-11.7,0.4637,open,10.35,7.85,08:00,중립
2026-06-15,2026-06-16,HLP,439.0,매수관심,완만한상승,-11.7,0.4708,open,8.69,6.19,08:30,중립
2026-06-15,2026-06-16,HLP,439.0,매수관심,완만한상승,-11.7,0.4763,open,7.43,4.93,09:00,강한매수
2026-06-15,2026-06-16,CUPR,408.5,매도주의,전고점부근,-18.4,6.86,open,-13.12,-15.62,05:30,정보부족
2026-06-15,2026-06-16,CUPR,408.5,매도주의,전고점부근,-18.4,6.64,open,-10.24,-12.74,06:00,매도주의
2026-06-15,2026-06-16,CUPR,408.5,매도주의,전고점부근,-18.4,6.36,open,-6.29,-8.79,06:30,강한매도
2026-06-15,2026-06-16,CUPR,408.5,매도주의,전고점부근,-18.4,6.26,open,-4.79,-7.29,07:00,매도주의
2026-06-15,2026-06-16,CUPR,408.5,매도주의,전고점부근,-18.4,6.23,open,-4.33,-6.83,07:30,중립
2026-06-15,2026-06-16,CUPR,408.5,매도주의,전고점부근,-18.4,6.13,open,-2.77,-5.27,08:00,중립
2026-06-15,2026-06-16,CUPR,408.5,매도주의,전고점부근,-18.4,5.85,open,1.88,-0.62,08:30,매도주의
2026-06-15,2026-06-16,CUPR,408.5,매도주의,전고점부근,-18.4,5.58,open,6.81,4.31,09:00,매도주의
2026-06-15,2026-06-16,CTM,265.6,매도주의,완만한상승,-3.6,0.6898,open,-0.14,-2.64,05:30,정보부족
2026-06-15,2026-06-16,CTM,265.6,매도주의,완만한상승,-3.6,0.6729,open,2.36,-0.14,06:00,매도주의
2026-06-15,2026-06-16,CTM,265.6,매도주의,완만한상승,-3.6,0.6663,open,3.38,0.88,06:30,강한매도
2026-06-15,2026-06-16,CTM,265.6,매도주의,완만한상승,-3.6,0.668,open,3.11,0.61,07:00,매도주의
2026-06-15,2026-06-16,CTM,265.6,매도주의,완만한상승,-3.6,0.6741,open,2.18,-0.32,07:30,중립
2026-06-15,2026-06-16,CTM,265.6,매도주의,완만한상승,-3.6,0.6786,open,1.5,-1.0,08:00,중립
2026-06-15,2026-06-16,CTM,265.6,매도주의,완만한상승,-3.6,0.667,open,3.28,0.78,08:30,중립
2026-06-15,2026-06-16,CTM,265.6,매도주의,완만한상승,-3.6,0.6697,open,2.85,0.35,09:00,중립
2026-06-15,2026-06-16,WLDS,192.7,중립,전고점돌파,-19.7,0.7925,open,0.28,-2.22,05:30,정보부족
2026-06-15,2026-06-16,WLDS,192.7,중립,전고점돌파,-19.7,0.7871,open,0.97,-1.53,06:00,매수관심
2026-06-15,2026-06-16,WLDS,192.7,중립,전고점돌파,-19.7,0.791,open,0.47,-2.03,06:30,중립
2026-06-15,2026-06-16,WLDS,192.7,중립,전고점돌파,-19.7,0.7999,open,-0.65,-3.15,07:00,매수관심
2026-06-15,2026-06-16,WLDS,192.7,중립,전고점돌파,-19.7,0.7899,open,0.61,-1.89,07:30,매도주의
2026-06-15,2026-06-16,WLDS,192.7,중립,전고점돌파,-19.7,0.7821,open,1.61,-0.89,08:00,강한매수
2026-06-15,2026-06-16,WLDS,192.7,중립,전고점돌파,-19.7,0.7925,open,0.28,-2.22,08:30,강한매수
2026-06-15,2026-06-16,WLDS,192.7,중립,전고점돌파,-19.7,0.7868,open,1.0,-1.5,09:00,강한매도
2026-06-15,2026-06-16,CRVO,153.3,매도주의,잔구간,32.7,3.29,open,1.52,-0.98,05:30,정보부족
2026-06-15,2026-06-16,CRVO,153.3,매도주의,잔구간,32.7,3.26,open,2.45,-0.05,06:00,매도주의
2026-06-15,2026-06-16,CRVO,153.3,매도주의,잔구간,32.7,3.0595,open,9.17,6.67,06:30,매도주의
2026-06-15,2026-06-16,CRVO,153.3,매도주의,잔구간,32.7,3.105,open,7.57,5.07,07:00,중립
2026-06-15,2026-06-16,CRVO,153.3,매도주의,잔구간,32.7,3.13,open,6.71,4.21,07:30,중립
2026-06-15,2026-06-16,CRVO,153.3,매도주의,잔구간,32.7,3.0587,open,9.2,6.7,08:00,매도주의
2026-06-15,2026-06-16,CRVO,153.3,매도주의,잔구간,32.7,3.0895,open,8.11,5.61,08:30,중립
2026-06-15,2026-06-16,CRVO,153.3,매도주의,잔구간,32.7,3.2598,open,2.46,-0.04,09:00,매수관심
