signal_date,trade_date,ticker,entry_0530,exit_0930,ret_%,net_%
2026-06-15,2026-06-16,ELTX,4.08,4.08,-0.0,-1.0
2026-06-15,2026-06-16,DXST,2.5724,2.75,6.9,5.9
2026-06-15,2026-06-16,SLXN,2.56,2.5802,0.79,-0.21
2026-06-16,2026-06-17,AHMA,2.7224,2.85,4.69,3.69
2026-06-16,2026-06-17,NIVF,1.21,1.05,-13.22,-14.22
2026-06-16,2026-06-17,BEEM,1.2603,1.31,3.94,2.94
2026-06-16,2026-06-17,WNW,3.4984,3.61,3.19,2.19
2026-06-16,2026-06-17,SNWV,8.59,8.62,0.35,-0.65
2026-06-17,2026-06-18,CLPT,17.55,17.59,0.23,-0.77
2026-06-17,2026-06-18,UTSI,2.55,2.53,-0.78,-1.78
2026-06-17,2026-06-18,CRVO,3.82,4.68,22.51,21.51
2026-06-17,2026-06-18,TGE,1.1,1.04,-5.45,-6.45
2026-06-17,2026-06-18,CNTX,0.5802,0.6124,5.55,4.55
2026-06-22,2026-06-23,TNON,0.4421,0.44,-0.48,-1.48
2026-06-22,2026-06-23,CRMT,2.72,2.89,6.25,5.25
2026-06-22,2026-06-23,BIRD,5.3813,5.26,-2.25,-3.25
2026-06-22,2026-06-23,ECX,0.9529,0.9989,4.83,3.83
2026-06-22,2026-06-23,SUGP,0.9433,0.92,-2.47,-3.47
2026-06-23,2026-06-24,AIXI,2.82,2.77,-1.77,-2.77
2026-06-23,2026-06-24,NXTS,6.0012,5.9,-1.69,-2.69
2026-06-23,2026-06-24,MNDR,0.4684,0.44,-6.06,-7.06
2026-06-23,2026-06-24,JFIN,2.78,2.768,-0.43,-1.43
2026-06-24,2026-06-25,CCXI,12.71,12.53,-1.42,-2.42
2026-06-24,2026-06-25,QNRX,3.55,3.75,5.63,4.63
2026-06-24,2026-06-25,PASG,5.0,4.99,-0.2,-1.2
2026-06-24,2026-06-25,HSCS,2.5729,2.66,3.39,2.39
2026-06-25,2026-06-26,WEN,7.18,7.262,1.14,0.14
2026-06-25,2026-06-26,HTZ,2.64,2.66,0.76,-0.24
2026-06-25,2026-06-26,ELME,1.3868,1.38,-0.49,-1.49
2026-06-25,2026-06-26,PRQR,1.5,1.54,2.67,1.67
2026-06-25,2026-06-26,IVF,2.0093,1.85,-7.93,-8.93
2026-06-26,2026-06-29,QUCY,1.5703,1.56,-0.66,-1.66
2026-06-26,2026-06-29,ZDAI,2.06,1.94,-5.83,-6.83
2026-06-26,2026-06-29,PBK,0.6962,0.72,3.42,2.42
2026-06-26,2026-06-29,FBYD,15.5,15.14,-2.32,-3.32
2026-06-26,2026-06-29,LCUT,8.14,8.1383,-0.02,-1.02
2026-06-29,2026-06-30,NNBR,3.37,3.635,7.86,6.86
2026-06-29,2026-06-30,EVMN,15.6,14.76,-5.38,-6.38
2026-06-29,2026-06-30,BTCT,1.2097,1.11,-8.24,-9.24
2026-06-29,2026-06-30,AVXX,7.05,7.57,7.38,6.38
2026-06-29,2026-06-30,IVF,1.99,1.98,-0.5,-1.5
2026-06-30,2026-07-01,CTGG,17.03,17.25,1.29,0.29
2026-06-30,2026-07-01,DGNX,1.33,1.17,-12.03,-13.03
2026-06-30,2026-07-01,AVXX,6.7697,7.21,6.5,5.5
2026-06-30,2026-07-01,CTNT,1.5897,1.56,-1.87,-2.87
2026-06-30,2026-07-01,KTTA,0.535,0.503,-5.98,-6.98
2026-07-01,2026-07-02,TC,3.7,3.5,-5.41,-6.41
2026-07-01,2026-07-02,CANF,3.92,4.34,10.71,9.71
2026-07-01,2026-07-02,CODX,3.08,2.99,-2.92,-3.92
2026-07-01,2026-07-02,BTOG,1.2703,1.24,-2.39,-3.39
2026-07-01,2026-07-02,DXST,1.9571,2.11,7.81,6.81
2026-07-06,2026-07-07,SPHL,2.414,2.96,22.62,21.62
2026-07-06,2026-07-07,BJDX,1.8901,1.51,-20.11,-21.11
2026-07-06,2026-07-07,LHAI,1.39,1.42,2.16,1.16
2026-07-06,2026-07-07,ZNB,0.4601,0.47,2.15,1.15
2026-07-06,2026-07-07,SURG,0.4601,0.4545,-1.22,-2.22
2026-07-07,2026-07-08,BJDX,1.35,1.48,9.63,8.63
2026-07-07,2026-07-08,TDTH,2.07,2.032,-1.84,-2.84
2026-07-07,2026-07-08,SILO,5.2,5.78,11.15,10.15
2026-07-07,2026-07-08,VTAK,0.7605,1.21,59.11,58.11
2026-07-07,2026-07-08,BTAI,1.0379,1.04,0.2,-0.8
2026-07-08,2026-07-09,CLRO,10.43,10.85,4.03,3.03
2026-07-08,2026-07-09,TPET,0.2909,0.29,-0.31,-1.31
2026-07-08,2026-07-09,BNRG,0.8519,0.8619,1.17,0.17
2026-07-08,2026-07-09,CMMB,1.87,1.975,5.61,4.61
2026-07-09,2026-07-10,TVRD,4.07,3.84,-5.65,-6.65
2026-07-09,2026-07-10,TPTS,20.0,20.0,0.0,-1.0
2026-07-09,2026-07-10,IOTR,3.3687,3.51,4.19,3.19
2026-07-10,2026-07-13,TPTS,17.4,16.86,-3.1,-4.1
2026-07-10,2026-07-13,CHSN,1.04,1.06,1.92,0.92
2026-07-10,2026-07-13,ELAB,1.0298,1.06,2.93,1.93
2026-07-10,2026-07-13,QTTB,14.101,18.33,29.99,28.99
2026-07-10,2026-07-13,ELPW,0.3639,0.3285,-9.73,-10.73
2026-07-13,2026-07-14,LGPS,0.9171,0.989,7.84,6.84
2026-07-13,2026-07-14,MTNB,0.3654,0.4,9.47,8.47
2026-07-14,2026-07-15,SHPH,3.77,3.84,1.86,0.86
2026-07-14,2026-07-15,IBX,15.71,16.0,1.85,0.85
2026-07-14,2026-07-15,QTTB,18.79,18.25,-2.87,-3.87
2026-07-14,2026-07-15,TOON,0.57,0.6,5.26,4.26
2026-07-14,2026-07-15,CANF,3.22,3.31,2.8,1.8
2026-07-15,2026-07-16,KUST,1.1184,1.235,10.43,9.43
2026-07-15,2026-07-16,QTTB,15.5524,15.99,2.81,1.81
2026-07-15,2026-07-16,IBX,14.84,14.35,-3.3,-4.3
2026-07-15,2026-07-16,GCTK,0.454,0.4818,6.12,5.12
2026-07-15,2026-07-16,PHIO,0.8646,0.8959,3.62,2.62
2026-07-16,2026-07-17,NXTC,5.82,6.05,3.95,2.95
2026-07-16,2026-07-17,VIVS,0.5038,0.5705,13.24,12.24
2026-07-16,2026-07-17,MEME,6.76,6.61,-2.22,-3.22
2026-07-16,2026-07-17,RPT,10.72,10.9,1.68,0.68
2026-07-16,2026-07-17,ERNA,6.857,7.1,3.54,2.54
2026-07-17,2026-07-20,PMAX,1.68,1.73,2.98,1.98
2026-07-17,2026-07-20,TRUG,1.13,1.18,4.42,3.42
2026-07-17,2026-07-20,ISUL,12.3216,12.28,-0.34,-1.34
2026-07-20,2026-07-21,GOAI,1.9032,1.81,-4.9,-5.9
2026-07-20,2026-07-21,SLND,1.07,1.03,-3.74,-4.74
2026-07-20,2026-07-21,RCON,0.4218,0.346,-17.97,-18.97
2026-07-20,2026-07-21,CJMB,1.2384,1.23,-0.68,-1.68
2026-07-20,2026-07-21,WBUY,0.6305,0.6367,0.98,-0.02
2026-07-21,2026-07-22,SLGB,0.7313,0.7423,1.5,0.5
2026-07-21,2026-07-22,LASE,1.11,1.06,-4.5,-5.5
2026-07-21,2026-07-22,AEHL,0.9051,0.7133,-21.19,-22.19
2026-07-21,2026-07-22,ZNB,0.331,0.352,6.34,5.34
2026-07-21,2026-07-22,ADVB,7.15,8.32,16.36,15.36
2026-07-22,2026-07-23,SXTC,1.76,0.4069,-76.88,-77.88
2026-07-22,2026-07-23,LGCL,2.2608,1.57,-30.56,-31.56
2026-07-22,2026-07-23,SNTG,2.0379,2.28,11.88,10.88
2026-07-23,2026-07-24,ACI,11.36,11.16,-1.76,-2.76
2026-07-23,2026-07-24,DOMO,3.9356,4.0,1.64,0.64
2026-07-23,2026-07-24,SMCZ,6.4013,6.57,2.64,1.64
2026-07-23,2026-07-24,PLAG,0.562,0.5524,-1.71,-2.71
2026-07-24,2026-07-27,MOBX,1.7701,1.76,-0.57,-1.57
2026-07-24,2026-07-27,EXYN,2.6,2.55,-1.92,-2.92
2026-07-27,2026-07-28,MTNB,0.3325,0.32,-3.76,-4.76
2026-07-27,2026-07-28,JZXN,1.28,1.35,5.47,4.47
2026-07-27,2026-07-28,DCOY,3.4348,3.605,4.96,3.96
2026-07-28,2026-07-29,EHGO,2.234,2.12,-5.1,-6.1
2026-07-28,2026-07-29,BKYI,3.7001,4.3501,17.57,16.57
2026-07-28,2026-07-29,GMM,3.36,3.455,2.83,1.83
2026-07-29,2026-07-30,GMM,2.69,2.87,6.69,5.69
2026-07-29,2026-07-30,EGG,3.42,3.22,-5.85,-6.85
2026-07-29,2026-07-30,LMNX,7.6075,7.44,-2.2,-3.2
2026-07-29,2026-07-30,OBAI,0.4852,0.5,3.05,2.05
2026-07-29,2026-07-30,GRCE,2.04,2.04,-0.0,-1.0
2026-07-30,2026-07-31,INO,0.65,0.65,-0.0,-1.0
2026-07-30,2026-07-31,DCX,1.08,1.0,-7.41,-8.41
2026-07-30,2026-07-31,ZONE,0.3477,0.3538,1.75,0.75
2026-07-31,2026-08-03,MGRX,0.376,0.428,13.83,12.83
2026-07-31,2026-08-03,RDTL,12.6,12.47,-1.03,-2.03
2026-07-31,2026-08-03,MYGN,2.91,2.87,-1.37,-2.37
2026-07-31,2026-08-03,KPTI,2.0,1.94,-3.0,-4.0
2026-07-31,2026-08-03,UPC,7.22,7.0,-3.05,-4.05
2026-08-03,2026-08-04,GME,19.08,19.015,-0.34,-1.34
2026-08-03,2026-08-04,UPC,5.6599,5.75,1.59,0.59
2026-08-03,2026-08-04,PUSA,2.73,2.78,1.83,0.83
2026-08-03,2026-08-04,RUBI,2.25,2.15,-4.44,-5.44
2026-08-03,2026-08-04,ABTS,1.03,1.03,-0.0,-1.0
2026-08-04,2026-08-05,ENSC,0.3031,0.32,5.58,4.58
2026-08-04,2026-08-05,NUWE,1.76,1.79,1.7,0.7
2026-08-04,2026-08-05,AAOZ,12.47,12.79,2.57,1.57
2026-08-04,2026-08-05,NVOX,14.01,13.52,-3.5,-4.5
2026-08-04,2026-08-05,DXST,2.4413,2.41,-1.28,-2.28
2026-08-05,2026-08-06,GTE,9.1495,9.42,2.96,1.96
2026-08-05,2026-08-06,CLRO,6.9905,11.7499,68.08,67.08
2026-08-05,2026-08-06,VMAR,0.6465,0.619,-4.25,-5.25
2026-08-05,2026-08-06,SHPU,16.79,16.5,-1.73,-2.73
2026-08-05,2026-08-06,VNRX,0.78,0.785,0.64,-0.36
2026-08-06,2026-08-07,ASPN,7.03,7.04,0.14,-0.86
2026-08-06,2026-08-07,AHCO,6.06,6.03,-0.5,-1.5
2026-08-07,2026-08-10,HCWC,0.2469,0.256,3.69,2.69
2026-08-07,2026-08-10,WFF,2.09,2.14,2.39,1.39
2026-08-07,2026-08-10,AZI,1.4979,1.46,-2.53,-3.53
2026-08-07,2026-08-10,AQB,1.07,1.14,6.54,5.54
2026-08-07,2026-08-10,SAGT,0.7401,0.745,0.66,-0.34
2026-08-10,2026-08-11,SLN,16.2,16.01,-1.17,-2.17
2026-08-10,2026-08-11,AUUD,1.18,1.3,10.17,9.17
2026-08-10,2026-08-11,SION,4.44,4.5,1.35,0.35
2026-08-10,2026-08-11,HUDI,0.8265,0.802,-2.96,-3.96
2026-08-10,2026-08-11,LRHC,0.7,0.7056,0.8,-0.2
2026-08-11,2026-08-12,FRTT,1.11,1.0899,-1.81,-2.81
2026-08-11,2026-08-12,WYHG,6.7513,6.32,-6.39,-7.39
2026-08-11,2026-08-12,OPFI,6.6,6.65,0.76,-0.24
2026-08-11,2026-08-12,WAFU,1.504,1.47,-2.26,-3.26
2026-08-11,2026-08-12,PAL,5.11,5.2,1.76,0.76
2026-08-12,2026-08-13,RMCF,1.31,1.34,2.29,1.29
2026-08-12,2026-08-13,SLN,14.29,13.86,-3.01,-4.01
2026-08-12,2026-08-13,NCMI,2.2604,2.24,-0.9,-1.9
2026-08-12,2026-08-13,WXM,4.4172,4.46,0.97,-0.03
2026-08-13,2026-08-14,DFSC,2.16,2.64,22.22,21.22
2026-08-13,2026-08-14,AKAN,8.97,7.85,-12.49,-13.49
2026-08-13,2026-08-14,AMAU,15.73,15.4,-2.1,-3.1
2026-08-13,2026-08-14,HUMA,0.5843,0.5729,-1.95,-2.95
2026-08-13,2026-08-14,BTTC,0.57,0.57,-0.0,-1.0
2026-08-14,2026-08-17,CAPR,6.65,6.88,3.46,2.46
2026-08-14,2026-08-17,OTLK,0.7907,0.7916,0.11,-0.89
2026-08-14,2026-08-17,CGTL,3.93,4.0,1.78,0.78
2026-08-14,2026-08-17,IDN,2.87,2.92,1.74,0.74
2026-08-14,2026-08-17,IVDA,0.361,0.405,12.19,11.19
